lfp_uid,epoch,n_trials,n_samples_per_epoch
monkeyM_session-o080326006-9_lfp-1,movement,40,1000
monkeyM_session-o080327001-7_lfp-1,movement,98,1000
monkeyM_session-o080403001-7_lfp-1,movement,101,1000
monkeyM_session-o080403001-7_lfp-2,movement,101,1000
monkeyM_session-o080403009-14_lfp-1,movement,117,1000
monkeyM_session-o080403009-14_lfp-2,movement,117,1000
monkeyM_session-o080403015-20_lfp-1,movement,81,1000
monkeyM_session-o080403015-20_lfp-2,movement,81,1000
monkeyM_session-o080404002-6_lfp-1,movement,91,1000
monkeyM_session-o080404002-6_lfp-2,movement,91,1000
monkeyM_session-o080404007-12_lfp-1,movement,105,1000
monkeyM_session-o080404013-18_lfp-1,movement,86,1000
monkeyM_session-o080408001-4_lfp-1,movement,88,1000
monkeyM_session-o080410001-7_lfp-1,movement,118,1000
monkeyM_session-o080410001-7_lfp-2,movement,118,1000
monkeyM_session-o080410008-13_lfp-1,movement,120,1000
monkeyM_session-o080410008-13_lfp-2,movement,120,1000
monkeyM_session-o080410017-23_lfp-1,movement,98,1000
monkeyM_session-o080410017-23_lfp-2,movement,98,1000
monkeyM_session-o080411001-6_lfp-2,movement,97,1000
monkeyM_session-o080411001-6_lfp-4,movement,97,1000
monkeyM_session-o080411007-14_lfp-1,movement,86,1000
monkeyM_session-o080415001-7_lfp-1,movement,89,1000
monkeyM_session-o080415008-14_lfp-1,movement,100,1000
monkeyM_session-o080416002-18_lfp-1,movement,289,1000
monkeyM_session-o080416002-18_lfp-2,movement,289,1000
monkeyM_session-o080417003-14_lfp-1,movement,259,1000
monkeyM_session-o080417003-14_lfp-4,movement,259,1000
monkeyM_session-o080422011-21_lfp-2,movement,263,1000
monkeyM_session-o080423001-5_lfp-6,movement,214,1000
monkeyM_session-o080423001-5_lfp-8,movement,214,1000
monkeyM_session-o080424002-11_lfp-1,movement,241,1000
monkeyM_session-o080424012-22_lfp-1,movement,284,1000
monkeyM_session-o080425003-12_lfp-1,movement,241,1000
monkeyM_session-o080425013-21_lfp-1,movement,168,1000
monkeyM_session-o080429002-7_lfp-2,movement,250,1000
monkeyM_session-o080429011-12_lfp-2,movement,101,1000
monkeyM_session-o080430002-12_lfp-1,movement,250,1000
monkeyM_session-o080430013-23_lfp-1,movement,254,1000
monkeyM_session-o080430013-23_lfp-2,movement,254,1000
monkeyM_session-o080501001-6_lfp-1,movement,146,1000
monkeyM_session-o080501018-21_lfp-6,movement,103,1000
monkeyM_session-o080501018-21_lfp-7,movement,103,1000
monkeyM_session-o080506002-22_lfp-1,movement,410,1000
monkeyM_session-o080506002-22_lfp-2,movement,410,1000
monkeyM_session-o080507002-11_lfp-1,movement,242,1000
monkeyM_session-o080507012-23_lfp-1,movement,233,1000
monkeyM_session-o080507012-23_lfp-2,movement,233,1000
monkeyM_session-o080509001-9_lfp-1,movement,227,1000
monkeyM_session-o080509010-19_lfp-1,movement,232,1000
monkeyM_session-o080513001-9_lfp-1,movement,224,1000
monkeyM_session-o080513001-9_lfp-2,movement,224,1000
monkeyM_session-o080513010-18_lfp-1,movement,225,1000
monkeyM_session-o080513010-18_lfp-2,movement,225,1000
monkeyM_session-o080514007-17_lfp-1,movement,198,1000
monkeyM_session-o080515002-11_lfp-1,movement,245,1000
monkeyM_session-o080515002-11_lfp-2,movement,245,1000
monkeyM_session-o080515012-24_lfp-1,movement,292,1000
monkeyM_session-o080515012-24_lfp-2,movement,292,1000
monkeyM_session-o080516002-14_lfp-1,movement,167,1000
monkeyM_session-o080516002-14_lfp-4,movement,167,1000
monkeyM_session-o080516015-26_lfp-5,movement,155,1000
monkeyM_session-o080520001-6_lfp-2,movement,101,1000
monkeyM_session-o080520001-6_lfp-4,movement,101,1000
monkeyM_session-o080520007-14_lfp-2,movement,53,1000
monkeyM_session-o080520007-14_lfp-4,movement,53,1000
monkeyM_session-o080521001-5_lfp-1,movement,66,1000
monkeyM_session-o080521006-9_lfp-1,movement,86,1000
monkeyM_session-o080521010-13_lfp-2,movement,122,1000
monkeyM_session-o080521010-13_lfp-5,movement,122,1000
monkeyM_session-o080521014-17_lfp-1,movement,115,1000
monkeyM_session-o080521014-17_lfp-2,movement,115,1000
monkeyM_session-o080522001-4_lfp-1,movement,97,1000
monkeyM_session-o080522001-4_lfp-2,movement,97,1000
monkeyM_session-o080522005-11_lfp-1,movement,236,1000
monkeyM_session-o080522005-11_lfp-2,movement,236,1000
monkeyM_session-o080522012-21_lfp-1,movement,282,1000
monkeyM_session-o080522012-21_lfp-2,movement,282,1000
monkeyM_session-o080523010-18_lfp-4,movement,187,1000
monkeyM_session-o080523010-18_lfp-8,movement,187,1000
monkeyM_session-o080527001-5_lfp-1,movement,119,1000
monkeyM_session-o080527001-5_lfp-2,movement,119,1000
monkeyM_session-o080527006-16_lfp-1,movement,290,1000
monkeyM_session-o080527006-16_lfp-2,movement,290,1000
monkeyM_session-o080528001-5_lfp-1,movement,86,1000
monkeyM_session-o080528006-15_lfp-2,movement,242,1000
monkeyM_session-o080528006-15_lfp-4,movement,242,1000
monkeyM_session-o080528016-25_lfp-2,movement,192,1000
monkeyM_session-o080528016-25_lfp-4,movement,192,1000
monkeyM_session-o080710002-4_lfp-5,movement,96,1000
monkeyM_session-o080710002-4_lfp-6,movement,96,1000
monkeyM_session-o080710006-11_lfp-5,movement,239,1000
monkeyM_session-o080710006-11_lfp-6,movement,239,1000
monkeyM_session-o080710012-14_lfp-5,movement,120,1000
monkeyM_session-o080711002-7_lfp-6,movement,234,1000
monkeyM_session-o080711002-7_lfp-8,movement,234,1000
monkeyM_session-o080711008-12_lfp-5,movement,198,1000
monkeyM_session-o080718002-4_lfp-5,movement,104,1000
monkeyM_session-o080718002-4_lfp-6,movement,104,1000
monkeyM_session-o080718005-9_lfp-5,movement,191,1000
monkeyM_session-o080718005-9_lfp-8,movement,191,1000
monkeyM_session-o080722004-9_lfp-5,movement,193,1000
monkeyM_session-o080723001-3_lfp-5,movement,99,1000
monkeyM_session-o080723001-3_lfp-6,movement,99,1000
monkeyM_session-o080723006-11_lfp-5,movement,292,1000
monkeyM_session-o080723006-11_lfp-7,movement,292,1000
monkeyM_session-o080723012-14_lfp-5,movement,97,1000
monkeyM_session-o080723012-14_lfp-6,movement,97,1000
monkeyM_session-o080724001-3_lfp-5,movement,109,1000
monkeyM_session-o080724004-9_lfp-5,movement,241,1000
monkeyM_session-o080724004-9_lfp-7,movement,241,1000
monkeyM_session-o080731001-2_lfp-5,movement,60,1000
monkeyM_session-o080731001-2_lfp-6,movement,60,1000
monkeyM_session-o080731003-10_lfp-6,movement,247,1000
monkeyM_session-o080731011-18_lfp-6,movement,207,1000
monkeyM_session-o080801001-7_lfp-5,movement,275,1000
monkeyM_session-o080801001-7_lfp-6,movement,275,1000
monkeyM_session-o080801008-10_lfp-5,movement,122,1000
monkeyM_session-o080801008-10_lfp-7,movement,122,1000
monkeyM_session-o080801011-14_lfp-7,movement,147,1000
monkeyM_session-o080806001-5_lfp-7,movement,169,1000
monkeyM_session-o080807001-3_lfp-5,movement,105,1000
monkeyM_session-o080807004-6_lfp-5,movement,132,1000
monkeyM_session-o080808001-5_lfp-5,movement,209,1000
monkeyM_session-o080808001-5_lfp-6,movement,209,1000
monkeyM_session-o080808006-12_lfp-5,movement,280,1000
monkeyM_session-o080808006-12_lfp-6,movement,280,1000
monkeyM_session-o080828001-6_lfp-5,movement,252,1000
monkeyM_session-o080828001-6_lfp-6,movement,252,1000
monkeyM_session-o080828007-12_lfp-5,movement,204,1000
monkeyM_session-o080829001-5_lfp-5,movement,242,1000
monkeyM_session-o080829006-8_lfp-5,movement,118,1000
monkeyM_session-o080903002-5_lfp-5,movement,122,1000
monkeyM_session-o080903002-5_lfp-7,movement,122,1000
monkeyM_session-o080903006-12_lfp-5,movement,209,1000
monkeyM_session-o080903006-12_lfp-7,movement,209,1000
monkeyM_session-o080904001-7_lfp-5,movement,205,1000
monkeyM_session-o080904001-7_lfp-6,movement,205,1000
monkeyM_session-o080904008-14_lfp-5,movement,191,1000
monkeyM_session-o080904008-14_lfp-6,movement,191,1000
monkeyM_session-o080905001-6_lfp-5,movement,286,1000
monkeyM_session-o080905008-11_lfp-5,movement,76,1000
monkeyM_session-o080905008-11_lfp-6,movement,76,1000
monkeyM_session-o080910001-5_lfp-5,movement,193,1000
monkeyM_session-o080910001-5_lfp-7,movement,193,1000
monkeyM_session-o080910006-11_lfp-5,movement,241,1000
monkeyM_session-o080910006-11_lfp-7,movement,241,1000
monkeyM_session-o080911001-5_lfp-5,movement,249,1000
monkeyM_session-o080911001-5_lfp-6,movement,249,1000
monkeyM_session-o080911006-11_lfp-5,movement,237,1000
monkeyM_session-o080911006-11_lfp-6,movement,237,1000
monkeyM_session-o080912004-7_lfp-5,movement,152,1000
monkeyM_session-o080912008-13_lfp-5,movement,190,1000
monkeyM_session-o080912008-13_lfp-6,movement,190,1000
monkeyM_session-o080917001-8_lfp-5,movement,206,1000
monkeyM_session-o080917001-8_lfp-6,movement,206,1000
monkeyM_session-o080918001-5_lfp-5,movement,243,1000
monkeyM_session-o080918001-5_lfp-6,movement,243,1000
monkeyM_session-o080918006-11_lfp-5,movement,210,1000
monkeyM_session-o080919001-6_lfp-5,movement,274,1000
monkeyM_session-o080919001-6_lfp-7,movement,274,1000
monkeyM_session-o080919007-12_lfp-5,movement,268,1000
monkeyM_session-o080919007-12_lfp-7,movement,268,1000
monkeyM_session-o080925002-6_lfp-6,movement,222,1000
monkeyM_session-o080925002-6_lfp-7,movement,222,1000
monkeyM_session-o080925007-12_lfp-6,movement,284,1000
monkeyM_session-o080925007-12_lfp-7,movement,284,1000
monkeyM_session-o080926001-6_lfp-5,movement,219,1000
monkeyM_session-o080926007-11_lfp-5,movement,232,1000
monkeyM_session-o080926007-11_lfp-6,movement,232,1000
monkeyM_session-o080930001-5_lfp-1,movement,226,1000
monkeyM_session-o081001001-12_lfp-1,movement,239,1000
monkeyM_session-o081001001-12_lfp-3,movement,239,1000
monkeyM_session-o081001013-26_lfp-1,movement,280,1000
monkeyM_session-o081001013-26_lfp-3,movement,280,1000
monkeyM_session-o081002010-22_lfp-2,movement,227,1000
monkeyM_session-o081002023-28_lfp-3,movement,84,1000
monkeyM_session-o081003003-14_lfp-1,movement,238,1000
monkeyM_session-o081003003-14_lfp-2,movement,238,1000
monkeyM_session-o081003015-26_lfp-1,movement,236,1000
monkeyM_session-o081003015-26_lfp-2,movement,236,1000
monkeyM_session-o081008001-15_lfp-1,movement,224,1000
monkeyM_session-o081008001-15_lfp-2,movement,224,1000
monkeyM_session-o081028001-12_lfp-4,movement,203,1000
monkeyM_session-o081028013-20_lfp-1,movement,135,1000
monkeyM_session-o081028021-26_lfp-1,movement,106,1000
monkeyM_session-o081029001-11_lfp-3,movement,183,1000
monkeyM_session-o081029012-25_lfp-3,movement,192,1000
monkeyM_session-o081029012-25_lfp-4,movement,192,1000
monkeyM_session-o081031013-23_lfp-1,movement,393,1000
monkeyM_session-o081031013-23_lfp-3,movement,393,1000
monkeyM_session-o081031024-27_lfp-1,movement,84,1000
monkeyM_session-o081106010-15_lfp-3,movement,189,1000
monkeyM_session-o081106010-15_lfp-5,movement,189,1000
monkeyM_session-o081106016-19_lfp-3,movement,115,1000
monkeyM_session-o081106016-19_lfp-5,movement,115,1000
monkeyM_session-o081107007-13_lfp-1,movement,249,1000
monkeyM_session-o081107007-13_lfp-2,movement,249,1000
monkeyM_session-o081113002-9_lfp-1,movement,248,1000
monkeyM_session-o081113002-9_lfp-2,movement,248,1000
monkeyM_session-o081113011-13_lfp-1,movement,121,1000
monkeyM_session-o081113011-13_lfp-2,movement,121,1000
monkeyM_session-o081113014-16_lfp-1,movement,92,1000
monkeyM_session-o081113014-16_lfp-2,movement,92,1000
monkeyM_session-o081118001-3_lfp-1,movement,90,1000
monkeyM_session-o081118001-3_lfp-2,movement,90,1000
monkeyM_session-o081118004-5_lfp-1,movement,86,1000
monkeyM_session-o081118008-10_lfp-1,movement,85,1000
monkeyM_session-o081127010-14_lfp-1,movement,228,1000
monkeyM_session-o081202001-7_lfp-2,movement,238,1000
monkeyM_session-o081202001-7_lfp-4,movement,238,1000
monkeyM_session-o081202008-11_lfp-2,movement,167,1000
monkeyM_session-o081202012-14_lfp-2,movement,135,1000
monkeyM_session-o081202012-14_lfp-4,movement,135,1000
monkeyT_session-y070130005-13_lfp-1,movement,253,1000
monkeyT_session-y070130005-13_lfp-2,movement,253,1000
monkeyT_session-y070201001-6_lfp-1,movement,187,1000
monkeyT_session-y070201009-11_lfp-1,movement,107,1000
monkeyT_session-y070201009-11_lfp-2,movement,107,1000
monkeyT_session-y070202001-7_lfp-1,movement,258,1000
monkeyT_session-y070202009-16_lfp-1,movement,140,1000
monkeyT_session-y070202017-23_lfp-1,movement,87,1000
monkeyT_session-y070206006-12_lfp-1,movement,316,1000
monkeyT_session-y070207001-3_lfp-1,movement,113,1000
monkeyT_session-y070207001-3_lfp-2,movement,113,1000
monkeyT_session-y070207004-11_lfp-1,movement,329,1000
monkeyT_session-y070207004-11_lfp-2,movement,329,1000
monkeyT_session-y070207012-19_lfp-1,movement,264,1000
monkeyT_session-y070207012-19_lfp-2,movement,264,1000
monkeyT_session-y070208003-8_lfp-1,movement,283,1000
monkeyT_session-y070208003-8_lfp-2,movement,283,1000
monkeyT_session-y070209004-10_lfp-1,movement,312,1000
monkeyT_session-y070209004-10_lfp-2,movement,312,1000
monkeyT_session-y070213003-8_lfp-1,movement,298,1000
monkeyT_session-y070214006-11_lfp-2,movement,265,1000
monkeyT_session-y070214012-17_lfp-2,movement,258,1000
monkeyT_session-y070214018-19_lfp-1,movement,90,1000
monkeyT_session-y070214018-19_lfp-2,movement,90,1000
monkeyT_session-y070214020-23_lfp-1,movement,110,1000
monkeyT_session-y070214020-23_lfp-2,movement,111,1000
monkeyT_session-y070215001-4_lfp-1,movement,161,1000
monkeyT_session-y070215001-4_lfp-2,movement,151,1000
monkeyT_session-y070215005-10_lfp-1,movement,264,1000
monkeyT_session-y070215005-10_lfp-2,movement,264,1000
monkeyT_session-y070215011-16_lfp-1,movement,234,1000
monkeyT_session-y070215011-16_lfp-2,movement,234,1000
monkeyT_session-y070215017-21_lfp-2,movement,182,1000
monkeyT_session-y070215017-21_lfp-4,movement,113,1000
monkeyT_session-y070228001-5_lfp-8,movement,216,1000
monkeyT_session-y070301002-6_lfp-8,movement,264,1000
monkeyT_session-y070301012-19_lfp-7,movement,359,1000
monkeyT_session-y070306001-5_lfp-5,movement,203,1000
monkeyT_session-y070306001-5_lfp-7,movement,203,1000
monkeyT_session-y070306006-11_lfp-5,movement,217,1000
monkeyT_session-y070306006-11_lfp-7,movement,217,1000
monkeyT_session-y070307002-6_lfp-5,movement,258,1000
monkeyT_session-y070307008-13_lfp-5,movement,277,1000
monkeyT_session-y070307014-16_lfp-5,movement,133,1000
monkeyT_session-y070308002-6_lfp-6,movement,255,1000
monkeyT_session-y070308014-17_lfp-5,movement,156,1000
monkeyT_session-y070312001-5_lfp-7,movement,265,1000
monkeyT_session-y070312001-5_lfp-8,movement,265,1000
monkeyT_session-y070312011-14_lfp-7,movement,160,1000
monkeyT_session-y070312011-14_lfp-8,movement,160,1000
monkeyT_session-y070314001-8_lfp-5,movement,213,1000
monkeyT_session-y070314001-8_lfp-7,movement,213,1000
monkeyT_session-y070315003-8_lfp-5,movement,253,1000
monkeyT_session-y070315003-8_lfp-6,movement,253,1000
monkeyT_session-y070315003-8_lfp-8,movement,253,1000
monkeyT_session-y070315009-14_lfp-5,movement,281,1000
monkeyT_session-y070315009-14_lfp-6,movement,281,1000
monkeyT_session-y070315009-14_lfp-7,movement,281,1000
monkeyT_session-y070315015-17_lfp-6,movement,142,1000
monkeyT_session-y070315015-17_lfp-7,movement,142,1000
monkeyT_session-y070316001-4_lfp-7,movement,256,1000
monkeyT_session-y070316001-4_lfp-8,movement,257,1000
monkeyT_session-y070316006-8_lfp-7,movement,273,1000
monkeyT_session-y070316006-8_lfp-8,movement,270,1000
monkeyT_session-y070316009-12_lfp-7,movement,404,1000
monkeyT_session-y070316009-12_lfp-8,movement,404,1000
monkeyT_session-y070412002-3_lfp-7,movement,88,1000
monkeyT_session-y070412004-6_lfp-5,movement,130,1000
monkeyT_session-y070412004-6_lfp-6,movement,130,1000
monkeyT_session-y070412004-6_lfp-7,movement,130,1000
monkeyT_session-y070412007-9_lfp-5,movement,124,1000
monkeyT_session-y070412007-9_lfp-6,movement,124,1000
monkeyT_session-y070412010-15_lfp-5,movement,270,1000
monkeyT_session-y070412010-15_lfp-6,movement,270,1000
monkeyT_session-y070412010-15_lfp-7,movement,270,1000
monkeyT_session-y070412010-15_lfp-8,movement,268,1000
monkeyT_session-y070412017-19_lfp-5,movement,90,1000
monkeyT_session-y070412017-19_lfp-6,movement,90,1000
monkeyT_session-y070412017-19_lfp-7,movement,90,1000
monkeyT_session-y070412017-19_lfp-8,movement,90,1000
monkeyT_session-y070413002-8_lfp-6,movement,301,1000
monkeyT_session-y070413009-13_lfp-5,movement,254,1000
monkeyT_session-y070413009-13_lfp-6,movement,254,1000
monkeyT_session-y070413009-13_lfp-7,movement,254,1000
monkeyT_session-y070413009-13_lfp-8,movement,254,1000
monkeyT_session-y070416003-7_lfp-5,movement,255,1000
monkeyT_session-y070416003-7_lfp-6,movement,255,1000
monkeyT_session-y070416009-13_lfp-5,movement,253,1000
monkeyT_session-y070416009-13_lfp-6,movement,253,1000
monkeyT_session-y070419002-5_lfp-5,movement,252,1000
monkeyT_session-y070419002-5_lfp-7,movement,252,1000
monkeyT_session-y070419007-8_lfp-5,movement,125,1000
monkeyT_session-y070419007-8_lfp-7,movement,125,1000
monkeyT_session-y070420002-5_lfp-5,movement,259,1000
monkeyT_session-y070420002-5_lfp-8,movement,259,1000
monkeyT_session-y070420006-10_lfp-5,movement,259,1000
monkeyT_session-y070420006-10_lfp-7,movement,259,1000
monkeyT_session-y070423002-6_lfp-5,movement,256,1000
monkeyT_session-y070423002-6_lfp-6,movement,256,1000
monkeyT_session-y070423008-14_lfp-5,movement,257,1000
monkeyT_session-y070423008-14_lfp-7,movement,255,1000
monkeyT_session-y070424001-6_lfp-5,movement,262,1000
monkeyT_session-y070424001-6_lfp-6,movement,262,1000
monkeyT_session-y070424001-6_lfp-7,movement,262,1000
monkeyT_session-y070424001-6_lfp-8,movement,262,1000
monkeyT_session-y070424007-15_lfp-5,movement,358,1000
monkeyT_session-y070424007-15_lfp-8,movement,324,1000
monkeyT_session-y070425001-6_lfp-6,movement,318,1000
monkeyT_session-y070425001-6_lfp-8,movement,315,1000
monkeyT_session-y070425007-12_lfp-5,movement,300,1000
monkeyT_session-y070425007-12_lfp-6,movement,294,1000
monkeyT_session-y070425007-12_lfp-7,movement,300,1000
monkeyT_session-y070425007-12_lfp-8,movement,300,1000
monkeyT_session-y070426001-5_lfp-5,movement,257,1000
monkeyT_session-y070426006-13_lfp-7,movement,277,1000
monkeyT_session-y070426006-13_lfp-8,movement,277,1000
monkeyT_session-y070502002-7_lfp-6,movement,284,1000
monkeyT_session-y070502002-7_lfp-7,movement,284,1000
monkeyT_session-y070502008-15_lfp-5,movement,266,1000
monkeyT_session-y070502008-15_lfp-6,movement,266,1000
monkeyT_session-y070502008-15_lfp-7,movement,266,1000
monkeyT_session-y070502008-15_lfp-8,movement,266,1000
monkeyT_session-y070503001-7_lfp-5,movement,307,1000
monkeyT_session-y070503001-7_lfp-6,movement,307,1000
monkeyT_session-y070503011-16_lfp-5,movement,261,1000
monkeyT_session-y070503011-16_lfp-6,movement,261,1000
monkeyT_session-y070503011-16_lfp-8,movement,260,1000
