lfp_uid,monkey,session_id,lfp_id,epoch_for_selection,status,n_trials_used,n_samples_per_epoch,torus_tau,torus_tau_ms,tau_method,robust_peak_count,selected_mode_count_K,torus_embedding_dim,embedding_dim_method,included_peak_frequencies_hz,dominant_peak_hz,embedding_adjustment,torus_param_source,torus_param_id
monkeyM_session-o080326006-9_lfp-1,M,o080326006-9,1,movement,ok,40,1000,20,20.0,ami_first_local_minimum,3,3,7,psd_peak_count,"5.0, 21.0, 34.0",5.0,,pertrace_unsupervised_movement_signal,pertrace_tau20_embed7
monkeyM_session-o080327001-7_lfp-1,M,o080327001-7,1,movement,ok,98,1000,19,19.0,ami_first_local_minimum,3,3,7,psd_peak_count,"5.0, 17.0, 35.0",5.0,,pertrace_unsupervised_movement_signal,pertrace_tau19_embed7
monkeyM_session-o080403001-7_lfp-1,M,o080403001-7,1,movement,ok,101,1000,13,13.0,ami_first_local_minimum,4,4,9,psd_peak_count,"6.0, 21.0, 35.0, 47.0",6.0,,pertrace_unsupervised_movement_signal,pertrace_tau13_embed9
monkeyM_session-o080403001-7_lfp-2,M,o080403001-7,2,movement,ok,101,1000,13,13.0,ami_first_local_minimum,4,4,9,psd_peak_count,"6.0, 22.0, 37.0, 47.0",6.0,,pertrace_unsupervised_movement_signal,pertrace_tau13_embed9
monkeyM_session-o080403009-14_lfp-1,M,o080403009-14,1,movement,ok,117,1000,15,15.0,ami_first_local_minimum,3,3,7,psd_peak_count,"5.0, 20.0, 35.0",5.0,,pertrace_unsupervised_movement_signal,pertrace_tau15_embed7
monkeyM_session-o080403009-14_lfp-2,M,o080403009-14,2,movement,ok,117,1000,8,8.0,ami_first_local_minimum,4,4,9,psd_peak_count,"5.0, 22.0, 35.0, 47.0",5.0,,pertrace_unsupervised_movement_signal,pertrace_tau8_embed9
monkeyM_session-o080403015-20_lfp-1,M,o080403015-20,1,movement,ok,81,1000,17,17.0,ami_first_local_minimum,3,3,7,psd_peak_count,"6.0, 21.0, 36.0",6.0,,pertrace_unsupervised_movement_signal,pertrace_tau17_embed7
monkeyM_session-o080403015-20_lfp-2,M,o080403015-20,2,movement,ok,81,1000,14,14.0,ami_first_local_minimum,5,4,9,capped_at_4_modes,"6.0, 20.0, 33.0, 42.0, 47.0",6.0,,pertrace_unsupervised_movement_signal,pertrace_tau14_embed9
monkeyM_session-o080404002-6_lfp-1,M,o080404002-6,1,movement,ok,91,1000,16,16.0,ami_first_local_minimum,3,3,7,psd_peak_count,"6.0, 18.0, 34.0",6.0,,pertrace_unsupervised_movement_signal,pertrace_tau16_embed7
monkeyM_session-o080404002-6_lfp-2,M,o080404002-6,2,movement,ok,91,1000,14,14.0,ami_first_local_minimum,3,3,7,psd_peak_count,"5.0, 22.0, 47.0",5.0,,pertrace_unsupervised_movement_signal,pertrace_tau14_embed7
monkeyM_session-o080404007-12_lfp-1,M,o080404007-12,1,movement,ok,105,1000,14,14.0,ami_first_local_minimum,3,3,7,psd_peak_count,"5.0, 19.0, 35.0",5.0,,pertrace_unsupervised_movement_signal,pertrace_tau14_embed7
monkeyM_session-o080404013-18_lfp-1,M,o080404013-18,1,movement,ok,86,1000,15,15.0,ami_first_local_minimum,4,4,9,psd_peak_count,"5.0, 22.0, 35.0, 47.0",5.0,,pertrace_unsupervised_movement_signal,pertrace_tau15_embed9
monkeyM_session-o080408001-4_lfp-1,M,o080408001-4,1,movement,ok,88,1000,15,15.0,ami_first_local_minimum,4,4,9,psd_peak_count,"4.0, 18.0, 36.0, 47.0",4.0,,pertrace_unsupervised_movement_signal,pertrace_tau15_embed9
monkeyM_session-o080410001-7_lfp-1,M,o080410001-7,1,movement,ok,118,1000,11,11.0,ami_first_local_minimum,1,1,3,psd_peak_count,33.0,33.0,,pertrace_unsupervised_movement_signal,pertrace_tau11_embed3
monkeyM_session-o080410001-7_lfp-2,M,o080410001-7,2,movement,ok,118,1000,11,11.0,ami_first_local_minimum,1,1,3,psd_peak_count,33.0,33.0,,pertrace_unsupervised_movement_signal,pertrace_tau11_embed3
monkeyM_session-o080410008-13_lfp-1,M,o080410008-13,1,movement,ok,120,1000,10,10.0,ami_first_local_minimum,1,1,3,psd_peak_count,34.0,34.0,,pertrace_unsupervised_movement_signal,pertrace_tau10_embed3
monkeyM_session-o080410008-13_lfp-2,M,o080410008-13,2,movement,ok,120,1000,12,12.0,ami_first_local_minimum,1,1,3,psd_peak_count,34.0,34.0,,pertrace_unsupervised_movement_signal,pertrace_tau12_embed3
monkeyM_session-o080410017-23_lfp-1,M,o080410017-23,1,movement,ok,98,1000,10,10.0,ami_first_local_minimum,1,1,3,psd_peak_count,34.0,34.0,,pertrace_unsupervised_movement_signal,pertrace_tau10_embed3
monkeyM_session-o080410017-23_lfp-2,M,o080410017-23,2,movement,ok,98,1000,11,11.0,ami_first_local_minimum,1,1,3,psd_peak_count,34.0,34.0,,pertrace_unsupervised_movement_signal,pertrace_tau11_embed3
monkeyM_session-o080411001-6_lfp-2,M,o080411001-6,2,movement,ok,97,1000,17,17.0,ami_first_local_minimum,3,3,7,psd_peak_count,"4.0, 17.0, 37.0",4.0,,pertrace_unsupervised_movement_signal,pertrace_tau17_embed7
monkeyM_session-o080411001-6_lfp-4,M,o080411001-6,4,movement,ok,97,1000,17,17.0,ami_first_local_minimum,3,3,7,psd_peak_count,"4.0, 25.0, 36.0",4.0,,pertrace_unsupervised_movement_signal,pertrace_tau17_embed7
monkeyM_session-o080411007-14_lfp-1,M,o080411007-14,1,movement,ok,86,1000,17,17.0,ami_first_local_minimum,4,4,9,psd_peak_count,"5.0, 18.0, 22.0, 36.0",5.0,,pertrace_unsupervised_movement_signal,pertrace_tau17_embed9
monkeyM_session-o080415001-7_lfp-1,M,o080415001-7,1,movement,ok,89,1000,16,16.0,ami_first_local_minimum,3,3,7,psd_peak_count,"17.0, 29.0, 44.0",17.0,,pertrace_unsupervised_movement_signal,pertrace_tau16_embed7
monkeyM_session-o080415008-14_lfp-1,M,o080415008-14,1,movement,ok,100,1000,19,19.0,ami_first_local_minimum,2,2,5,psd_peak_count,"17.0, 29.0",17.0,,pertrace_unsupervised_movement_signal,pertrace_tau19_embed5
monkeyM_session-o080416002-18_lfp-1,M,o080416002-18,1,movement,ok,289,1000,60,60.0,ami_first_local_minimum,3,3,7,psd_peak_count,"5.0, 22.0, 37.0",5.0,,pertrace_unsupervised_movement_signal,pertrace_tau60_embed7
monkeyM_session-o080416002-18_lfp-2,M,o080416002-18,2,movement,ok,289,1000,52,52.0,ami_first_local_minimum,4,4,9,psd_peak_count,"5.0, 21.0, 33.0, 47.0",5.0,,pertrace_unsupervised_movement_signal,pertrace_tau52_embed9
monkeyM_session-o080417003-14_lfp-1,M,o080417003-14,1,movement,ok,259,1000,10,10.0,ami_first_local_minimum,3,3,7,psd_peak_count,"17.0, 33.0, 47.0",17.0,,pertrace_unsupervised_movement_signal,pertrace_tau10_embed7
monkeyM_session-o080417003-14_lfp-4,M,o080417003-14,4,movement,ok,259,1000,11,11.0,ami_first_local_minimum,4,4,9,psd_peak_count,"5.0, 17.0, 33.0, 47.0",5.0,,pertrace_unsupervised_movement_signal,pertrace_tau11_embed9
monkeyM_session-o080422011-21_lfp-2,M,o080422011-21,2,movement,ok,263,1000,29,29.0,ami_first_local_minimum,3,3,7,psd_peak_count,"16.0, 30.0, 53.0",16.0,,pertrace_unsupervised_movement_signal,pertrace_tau29_embed7
monkeyM_session-o080423001-5_lfp-6,M,o080423001-5,6,movement,ok,214,1000,41,41.0,ami_first_local_minimum,3,3,7,psd_peak_count,"5.0, 19.0, 33.0",5.0,,pertrace_unsupervised_movement_signal,pertrace_tau41_embed7
monkeyM_session-o080423001-5_lfp-8,M,o080423001-5,8,movement,ok,214,1000,41,41.0,ami_first_local_minimum,3,3,7,psd_peak_count,"4.0, 19.0, 32.0",4.0,,pertrace_unsupervised_movement_signal,pertrace_tau41_embed7
monkeyM_session-o080424002-11_lfp-1,M,o080424002-11,1,movement,ok,241,1000,21,21.0,ami_first_local_minimum,3,3,7,psd_peak_count,"6.0, 17.0, 32.0",6.0,,pertrace_unsupervised_movement_signal,pertrace_tau21_embed7
monkeyM_session-o080424012-22_lfp-1,M,o080424012-22,1,movement,ok,284,1000,20,20.0,ami_first_local_minimum,3,3,7,psd_peak_count,"6.0, 17.0, 32.0",6.0,,pertrace_unsupervised_movement_signal,pertrace_tau20_embed7
monkeyM_session-o080425003-12_lfp-1,M,o080425003-12,1,movement,ok,241,1000,21,21.0,ami_first_local_minimum,2,2,5,psd_peak_count,"16.0, 33.0",16.0,,pertrace_unsupervised_movement_signal,pertrace_tau21_embed5
monkeyM_session-o080425013-21_lfp-1,M,o080425013-21,1,movement,ok,168,1000,21,21.0,ami_first_local_minimum,2,2,5,psd_peak_count,"16.0, 33.0",16.0,,pertrace_unsupervised_movement_signal,pertrace_tau21_embed5
monkeyM_session-o080429002-7_lfp-2,M,o080429002-7,2,movement,ok,250,1000,15,15.0,ami_first_local_minimum,3,3,7,psd_peak_count,"5.0, 19.0, 34.0",5.0,,pertrace_unsupervised_movement_signal,pertrace_tau15_embed7
monkeyM_session-o080429011-12_lfp-2,M,o080429011-12,2,movement,ok,101,1000,16,16.0,ami_first_local_minimum,3,3,7,psd_peak_count,"5.0, 18.0, 35.0",5.0,,pertrace_unsupervised_movement_signal,pertrace_tau16_embed7
monkeyM_session-o080430002-12_lfp-1,M,o080430002-12,1,movement,ok,250,1000,16,16.0,ami_first_local_minimum,3,3,7,psd_peak_count,"5.0, 16.0, 34.0",5.0,,pertrace_unsupervised_movement_signal,pertrace_tau16_embed7
monkeyM_session-o080430013-23_lfp-1,M,o080430013-23,1,movement,ok,254,1000,13,13.0,ami_first_local_minimum,3,3,7,psd_peak_count,"5.0, 17.0, 34.0",5.0,,pertrace_unsupervised_movement_signal,pertrace_tau13_embed7
monkeyM_session-o080430013-23_lfp-2,M,o080430013-23,2,movement,ok,254,1000,30,30.0,ami_first_local_minimum,4,4,9,psd_peak_count,"5.0, 17.0, 30.0, 47.0",5.0,,pertrace_unsupervised_movement_signal,pertrace_tau30_embed9
monkeyM_session-o080501001-6_lfp-1,M,o080501001-6,1,movement,ok,146,1000,11,11.0,ami_first_local_minimum,2,2,5,psd_peak_count,"15.0, 34.0",15.0,,pertrace_unsupervised_movement_signal,pertrace_tau11_embed5
monkeyM_session-o080501018-21_lfp-6,M,o080501018-21,6,movement,ok,103,1000,48,48.0,ami_first_local_minimum,3,3,7,psd_peak_count,"5.0, 17.0, 34.0",5.0,,pertrace_unsupervised_movement_signal,pertrace_tau48_embed7
monkeyM_session-o080501018-21_lfp-7,M,o080501018-21,7,movement,ok,103,1000,22,22.0,ami_first_local_minimum,3,3,7,psd_peak_count,"5.0, 17.0, 34.0",5.0,,pertrace_unsupervised_movement_signal,pertrace_tau22_embed7
monkeyM_session-o080506002-22_lfp-1,M,o080506002-22,1,movement,ok,410,1000,11,11.0,ami_first_local_minimum,1,1,3,psd_peak_count,31.0,31.0,,pertrace_unsupervised_movement_signal,pertrace_tau11_embed3
monkeyM_session-o080506002-22_lfp-2,M,o080506002-22,2,movement,ok,410,1000,11,11.0,ami_first_local_minimum,3,3,7,psd_peak_count,"5.0, 16.0, 31.0",5.0,,pertrace_unsupervised_movement_signal,pertrace_tau11_embed7
monkeyM_session-o080507002-11_lfp-1,M,o080507002-11,1,movement,ok,242,1000,17,17.0,ami_first_local_minimum,4,4,9,psd_peak_count,"5.0, 17.0, 29.0, 47.0",5.0,,pertrace_unsupervised_movement_signal,pertrace_tau17_embed9
monkeyM_session-o080507012-23_lfp-1,M,o080507012-23,1,movement,ok,233,1000,17,17.0,ami_first_local_minimum,3,3,7,psd_peak_count,"16.0, 29.0, 47.0",16.0,,pertrace_unsupervised_movement_signal,pertrace_tau17_embed7
monkeyM_session-o080507012-23_lfp-2,M,o080507012-23,2,movement,ok,233,1000,14,14.0,ami_first_local_minimum,2,2,5,psd_peak_count,"17.0, 33.0",17.0,,pertrace_unsupervised_movement_signal,pertrace_tau14_embed5
monkeyM_session-o080509001-9_lfp-1,M,o080509001-9,1,movement,ok,227,1000,40,40.0,ami_first_local_minimum,3,3,7,psd_peak_count,"5.0, 18.0, 36.0",5.0,,pertrace_unsupervised_movement_signal,pertrace_tau40_embed7
monkeyM_session-o080509010-19_lfp-1,M,o080509010-19,1,movement,ok,232,1000,33,33.0,ami_first_local_minimum,3,3,7,psd_peak_count,"5.0, 18.0, 29.0",5.0,,pertrace_unsupervised_movement_signal,pertrace_tau33_embed7
monkeyM_session-o080513001-9_lfp-1,M,o080513001-9,1,movement,ok,224,1000,13,13.0,ami_first_local_minimum,2,2,5,psd_peak_count,"16.0, 32.0",16.0,,pertrace_unsupervised_movement_signal,pertrace_tau13_embed5
monkeyM_session-o080513001-9_lfp-2,M,o080513001-9,2,movement,ok,224,1000,15,15.0,ami_first_local_minimum,1,1,3,psd_peak_count,32.0,32.0,,pertrace_unsupervised_movement_signal,pertrace_tau15_embed3
monkeyM_session-o080513010-18_lfp-1,M,o080513010-18,1,movement,ok,225,1000,15,15.0,ami_first_local_minimum,2,2,5,psd_peak_count,"16.0, 32.0",16.0,,pertrace_unsupervised_movement_signal,pertrace_tau15_embed5
monkeyM_session-o080513010-18_lfp-2,M,o080513010-18,2,movement,ok,225,1000,18,18.0,ami_first_local_minimum,2,2,5,psd_peak_count,"33.0, 53.0",33.0,,pertrace_unsupervised_movement_signal,pertrace_tau18_embed5
monkeyM_session-o080514007-17_lfp-1,M,o080514007-17,1,movement,ok,198,1000,11,11.0,ami_first_local_minimum,3,3,7,psd_peak_count,"17.0, 33.0, 47.0",17.0,,pertrace_unsupervised_movement_signal,pertrace_tau11_embed7
monkeyM_session-o080515002-11_lfp-1,M,o080515002-11,1,movement,ok,245,1000,8,8.0,ami_first_local_minimum,3,3,7,psd_peak_count,"5.0, 32.0, 47.0",5.0,,pertrace_unsupervised_movement_signal,pertrace_tau8_embed7
monkeyM_session-o080515002-11_lfp-2,M,o080515002-11,2,movement,ok,245,1000,14,14.0,ami_first_local_minimum,3,3,7,psd_peak_count,"5.0, 31.0, 47.0",5.0,,pertrace_unsupervised_movement_signal,pertrace_tau14_embed7
monkeyM_session-o080515012-24_lfp-1,M,o080515012-24,1,movement,ok,292,1000,10,10.0,ami_first_local_minimum,3,3,7,psd_peak_count,"17.0, 32.0, 47.0",17.0,,pertrace_unsupervised_movement_signal,pertrace_tau10_embed7
monkeyM_session-o080515012-24_lfp-2,M,o080515012-24,2,movement,ok,292,1000,11,11.0,ami_first_local_minimum,3,3,7,psd_peak_count,"5.0, 32.0, 47.0",5.0,,pertrace_unsupervised_movement_signal,pertrace_tau11_embed7
monkeyM_session-o080516002-14_lfp-1,M,o080516002-14,1,movement,ok,167,1000,17,17.0,ami_first_local_minimum,2,2,5,psd_peak_count,"5.0, 18.0",5.0,,pertrace_unsupervised_movement_signal,pertrace_tau17_embed5
monkeyM_session-o080516002-14_lfp-4,M,o080516002-14,4,movement,ok,167,1000,14,14.0,ami_first_local_minimum,3,3,7,psd_peak_count,"18.0, 34.0, 47.0",18.0,,pertrace_unsupervised_movement_signal,pertrace_tau14_embed7
monkeyM_session-o080516015-26_lfp-5,M,o080516015-26,5,movement,ok,155,1000,18,18.0,ami_first_local_minimum,1,1,3,psd_peak_count,19.0,19.0,,pertrace_unsupervised_movement_signal,pertrace_tau18_embed3
monkeyM_session-o080520001-6_lfp-2,M,o080520001-6,2,movement,ok,101,1000,23,23.0,ami_first_local_minimum,3,3,7,psd_peak_count,"5.0, 17.0, 31.0",5.0,,pertrace_unsupervised_movement_signal,pertrace_tau23_embed7
monkeyM_session-o080520001-6_lfp-4,M,o080520001-6,4,movement,ok,101,1000,16,16.0,ami_first_local_minimum,2,2,5,psd_peak_count,"17.0, 31.0",17.0,,pertrace_unsupervised_movement_signal,pertrace_tau16_embed5
monkeyM_session-o080520007-14_lfp-2,M,o080520007-14,2,movement,ok,53,1000,16,16.0,ami_first_local_minimum,2,2,5,psd_peak_count,"18.0, 31.0",18.0,,pertrace_unsupervised_movement_signal,pertrace_tau16_embed5
monkeyM_session-o080520007-14_lfp-4,M,o080520007-14,4,movement,ok,53,1000,22,22.0,ami_first_local_minimum,2,2,5,psd_peak_count,"18.0, 30.0",18.0,,pertrace_unsupervised_movement_signal,pertrace_tau22_embed5
monkeyM_session-o080521001-5_lfp-1,M,o080521001-5,1,movement,ok,66,1000,16,16.0,ami_first_local_minimum,3,3,7,psd_peak_count,"16.0, 30.0, 53.0",16.0,,pertrace_unsupervised_movement_signal,pertrace_tau16_embed7
monkeyM_session-o080521006-9_lfp-1,M,o080521006-9,1,movement,ok,86,1000,16,16.0,ami_first_local_minimum,3,3,7,psd_peak_count,"16.0, 32.0, 47.0",16.0,,pertrace_unsupervised_movement_signal,pertrace_tau16_embed7
monkeyM_session-o080521010-13_lfp-2,M,o080521010-13,2,movement,ok,122,1000,24,24.0,ami_first_local_minimum,4,4,9,psd_peak_count,"6.0, 16.0, 31.0, 47.0",6.0,,pertrace_unsupervised_movement_signal,pertrace_tau24_embed9
monkeyM_session-o080521010-13_lfp-5,M,o080521010-13,5,movement,ok,122,1000,28,28.0,ami_first_local_minimum,3,3,7,psd_peak_count,"16.0, 30.0, 47.0",16.0,,pertrace_unsupervised_movement_signal,pertrace_tau28_embed7
monkeyM_session-o080521014-17_lfp-1,M,o080521014-17,1,movement,ok,115,1000,14,14.0,ami_first_local_minimum,3,3,7,psd_peak_count,"16.0, 30.0, 47.0",16.0,,pertrace_unsupervised_movement_signal,pertrace_tau14_embed7
monkeyM_session-o080521014-17_lfp-2,M,o080521014-17,2,movement,ok,115,1000,24,24.0,ami_first_local_minimum,4,4,9,psd_peak_count,"5.0, 16.0, 30.0, 47.0",5.0,,pertrace_unsupervised_movement_signal,pertrace_tau24_embed9
monkeyM_session-o080522001-4_lfp-1,M,o080522001-4,1,movement,ok,97,1000,18,18.0,ami_first_local_minimum,4,4,9,psd_peak_count,"5.0, 17.0, 31.0, 47.0",5.0,,pertrace_unsupervised_movement_signal,pertrace_tau18_embed9
monkeyM_session-o080522001-4_lfp-2,M,o080522001-4,2,movement,ok,97,1000,14,14.0,ami_first_local_minimum,4,4,9,psd_peak_count,"6.0, 20.0, 35.0, 47.0",6.0,,pertrace_unsupervised_movement_signal,pertrace_tau14_embed9
monkeyM_session-o080522005-11_lfp-1,M,o080522005-11,1,movement,ok,236,1000,19,19.0,ami_first_local_minimum,2,2,5,psd_peak_count,"17.0, 30.0",17.0,,pertrace_unsupervised_movement_signal,pertrace_tau19_embed5
monkeyM_session-o080522005-11_lfp-2,M,o080522005-11,2,movement,ok,236,1000,30,30.0,ami_first_local_minimum,3,3,7,psd_peak_count,"5.0, 17.0, 30.0",5.0,,pertrace_unsupervised_movement_signal,pertrace_tau30_embed7
monkeyM_session-o080522012-21_lfp-1,M,o080522012-21,1,movement,ok,282,1000,25,25.0,ami_first_local_minimum,2,2,5,psd_peak_count,"17.0, 31.0",17.0,,pertrace_unsupervised_movement_signal,pertrace_tau25_embed5
monkeyM_session-o080522012-21_lfp-2,M,o080522012-21,2,movement,ok,282,1000,18,18.0,ami_first_local_minimum,3,3,7,psd_peak_count,"4.0, 17.0, 32.0",4.0,,pertrace_unsupervised_movement_signal,pertrace_tau18_embed7
monkeyM_session-o080523010-18_lfp-4,M,o080523010-18,4,movement,ok,187,1000,12,12.0,ami_first_local_minimum,3,3,7,psd_peak_count,"17.0, 29.0, 47.0",17.0,,pertrace_unsupervised_movement_signal,pertrace_tau12_embed7
monkeyM_session-o080523010-18_lfp-8,M,o080523010-18,8,movement,ok,187,1000,23,23.0,ami_first_local_minimum,3,3,7,psd_peak_count,"6.0, 17.0, 29.0",6.0,,pertrace_unsupervised_movement_signal,pertrace_tau23_embed7
monkeyM_session-o080527001-5_lfp-1,M,o080527001-5,1,movement,ok,119,1000,24,24.0,ami_first_local_minimum,4,4,9,psd_peak_count,"5.0, 17.0, 31.0, 47.0",5.0,,pertrace_unsupervised_movement_signal,pertrace_tau24_embed9
monkeyM_session-o080527001-5_lfp-2,M,o080527001-5,2,movement,ok,119,1000,15,15.0,ami_first_local_minimum,3,3,7,psd_peak_count,"21.0, 40.0, 47.0",21.0,,pertrace_unsupervised_movement_signal,pertrace_tau15_embed7
monkeyM_session-o080527006-16_lfp-1,M,o080527006-16,1,movement,ok,290,1000,17,17.0,ami_first_local_minimum,2,2,5,psd_peak_count,"17.0, 32.0",17.0,,pertrace_unsupervised_movement_signal,pertrace_tau17_embed5
monkeyM_session-o080527006-16_lfp-2,M,o080527006-16,2,movement,ok,290,1000,14,14.0,ami_first_local_minimum,2,2,5,psd_peak_count,"18.0, 34.0",18.0,,pertrace_unsupervised_movement_signal,pertrace_tau14_embed5
monkeyM_session-o080528001-5_lfp-1,M,o080528001-5,1,movement,ok,86,1000,12,12.0,ami_first_local_minimum,4,4,9,psd_peak_count,"4.0, 20.0, 42.0, 47.0",4.0,,pertrace_unsupervised_movement_signal,pertrace_tau12_embed9
monkeyM_session-o080528006-15_lfp-2,M,o080528006-15,2,movement,ok,242,1000,16,16.0,ami_first_local_minimum,2,2,5,psd_peak_count,"17.0, 32.0",17.0,,pertrace_unsupervised_movement_signal,pertrace_tau16_embed5
monkeyM_session-o080528006-15_lfp-4,M,o080528006-15,4,movement,ok,242,1000,23,23.0,ami_first_local_minimum,2,2,5,psd_peak_count,"16.0, 31.0",16.0,,pertrace_unsupervised_movement_signal,pertrace_tau23_embed5
monkeyM_session-o080528016-25_lfp-2,M,o080528016-25,2,movement,ok,192,1000,31,31.0,ami_first_local_minimum,2,2,5,psd_peak_count,"18.0, 34.0",18.0,,pertrace_unsupervised_movement_signal,pertrace_tau31_embed5
monkeyM_session-o080528016-25_lfp-4,M,o080528016-25,4,movement,ok,192,1000,26,26.0,ami_first_local_minimum,2,2,5,psd_peak_count,"18.0, 31.0",18.0,,pertrace_unsupervised_movement_signal,pertrace_tau26_embed5
monkeyM_session-o080710002-4_lfp-5,M,o080710002-4,5,movement,ok,96,1000,18,18.0,ami_first_local_minimum,3,3,7,psd_peak_count,"5.0, 20.0, 34.0",5.0,,pertrace_unsupervised_movement_signal,pertrace_tau18_embed7
monkeyM_session-o080710002-4_lfp-6,M,o080710002-4,6,movement,ok,96,1000,18,18.0,ami_first_local_minimum,3,3,7,psd_peak_count,"6.0, 19.0, 34.0",6.0,,pertrace_unsupervised_movement_signal,pertrace_tau18_embed7
monkeyM_session-o080710006-11_lfp-5,M,o080710006-11,5,movement,ok,239,1000,18,18.0,ami_first_local_minimum,3,3,7,psd_peak_count,"5.0, 20.0, 34.0",5.0,,pertrace_unsupervised_movement_signal,pertrace_tau18_embed7
monkeyM_session-o080710006-11_lfp-6,M,o080710006-11,6,movement,ok,239,1000,17,17.0,ami_first_local_minimum,3,3,7,psd_peak_count,"6.0, 20.0, 35.0",6.0,,pertrace_unsupervised_movement_signal,pertrace_tau17_embed7
monkeyM_session-o080710012-14_lfp-5,M,o080710012-14,5,movement,ok,120,1000,23,23.0,ami_first_local_minimum,3,3,7,psd_peak_count,"4.0, 16.0, 31.0",4.0,,pertrace_unsupervised_movement_signal,pertrace_tau23_embed7
monkeyM_session-o080711002-7_lfp-6,M,o080711002-7,6,movement,ok,234,1000,14,14.0,ami_first_local_minimum,3,3,7,psd_peak_count,"21.0, 34.0, 53.0",21.0,,pertrace_unsupervised_movement_signal,pertrace_tau14_embed7
monkeyM_session-o080711002-7_lfp-8,M,o080711002-7,8,movement,ok,234,1000,20,20.0,ami_first_local_minimum,3,3,7,psd_peak_count,"5.0, 21.0, 35.0",5.0,,pertrace_unsupervised_movement_signal,pertrace_tau20_embed7
monkeyM_session-o080711008-12_lfp-5,M,o080711008-12,5,movement,ok,198,1000,52,52.0,ami_first_local_minimum,3,3,7,psd_peak_count,"6.0, 29.0, 53.0",6.0,,pertrace_unsupervised_movement_signal,pertrace_tau52_embed7
monkeyM_session-o080718002-4_lfp-5,M,o080718002-4,5,movement,ok,104,1000,70,70.0,ami_first_local_minimum,2,2,5,psd_peak_count,"20.0, 36.0",20.0,,pertrace_unsupervised_movement_signal,pertrace_tau70_embed5
monkeyM_session-o080718002-4_lfp-6,M,o080718002-4,6,movement,ok,104,1000,74,74.0,ami_first_local_minimum,3,3,7,psd_peak_count,"19.0, 36.0, 47.0",19.0,,pertrace_unsupervised_movement_signal,pertrace_tau74_embed7
monkeyM_session-o080718005-9_lfp-5,M,o080718005-9,5,movement,ok,191,1000,65,65.0,ami_first_local_minimum,2,2,5,psd_peak_count,"21.0, 34.0",21.0,,pertrace_unsupervised_movement_signal,pertrace_tau65_embed5
monkeyM_session-o080718005-9_lfp-8,M,o080718005-9,8,movement,ok,191,1000,18,18.0,ami_first_local_minimum,3,3,7,psd_peak_count,"5.0, 18.0, 37.0",5.0,,pertrace_unsupervised_movement_signal,pertrace_tau18_embed7
monkeyM_session-o080722004-9_lfp-5,M,o080722004-9,5,movement,ok,193,1000,12,12.0,ami_first_local_minimum,3,3,7,psd_peak_count,"5.0, 21.0, 34.0",5.0,,pertrace_unsupervised_movement_signal,pertrace_tau12_embed7
monkeyM_session-o080723001-3_lfp-5,M,o080723001-3,5,movement,ok,99,1000,10,10.0,ami_first_local_minimum,3,3,7,psd_peak_count,"6.0, 21.0, 35.0",6.0,,pertrace_unsupervised_movement_signal,pertrace_tau10_embed7
monkeyM_session-o080723001-3_lfp-6,M,o080723001-3,6,movement,ok,99,1000,13,13.0,ami_first_local_minimum,3,3,7,psd_peak_count,"6.0, 14.0, 43.0",6.0,,pertrace_unsupervised_movement_signal,pertrace_tau13_embed7
monkeyM_session-o080723006-11_lfp-5,M,o080723006-11,5,movement,ok,292,1000,10,10.0,ami_first_local_minimum,2,2,5,psd_peak_count,"20.0, 34.0",20.0,,pertrace_unsupervised_movement_signal,pertrace_tau10_embed5
monkeyM_session-o080723006-11_lfp-7,M,o080723006-11,7,movement,ok,292,1000,17,17.0,ami_first_local_minimum,3,3,7,psd_peak_count,"5.0, 20.0, 34.0",5.0,,pertrace_unsupervised_movement_signal,pertrace_tau17_embed7
monkeyM_session-o080723012-14_lfp-5,M,o080723012-14,5,movement,ok,97,1000,10,10.0,ami_first_local_minimum,2,2,5,psd_peak_count,"20.0, 33.0",20.0,,pertrace_unsupervised_movement_signal,pertrace_tau10_embed5
monkeyM_session-o080723012-14_lfp-6,M,o080723012-14,6,movement,ok,97,1000,12,12.0,ami_first_local_minimum,4,4,9,psd_peak_count,"5.0, 12.0, 30.0, 43.0",5.0,,pertrace_unsupervised_movement_signal,pertrace_tau12_embed9
monkeyM_session-o080724001-3_lfp-5,M,o080724001-3,5,movement,ok,109,1000,9,9.0,ami_first_local_minimum,3,3,7,psd_peak_count,"6.0, 19.0, 36.0",6.0,,pertrace_unsupervised_movement_signal,pertrace_tau9_embed7
monkeyM_session-o080724004-9_lfp-5,M,o080724004-9,5,movement,ok,241,1000,11,11.0,ami_first_local_minimum,2,2,5,psd_peak_count,"20.0, 34.0",20.0,,pertrace_unsupervised_movement_signal,pertrace_tau11_embed5
monkeyM_session-o080724004-9_lfp-7,M,o080724004-9,7,movement,ok,241,1000,19,19.0,ami_first_local_minimum,3,3,7,psd_peak_count,"5.0, 20.0, 34.0",5.0,,pertrace_unsupervised_movement_signal,pertrace_tau19_embed7
monkeyM_session-o080731001-2_lfp-5,M,o080731001-2,5,movement,ok,60,1000,31,31.0,ami_first_local_minimum,4,4,9,psd_peak_count,"5.0, 18.0, 32.0, 47.0",5.0,,pertrace_unsupervised_movement_signal,pertrace_tau31_embed9
monkeyM_session-o080731001-2_lfp-6,M,o080731001-2,6,movement,ok,60,1000,12,12.0,ami_first_local_minimum,4,4,9,psd_peak_count,"17.0, 29.0, 37.0, 53.0",17.0,,pertrace_unsupervised_movement_signal,pertrace_tau12_embed9
monkeyM_session-o080731003-10_lfp-6,M,o080731003-10,6,movement,ok,247,1000,12,12.0,ami_first_local_minimum,3,3,7,psd_peak_count,"17.0, 32.0, 47.0",17.0,,pertrace_unsupervised_movement_signal,pertrace_tau12_embed7
monkeyM_session-o080731011-18_lfp-6,M,o080731011-18,6,movement,ok,207,1000,13,13.0,ami_first_local_minimum,4,4,9,psd_peak_count,"4.0, 18.0, 32.0, 53.0",4.0,,pertrace_unsupervised_movement_signal,pertrace_tau13_embed9
monkeyM_session-o080801001-7_lfp-5,M,o080801001-7,5,movement,ok,275,1000,16,16.0,ami_first_local_minimum,4,4,9,psd_peak_count,"4.0, 19.0, 35.0, 47.0",4.0,,pertrace_unsupervised_movement_signal,pertrace_tau16_embed9
monkeyM_session-o080801001-7_lfp-6,M,o080801001-7,6,movement,ok,275,1000,12,12.0,ami_first_local_minimum,3,3,7,psd_peak_count,"15.0, 33.0, 53.0",15.0,,pertrace_unsupervised_movement_signal,pertrace_tau12_embed7
monkeyM_session-o080801008-10_lfp-5,M,o080801008-10,5,movement,ok,122,1000,16,16.0,ami_first_local_minimum,4,4,9,psd_peak_count,"5.0, 19.0, 34.0, 53.0",5.0,,pertrace_unsupervised_movement_signal,pertrace_tau16_embed9
monkeyM_session-o080801008-10_lfp-7,M,o080801008-10,7,movement,ok,122,1000,13,13.0,ami_first_local_minimum,4,4,9,psd_peak_count,"6.0, 19.0, 34.0, 53.0",6.0,,pertrace_unsupervised_movement_signal,pertrace_tau13_embed9
monkeyM_session-o080801011-14_lfp-7,M,o080801011-14,7,movement,ok,147,1000,12,12.0,ami_first_local_minimum,4,4,9,psd_peak_count,"5.0, 19.0, 34.0, 53.0",5.0,,pertrace_unsupervised_movement_signal,pertrace_tau12_embed9
monkeyM_session-o080806001-5_lfp-7,M,o080806001-5,7,movement,ok,169,1000,11,11.0,ami_first_local_minimum,3,3,7,psd_peak_count,"20.0, 36.0, 47.0",20.0,,pertrace_unsupervised_movement_signal,pertrace_tau11_embed7
monkeyM_session-o080807001-3_lfp-5,M,o080807001-3,5,movement,ok,105,1000,14,14.0,ami_first_local_minimum,4,4,9,psd_peak_count,"7.0, 18.0, 32.0, 47.0",7.0,,pertrace_unsupervised_movement_signal,pertrace_tau14_embed9
monkeyM_session-o080807004-6_lfp-5,M,o080807004-6,5,movement,ok,132,1000,14,14.0,ami_first_local_minimum,4,4,9,psd_peak_count,"5.0, 17.0, 31.0, 53.0",5.0,,pertrace_unsupervised_movement_signal,pertrace_tau14_embed9
monkeyM_session-o080808001-5_lfp-5,M,o080808001-5,5,movement,ok,209,1000,32,32.0,ami_first_local_minimum,4,4,9,psd_peak_count,"5.0, 17.0, 34.0, 47.0",5.0,,pertrace_unsupervised_movement_signal,pertrace_tau32_embed9
monkeyM_session-o080808001-5_lfp-6,M,o080808001-5,6,movement,ok,209,1000,32,32.0,ami_first_local_minimum,3,3,7,psd_peak_count,"18.0, 30.0, 53.0",18.0,,pertrace_unsupervised_movement_signal,pertrace_tau32_embed7
monkeyM_session-o080808006-12_lfp-5,M,o080808006-12,5,movement,ok,280,1000,19,19.0,ami_first_local_minimum,3,3,7,psd_peak_count,"18.0, 34.0, 47.0",18.0,,pertrace_unsupervised_movement_signal,pertrace_tau19_embed7
monkeyM_session-o080808006-12_lfp-6,M,o080808006-12,6,movement,ok,280,1000,31,31.0,ami_first_local_minimum,3,3,7,psd_peak_count,"18.0, 31.0, 47.0",18.0,,pertrace_unsupervised_movement_signal,pertrace_tau31_embed7
monkeyM_session-o080828001-6_lfp-5,M,o080828001-6,5,movement,ok,252,1000,30,30.0,ami_first_local_minimum,4,4,9,psd_peak_count,"5.0, 19.0, 31.0, 53.0",5.0,,pertrace_unsupervised_movement_signal,pertrace_tau30_embed9
monkeyM_session-o080828001-6_lfp-6,M,o080828001-6,6,movement,ok,252,1000,25,25.0,ami_first_local_minimum,4,4,9,psd_peak_count,"5.0, 19.0, 33.0, 47.0",5.0,,pertrace_unsupervised_movement_signal,pertrace_tau25_embed9
monkeyM_session-o080828007-12_lfp-5,M,o080828007-12,5,movement,ok,204,1000,29,29.0,ami_first_local_minimum,4,4,9,psd_peak_count,"5.0, 19.0, 32.0, 53.0",5.0,,pertrace_unsupervised_movement_signal,pertrace_tau29_embed9
monkeyM_session-o080829001-5_lfp-5,M,o080829001-5,5,movement,ok,242,1000,12,12.0,ami_first_local_minimum,4,4,9,psd_peak_count,"6.0, 16.0, 31.0, 47.0",6.0,,pertrace_unsupervised_movement_signal,pertrace_tau12_embed9
monkeyM_session-o080829006-8_lfp-5,M,o080829006-8,5,movement,ok,118,1000,13,13.0,ami_first_local_minimum,3,3,7,psd_peak_count,"16.0, 32.0, 47.0",16.0,,pertrace_unsupervised_movement_signal,pertrace_tau13_embed7
monkeyM_session-o080903002-5_lfp-5,M,o080903002-5,5,movement,ok,122,1000,15,15.0,ami_first_local_minimum,2,2,5,psd_peak_count,"5.0, 33.0",5.0,,pertrace_unsupervised_movement_signal,pertrace_tau15_embed5
monkeyM_session-o080903002-5_lfp-7,M,o080903002-5,7,movement,ok,122,1000,20,20.0,ami_first_local_minimum,3,3,7,psd_peak_count,"5.0, 16.0, 31.0",5.0,,pertrace_unsupervised_movement_signal,pertrace_tau20_embed7
monkeyM_session-o080903006-12_lfp-5,M,o080903006-12,5,movement,ok,209,1000,16,16.0,ami_first_local_minimum,2,2,5,psd_peak_count,"5.0, 32.0",5.0,,pertrace_unsupervised_movement_signal,pertrace_tau16_embed5
monkeyM_session-o080903006-12_lfp-7,M,o080903006-12,7,movement,ok,209,1000,17,17.0,ami_first_local_minimum,2,2,5,psd_peak_count,"20.0, 32.0",20.0,,pertrace_unsupervised_movement_signal,pertrace_tau17_embed5
monkeyM_session-o080904001-7_lfp-5,M,o080904001-7,5,movement,ok,205,1000,19,19.0,ami_first_local_minimum,3,3,7,psd_peak_count,"5.0, 20.0, 35.0",5.0,,pertrace_unsupervised_movement_signal,pertrace_tau19_embed7
monkeyM_session-o080904001-7_lfp-6,M,o080904001-7,6,movement,ok,205,1000,62,62.0,ami_first_local_minimum,4,4,9,psd_peak_count,"5.0, 26.0, 33.0, 47.0",5.0,,pertrace_unsupervised_movement_signal,pertrace_tau62_embed9
monkeyM_session-o080904008-14_lfp-5,M,o080904008-14,5,movement,ok,191,1000,19,19.0,ami_first_local_minimum,3,3,7,psd_peak_count,"5.0, 20.0, 34.0",5.0,,pertrace_unsupervised_movement_signal,pertrace_tau19_embed7
monkeyM_session-o080904008-14_lfp-6,M,o080904008-14,6,movement,ok,191,1000,60,60.0,ami_first_local_minimum,4,4,9,psd_peak_count,"6.0, 19.0, 33.0, 42.0",6.0,,pertrace_unsupervised_movement_signal,pertrace_tau60_embed9
monkeyM_session-o080905001-6_lfp-5,M,o080905001-6,5,movement,ok,286,1000,20,20.0,ami_first_local_minimum,1,1,3,psd_peak_count,28.0,28.0,,pertrace_unsupervised_movement_signal,pertrace_tau20_embed3
monkeyM_session-o080905008-11_lfp-5,M,o080905008-11,5,movement,ok,76,1000,18,18.0,ami_first_local_minimum,2,2,5,psd_peak_count,"19.0, 35.0",19.0,,pertrace_unsupervised_movement_signal,pertrace_tau18_embed5
monkeyM_session-o080905008-11_lfp-6,M,o080905008-11,6,movement,ok,76,1000,19,19.0,ami_first_local_minimum,2,2,5,psd_peak_count,"16.0, 32.0",16.0,,pertrace_unsupervised_movement_signal,pertrace_tau19_embed5
monkeyM_session-o080910001-5_lfp-5,M,o080910001-5,5,movement,ok,193,1000,16,16.0,ami_first_local_minimum,3,3,7,psd_peak_count,"5.0, 20.0, 36.0",5.0,,pertrace_unsupervised_movement_signal,pertrace_tau16_embed7
monkeyM_session-o080910001-5_lfp-7,M,o080910001-5,7,movement,ok,193,1000,16,16.0,ami_first_local_minimum,5,4,9,capped_at_4_modes,"5.0, 15.0, 20.0, 35.0, 47.0",5.0,,pertrace_unsupervised_movement_signal,pertrace_tau16_embed9
monkeyM_session-o080910006-11_lfp-5,M,o080910006-11,5,movement,ok,241,1000,19,19.0,ami_first_local_minimum,3,3,7,psd_peak_count,"5.0, 20.0, 34.0",5.0,,pertrace_unsupervised_movement_signal,pertrace_tau19_embed7
monkeyM_session-o080910006-11_lfp-7,M,o080910006-11,7,movement,ok,241,1000,17,17.0,ami_first_local_minimum,4,4,9,psd_peak_count,"5.0, 15.0, 34.0, 47.0",5.0,,pertrace_unsupervised_movement_signal,pertrace_tau17_embed9
monkeyM_session-o080911001-5_lfp-5,M,o080911001-5,5,movement,ok,249,1000,16,16.0,ami_first_local_minimum,4,4,9,psd_peak_count,"5.0, 20.0, 34.0, 47.0",5.0,,pertrace_unsupervised_movement_signal,pertrace_tau16_embed9
monkeyM_session-o080911001-5_lfp-6,M,o080911001-5,6,movement,ok,249,1000,21,21.0,ami_first_local_minimum,4,4,9,psd_peak_count,"5.0, 16.0, 33.0, 47.0",5.0,,pertrace_unsupervised_movement_signal,pertrace_tau21_embed9
monkeyM_session-o080911006-11_lfp-5,M,o080911006-11,5,movement,ok,237,1000,15,15.0,ami_first_local_minimum,4,4,9,psd_peak_count,"5.0, 16.0, 33.0, 47.0",5.0,,pertrace_unsupervised_movement_signal,pertrace_tau15_embed9
monkeyM_session-o080911006-11_lfp-6,M,o080911006-11,6,movement,ok,237,1000,14,14.0,ami_first_local_minimum,4,4,9,psd_peak_count,"5.0, 16.0, 32.0, 47.0",5.0,,pertrace_unsupervised_movement_signal,pertrace_tau14_embed9
monkeyM_session-o080912004-7_lfp-5,M,o080912004-7,5,movement,ok,152,1000,17,17.0,ami_first_local_minimum,2,2,5,psd_peak_count,"16.0, 30.0",16.0,,pertrace_unsupervised_movement_signal,pertrace_tau17_embed5
monkeyM_session-o080912008-13_lfp-5,M,o080912008-13,5,movement,ok,190,1000,16,16.0,ami_first_local_minimum,3,3,7,psd_peak_count,"4.0, 17.0, 30.0",4.0,,pertrace_unsupervised_movement_signal,pertrace_tau16_embed7
monkeyM_session-o080912008-13_lfp-6,M,o080912008-13,6,movement,ok,190,1000,19,19.0,ami_first_local_minimum,1,1,3,psd_peak_count,32.0,32.0,,pertrace_unsupervised_movement_signal,pertrace_tau19_embed3
monkeyM_session-o080917001-8_lfp-5,M,o080917001-8,5,movement,ok,206,1000,12,12.0,ami_first_local_minimum,3,3,7,psd_peak_count,"6.0, 18.0, 35.0",6.0,,pertrace_unsupervised_movement_signal,pertrace_tau12_embed7
monkeyM_session-o080917001-8_lfp-6,M,o080917001-8,6,movement,ok,206,1000,22,22.0,ami_first_local_minimum,2,2,5,psd_peak_count,"16.0, 34.0",16.0,,pertrace_unsupervised_movement_signal,pertrace_tau22_embed5
monkeyM_session-o080918001-5_lfp-5,M,o080918001-5,5,movement,ok,243,1000,20,20.0,ami_first_local_minimum,3,3,7,psd_peak_count,"4.0, 17.0, 36.0",4.0,,pertrace_unsupervised_movement_signal,pertrace_tau20_embed7
monkeyM_session-o080918001-5_lfp-6,M,o080918001-5,6,movement,ok,243,1000,15,15.0,ami_first_local_minimum,2,2,5,psd_peak_count,"4.0, 18.0",4.0,,pertrace_unsupervised_movement_signal,pertrace_tau15_embed5
monkeyM_session-o080918006-11_lfp-5,M,o080918006-11,5,movement,ok,210,1000,21,21.0,ami_first_local_minimum,3,3,7,psd_peak_count,"5.0, 18.0, 34.0",5.0,,pertrace_unsupervised_movement_signal,pertrace_tau21_embed7
monkeyM_session-o080919001-6_lfp-5,M,o080919001-6,5,movement,ok,274,1000,18,18.0,ami_first_local_minimum,3,3,7,psd_peak_count,"5.0, 18.0, 34.0",5.0,,pertrace_unsupervised_movement_signal,pertrace_tau18_embed7
monkeyM_session-o080919001-6_lfp-7,M,o080919001-6,7,movement,ok,274,1000,13,13.0,ami_first_local_minimum,2,2,5,psd_peak_count,"4.0, 19.0",4.0,,pertrace_unsupervised_movement_signal,pertrace_tau13_embed5
monkeyM_session-o080919007-12_lfp-5,M,o080919007-12,5,movement,ok,268,1000,17,17.0,ami_first_local_minimum,3,3,7,psd_peak_count,"4.0, 18.0, 34.0",4.0,,pertrace_unsupervised_movement_signal,pertrace_tau17_embed7
monkeyM_session-o080919007-12_lfp-7,M,o080919007-12,7,movement,ok,268,1000,13,13.0,ami_first_local_minimum,1,1,3,psd_peak_count,18.0,18.0,,pertrace_unsupervised_movement_signal,pertrace_tau13_embed3
monkeyM_session-o080925002-6_lfp-6,M,o080925002-6,6,movement,ok,222,1000,21,21.0,ami_first_local_minimum,2,2,5,psd_peak_count,"20.0, 33.0",20.0,,pertrace_unsupervised_movement_signal,pertrace_tau21_embed5
monkeyM_session-o080925002-6_lfp-7,M,o080925002-6,7,movement,ok,222,1000,29,29.0,ami_first_local_minimum,3,3,7,psd_peak_count,"5.0, 17.0, 34.0",5.0,,pertrace_unsupervised_movement_signal,pertrace_tau29_embed7
monkeyM_session-o080925007-12_lfp-6,M,o080925007-12,6,movement,ok,284,1000,17,17.0,ami_first_local_minimum,3,3,7,psd_peak_count,"4.0, 20.0, 33.0",4.0,,pertrace_unsupervised_movement_signal,pertrace_tau17_embed7
monkeyM_session-o080925007-12_lfp-7,M,o080925007-12,7,movement,ok,284,1000,25,25.0,ami_first_local_minimum,3,3,7,psd_peak_count,"5.0, 19.0, 33.0",5.0,,pertrace_unsupervised_movement_signal,pertrace_tau25_embed7
monkeyM_session-o080926001-6_lfp-5,M,o080926001-6,5,movement,ok,219,1000,31,31.0,ami_first_local_minimum,4,4,9,psd_peak_count,"5.0, 18.0, 32.0, 47.0",5.0,,pertrace_unsupervised_movement_signal,pertrace_tau31_embed9
monkeyM_session-o080926007-11_lfp-5,M,o080926007-11,5,movement,ok,232,1000,13,13.0,ami_first_local_minimum,4,4,9,psd_peak_count,"5.0, 19.0, 31.0, 47.0",5.0,,pertrace_unsupervised_movement_signal,pertrace_tau13_embed9
monkeyM_session-o080926007-11_lfp-6,M,o080926007-11,6,movement,ok,232,1000,13,13.0,ami_first_local_minimum,4,4,9,psd_peak_count,"4.0, 16.0, 30.0, 53.0",4.0,,pertrace_unsupervised_movement_signal,pertrace_tau13_embed9
monkeyM_session-o080930001-5_lfp-1,M,o080930001-5,1,movement,ok,226,1000,11,11.0,ami_first_local_minimum,1,1,3,psd_peak_count,53.0,53.0,,pertrace_unsupervised_movement_signal,pertrace_tau11_embed3
monkeyM_session-o081001001-12_lfp-1,M,o081001001-12,1,movement,ok,239,1000,19,19.0,ami_first_local_minimum,3,3,7,psd_peak_count,"5.0, 19.0, 35.0",5.0,,pertrace_unsupervised_movement_signal,pertrace_tau19_embed7
monkeyM_session-o081001001-12_lfp-3,M,o081001001-12,3,movement,ok,239,1000,30,30.0,ami_first_local_minimum,3,3,7,psd_peak_count,"5.0, 18.0, 30.0",5.0,,pertrace_unsupervised_movement_signal,pertrace_tau30_embed7
monkeyM_session-o081001013-26_lfp-1,M,o081001013-26,1,movement,ok,280,1000,17,17.0,ami_first_local_minimum,3,3,7,psd_peak_count,"5.0, 19.0, 35.0",5.0,,pertrace_unsupervised_movement_signal,pertrace_tau17_embed7
monkeyM_session-o081001013-26_lfp-3,M,o081001013-26,3,movement,ok,280,1000,31,31.0,ami_first_local_minimum,3,3,7,psd_peak_count,"6.0, 20.0, 30.0",6.0,,pertrace_unsupervised_movement_signal,pertrace_tau31_embed7
monkeyM_session-o081002010-22_lfp-2,M,o081002010-22,2,movement,ok,227,1000,19,19.0,ami_first_local_minimum,3,3,7,psd_peak_count,"20.0, 30.0, 53.0",20.0,,pertrace_unsupervised_movement_signal,pertrace_tau19_embed7
monkeyM_session-o081002023-28_lfp-3,M,o081002023-28,3,movement,ok,84,1000,27,27.0,ami_first_local_minimum,3,3,7,psd_peak_count,"17.0, 32.0, 45.0",17.0,,pertrace_unsupervised_movement_signal,pertrace_tau27_embed7
monkeyM_session-o081003003-14_lfp-1,M,o081003003-14,1,movement,ok,238,1000,18,18.0,ami_first_local_minimum,4,4,9,psd_peak_count,"5.0, 19.0, 34.0, 47.0",5.0,,pertrace_unsupervised_movement_signal,pertrace_tau18_embed9
monkeyM_session-o081003003-14_lfp-2,M,o081003003-14,2,movement,ok,238,1000,17,17.0,ami_first_local_minimum,4,4,9,psd_peak_count,"4.0, 22.0, 30.0, 53.0",4.0,,pertrace_unsupervised_movement_signal,pertrace_tau17_embed9
monkeyM_session-o081003015-26_lfp-1,M,o081003015-26,1,movement,ok,236,1000,19,19.0,ami_first_local_minimum,4,4,9,psd_peak_count,"5.0, 21.0, 34.0, 47.0",5.0,,pertrace_unsupervised_movement_signal,pertrace_tau19_embed9
monkeyM_session-o081003015-26_lfp-2,M,o081003015-26,2,movement,ok,236,1000,31,31.0,ami_first_local_minimum,3,3,7,psd_peak_count,"9.0, 21.0, 47.0",9.0,,pertrace_unsupervised_movement_signal,pertrace_tau31_embed7
monkeyM_session-o081008001-15_lfp-1,M,o081008001-15,1,movement,ok,224,1000,16,16.0,ami_first_local_minimum,3,3,7,psd_peak_count,"17.0, 31.0, 47.0",17.0,,pertrace_unsupervised_movement_signal,pertrace_tau16_embed7
monkeyM_session-o081008001-15_lfp-2,M,o081008001-15,2,movement,ok,224,1000,14,14.0,ami_first_local_minimum,4,4,9,psd_peak_count,"6.0, 16.0, 31.0, 47.0",6.0,,pertrace_unsupervised_movement_signal,pertrace_tau14_embed9
monkeyM_session-o081028001-12_lfp-4,M,o081028001-12,4,movement,ok,203,1000,23,23.0,ami_first_local_minimum,2,2,5,psd_peak_count,"17.0, 33.0",17.0,,pertrace_unsupervised_movement_signal,pertrace_tau23_embed5
monkeyM_session-o081028013-20_lfp-1,M,o081028013-20,1,movement,ok,135,1000,53,53.0,ami_first_local_minimum,2,2,5,psd_peak_count,"16.0, 32.0",16.0,,pertrace_unsupervised_movement_signal,pertrace_tau53_embed5
monkeyM_session-o081028021-26_lfp-1,M,o081028021-26,1,movement,ok,106,1000,47,47.0,ami_first_local_minimum,2,2,5,psd_peak_count,"16.0, 32.0",16.0,,pertrace_unsupervised_movement_signal,pertrace_tau47_embed5
monkeyM_session-o081029001-11_lfp-3,M,o081029001-11,3,movement,ok,183,1000,22,22.0,ami_first_local_minimum,2,2,5,psd_peak_count,"5.0, 32.0",5.0,,pertrace_unsupervised_movement_signal,pertrace_tau22_embed5
monkeyM_session-o081029012-25_lfp-3,M,o081029012-25,3,movement,ok,192,1000,23,23.0,ami_first_local_minimum,1,1,3,psd_peak_count,31.0,31.0,,pertrace_unsupervised_movement_signal,pertrace_tau23_embed3
monkeyM_session-o081029012-25_lfp-4,M,o081029012-25,4,movement,ok,192,1000,21,21.0,ami_first_local_minimum,1,1,3,psd_peak_count,31.0,31.0,,pertrace_unsupervised_movement_signal,pertrace_tau21_embed3
monkeyM_session-o081031013-23_lfp-1,M,o081031013-23,1,movement,ok,393,1000,12,12.0,ami_first_local_minimum,2,2,5,psd_peak_count,"15.0, 30.0",15.0,,pertrace_unsupervised_movement_signal,pertrace_tau12_embed5
monkeyM_session-o081031013-23_lfp-3,M,o081031013-23,3,movement,ok,393,1000,12,12.0,ami_first_local_minimum,2,2,5,psd_peak_count,"15.0, 30.0",15.0,,pertrace_unsupervised_movement_signal,pertrace_tau12_embed5
monkeyM_session-o081031024-27_lfp-1,M,o081031024-27,1,movement,ok,84,1000,11,11.0,ami_first_local_minimum,2,2,5,psd_peak_count,"16.0, 31.0",16.0,,pertrace_unsupervised_movement_signal,pertrace_tau11_embed5
monkeyM_session-o081106010-15_lfp-3,M,o081106010-15,3,movement,ok,189,1000,8,8.0,ami_first_local_minimum,3,3,7,psd_peak_count,"16.0, 31.0, 47.0",16.0,,pertrace_unsupervised_movement_signal,pertrace_tau8_embed7
monkeyM_session-o081106010-15_lfp-5,M,o081106010-15,5,movement,ok,189,1000,9,9.0,ami_first_local_minimum,4,4,9,psd_peak_count,"4.0, 20.0, 35.0, 47.0",4.0,,pertrace_unsupervised_movement_signal,pertrace_tau9_embed9
monkeyM_session-o081106016-19_lfp-3,M,o081106016-19,3,movement,ok,115,1000,8,8.0,ami_first_local_minimum,3,3,7,psd_peak_count,"16.0, 32.0, 47.0",16.0,,pertrace_unsupervised_movement_signal,pertrace_tau8_embed7
monkeyM_session-o081106016-19_lfp-5,M,o081106016-19,5,movement,ok,115,1000,8,8.0,ami_first_local_minimum,4,4,9,psd_peak_count,"4.0, 21.0, 34.0, 47.0",4.0,,pertrace_unsupervised_movement_signal,pertrace_tau8_embed9
monkeyM_session-o081107007-13_lfp-1,M,o081107007-13,1,movement,ok,249,1000,8,8.0,ami_first_local_minimum,2,2,5,psd_peak_count,"25.0, 47.0",25.0,,pertrace_unsupervised_movement_signal,pertrace_tau8_embed5
monkeyM_session-o081107007-13_lfp-2,M,o081107007-13,2,movement,ok,249,1000,60,60.0,ami_first_local_minimum,2,2,5,psd_peak_count,"27.0, 45.0",27.0,,pertrace_unsupervised_movement_signal,pertrace_tau60_embed5
monkeyM_session-o081113002-9_lfp-1,M,o081113002-9,1,movement,ok,248,1000,17,17.0,ami_first_local_minimum,2,2,5,psd_peak_count,"19.0, 36.0",19.0,,pertrace_unsupervised_movement_signal,pertrace_tau17_embed5
monkeyM_session-o081113002-9_lfp-2,M,o081113002-9,2,movement,ok,248,1000,16,16.0,ami_first_local_minimum,2,2,5,psd_peak_count,"22.0, 47.0",22.0,,pertrace_unsupervised_movement_signal,pertrace_tau16_embed5
monkeyM_session-o081113011-13_lfp-1,M,o081113011-13,1,movement,ok,121,1000,15,15.0,ami_first_local_minimum,2,2,5,psd_peak_count,"20.0, 36.0",20.0,,pertrace_unsupervised_movement_signal,pertrace_tau15_embed5
monkeyM_session-o081113011-13_lfp-2,M,o081113011-13,2,movement,ok,121,1000,14,14.0,ami_first_local_minimum,1,1,3,psd_peak_count,29.0,29.0,,pertrace_unsupervised_movement_signal,pertrace_tau14_embed3
monkeyM_session-o081113014-16_lfp-1,M,o081113014-16,1,movement,ok,92,1000,18,18.0,ami_first_local_minimum,3,3,7,psd_peak_count,"5.0, 19.0, 35.0",5.0,,pertrace_unsupervised_movement_signal,pertrace_tau18_embed7
monkeyM_session-o081113014-16_lfp-2,M,o081113014-16,2,movement,ok,92,1000,12,12.0,ami_first_local_minimum,1,1,3,psd_peak_count,29.0,29.0,,pertrace_unsupervised_movement_signal,pertrace_tau12_embed3
monkeyM_session-o081118001-3_lfp-1,M,o081118001-3,1,movement,ok,90,1000,28,28.0,ami_first_local_minimum,2,2,5,psd_peak_count,"25.0, 47.0",25.0,,pertrace_unsupervised_movement_signal,pertrace_tau28_embed5
monkeyM_session-o081118001-3_lfp-2,M,o081118001-3,2,movement,ok,90,1000,15,15.0,ami_first_local_minimum,3,3,7,psd_peak_count,"5.0, 25.0, 47.0",5.0,,pertrace_unsupervised_movement_signal,pertrace_tau15_embed7
monkeyM_session-o081118004-5_lfp-1,M,o081118004-5,1,movement,ok,86,1000,15,15.0,ami_first_local_minimum,2,2,5,psd_peak_count,"19.0, 47.0",19.0,,pertrace_unsupervised_movement_signal,pertrace_tau15_embed5
monkeyM_session-o081118008-10_lfp-1,M,o081118008-10,1,movement,ok,85,1000,24,24.0,ami_first_local_minimum,1,1,3,psd_peak_count,18.0,18.0,,pertrace_unsupervised_movement_signal,pertrace_tau24_embed3
monkeyM_session-o081127010-14_lfp-1,M,o081127010-14,1,movement,ok,228,1000,14,14.0,ami_first_local_minimum,3,3,7,psd_peak_count,"16.0, 31.0, 47.0",16.0,,pertrace_unsupervised_movement_signal,pertrace_tau14_embed7
monkeyM_session-o081202001-7_lfp-2,M,o081202001-7,2,movement,ok,238,1000,22,22.0,ami_first_local_minimum,4,4,9,psd_peak_count,"5.0, 21.0, 37.0, 47.0",5.0,,pertrace_unsupervised_movement_signal,pertrace_tau22_embed9
monkeyM_session-o081202001-7_lfp-4,M,o081202001-7,4,movement,ok,238,1000,20,20.0,ami_first_local_minimum,2,2,5,psd_peak_count,"20.0, 38.0",20.0,,pertrace_unsupervised_movement_signal,pertrace_tau20_embed5
monkeyM_session-o081202008-11_lfp-2,M,o081202008-11,2,movement,ok,167,1000,19,19.0,ami_first_local_minimum,3,3,7,psd_peak_count,"4.0, 19.0, 36.0",4.0,,pertrace_unsupervised_movement_signal,pertrace_tau19_embed7
monkeyM_session-o081202012-14_lfp-2,M,o081202012-14,2,movement,ok,135,1000,17,17.0,ami_first_local_minimum,4,4,9,psd_peak_count,"4.0, 19.0, 35.0, 47.0",4.0,,pertrace_unsupervised_movement_signal,pertrace_tau17_embed9
monkeyM_session-o081202012-14_lfp-4,M,o081202012-14,4,movement,ok,135,1000,12,12.0,ami_first_local_minimum,2,2,5,psd_peak_count,"19.0, 36.0",19.0,,pertrace_unsupervised_movement_signal,pertrace_tau12_embed5
monkeyT_session-y070130005-13_lfp-1,T,y070130005-13,1,movement,ok,253,1000,19,19.0,ami_first_local_minimum,2,2,5,psd_peak_count,"28.0, 47.0",28.0,,pertrace_unsupervised_movement_signal,pertrace_tau19_embed5
monkeyT_session-y070130005-13_lfp-2,T,y070130005-13,2,movement,ok,253,1000,18,18.0,ami_first_local_minimum,2,2,5,psd_peak_count,"29.0, 47.0",29.0,,pertrace_unsupervised_movement_signal,pertrace_tau18_embed5
monkeyT_session-y070201001-6_lfp-1,T,y070201001-6,1,movement,ok,187,1000,57,57.0,ami_first_local_minimum,1,1,3,psd_peak_count,29.0,29.0,,pertrace_unsupervised_movement_signal,pertrace_tau57_embed3
monkeyT_session-y070201009-11_lfp-1,T,y070201009-11,1,movement,ok,107,1000,24,24.0,ami_first_local_minimum,4,4,9,psd_peak_count,"4.0, 18.0, 29.0, 47.0",4.0,,pertrace_unsupervised_movement_signal,pertrace_tau24_embed9
monkeyT_session-y070201009-11_lfp-2,T,y070201009-11,2,movement,ok,107,1000,56,56.0,ami_first_local_minimum,4,4,9,psd_peak_count,"4.0, 17.0, 30.0, 36.0",4.0,,pertrace_unsupervised_movement_signal,pertrace_tau56_embed9
monkeyT_session-y070202001-7_lfp-1,T,y070202001-7,1,movement,ok,258,1000,27,27.0,ami_first_local_minimum,2,2,5,psd_peak_count,"31.0, 46.0",31.0,,pertrace_unsupervised_movement_signal,pertrace_tau27_embed5
monkeyT_session-y070202009-16_lfp-1,T,y070202009-16,1,movement,ok,140,1000,23,23.0,ami_first_local_minimum,3,3,7,psd_peak_count,"4.0, 29.0, 44.0",4.0,,pertrace_unsupervised_movement_signal,pertrace_tau23_embed7
monkeyT_session-y070202017-23_lfp-1,T,y070202017-23,1,movement,ok,87,1000,24,24.0,ami_first_local_minimum,4,4,9,psd_peak_count,"5.0, 27.0, 33.0, 47.0",5.0,,pertrace_unsupervised_movement_signal,pertrace_tau24_embed9
monkeyT_session-y070206006-12_lfp-1,T,y070206006-12,1,movement,ok,316,1000,23,23.0,ami_first_local_minimum,1,1,3,psd_peak_count,31.0,31.0,,pertrace_unsupervised_movement_signal,pertrace_tau23_embed3
monkeyT_session-y070207001-3_lfp-1,T,y070207001-3,1,movement,ok,113,1000,20,20.0,ami_first_local_minimum,2,2,5,psd_peak_count,"32.0, 40.0",32.0,,pertrace_unsupervised_movement_signal,pertrace_tau20_embed5
monkeyT_session-y070207001-3_lfp-2,T,y070207001-3,2,movement,ok,113,1000,55,55.0,ami_first_local_minimum,2,2,5,psd_peak_count,"28.0, 44.0",28.0,,pertrace_unsupervised_movement_signal,pertrace_tau55_embed5
monkeyT_session-y070207004-11_lfp-1,T,y070207004-11,1,movement,ok,329,1000,19,19.0,ami_first_local_minimum,1,1,3,psd_peak_count,29.0,29.0,,pertrace_unsupervised_movement_signal,pertrace_tau19_embed3
monkeyT_session-y070207004-11_lfp-2,T,y070207004-11,2,movement,ok,329,1000,59,59.0,ami_first_local_minimum,1,1,3,psd_peak_count,30.0,30.0,,pertrace_unsupervised_movement_signal,pertrace_tau59_embed3
monkeyT_session-y070207012-19_lfp-1,T,y070207012-19,1,movement,ok,264,1000,20,20.0,ami_first_local_minimum,1,1,3,psd_peak_count,29.0,29.0,,pertrace_unsupervised_movement_signal,pertrace_tau20_embed3
monkeyT_session-y070207012-19_lfp-2,T,y070207012-19,2,movement,ok,264,1000,54,54.0,ami_first_local_minimum,2,2,5,psd_peak_count,"30.0, 45.0",30.0,,pertrace_unsupervised_movement_signal,pertrace_tau54_embed5
monkeyT_session-y070208003-8_lfp-1,T,y070208003-8,1,movement,ok,283,1000,57,57.0,ami_first_local_minimum,2,2,5,psd_peak_count,"8.0, 30.0",8.0,,pertrace_unsupervised_movement_signal,pertrace_tau57_embed5
monkeyT_session-y070208003-8_lfp-2,T,y070208003-8,2,movement,ok,283,1000,21,21.0,ami_first_local_minimum,3,3,7,psd_peak_count,"8.0, 29.0, 44.0",8.0,,pertrace_unsupervised_movement_signal,pertrace_tau21_embed7
monkeyT_session-y070209004-10_lfp-1,T,y070209004-10,1,movement,ok,312,1000,24,24.0,ami_first_local_minimum,2,2,5,psd_peak_count,"5.0, 29.0",5.0,,pertrace_unsupervised_movement_signal,pertrace_tau24_embed5
monkeyT_session-y070209004-10_lfp-2,T,y070209004-10,2,movement,ok,312,1000,14,14.0,ami_first_local_minimum,4,4,9,psd_peak_count,"6.0, 24.0, 31.0, 53.0",6.0,,pertrace_unsupervised_movement_signal,pertrace_tau14_embed9
monkeyT_session-y070213003-8_lfp-1,T,y070213003-8,1,movement,ok,298,1000,22,22.0,ami_first_local_minimum,2,2,5,psd_peak_count,"33.0, 47.0",33.0,,pertrace_unsupervised_movement_signal,pertrace_tau22_embed5
monkeyT_session-y070214006-11_lfp-2,T,y070214006-11,2,movement,ok,265,1000,51,51.0,ami_first_local_minimum,2,2,5,psd_peak_count,"32.0, 47.0",32.0,,pertrace_unsupervised_movement_signal,pertrace_tau51_embed5
monkeyT_session-y070214012-17_lfp-2,T,y070214012-17,2,movement,ok,258,1000,53,53.0,ami_first_local_minimum,2,2,5,psd_peak_count,"32.0, 46.0",32.0,,pertrace_unsupervised_movement_signal,pertrace_tau53_embed5
monkeyT_session-y070214018-19_lfp-1,T,y070214018-19,1,movement,ok,90,1000,17,17.0,ami_first_local_minimum,2,2,5,psd_peak_count,"32.0, 45.0",32.0,,pertrace_unsupervised_movement_signal,pertrace_tau17_embed5
monkeyT_session-y070214018-19_lfp-2,T,y070214018-19,2,movement,ok,90,1000,59,59.0,ami_first_local_minimum,2,2,5,psd_peak_count,"31.0, 44.0",31.0,,pertrace_unsupervised_movement_signal,pertrace_tau59_embed5
monkeyT_session-y070214020-23_lfp-1,T,y070214020-23,1,movement,ok,110,1000,16,16.0,ami_first_local_minimum,3,3,7,psd_peak_count,"14.0, 33.0, 47.0",14.0,,pertrace_unsupervised_movement_signal,pertrace_tau16_embed7
monkeyT_session-y070214020-23_lfp-2,T,y070214020-23,2,movement,ok,111,1000,53,53.0,ami_first_local_minimum,3,3,7,psd_peak_count,"32.0, 40.0, 47.0",32.0,,pertrace_unsupervised_movement_signal,pertrace_tau53_embed7
monkeyT_session-y070215001-4_lfp-1,T,y070215001-4,1,movement,ok,161,1000,53,53.0,ami_first_local_minimum,2,2,5,psd_peak_count,"6.0, 30.0",6.0,,pertrace_unsupervised_movement_signal,pertrace_tau53_embed5
monkeyT_session-y070215001-4_lfp-2,T,y070215001-4,2,movement,ok,151,1000,49,49.0,ami_first_local_minimum,3,3,7,psd_peak_count,"6.0, 30.0, 37.0",6.0,,pertrace_unsupervised_movement_signal,pertrace_tau49_embed7
monkeyT_session-y070215005-10_lfp-1,T,y070215005-10,1,movement,ok,264,1000,20,20.0,ami_first_local_minimum,2,2,5,psd_peak_count,"30.0, 47.0",30.0,,pertrace_unsupervised_movement_signal,pertrace_tau20_embed5
monkeyT_session-y070215005-10_lfp-2,T,y070215005-10,2,movement,ok,264,1000,21,21.0,ami_first_local_minimum,3,3,7,psd_peak_count,"16.0, 30.0, 47.0",16.0,,pertrace_unsupervised_movement_signal,pertrace_tau21_embed7
monkeyT_session-y070215011-16_lfp-1,T,y070215011-16,1,movement,ok,234,1000,19,19.0,ami_first_local_minimum,2,2,5,psd_peak_count,"8.0, 32.0",8.0,,pertrace_unsupervised_movement_signal,pertrace_tau19_embed5
monkeyT_session-y070215011-16_lfp-2,T,y070215011-16,2,movement,ok,234,1000,54,54.0,ami_first_local_minimum,2,2,5,psd_peak_count,"32.0, 43.0",32.0,,pertrace_unsupervised_movement_signal,pertrace_tau54_embed5
monkeyT_session-y070215017-21_lfp-2,T,y070215017-21,2,movement,ok,182,1000,24,24.0,ami_first_local_minimum,2,2,5,psd_peak_count,"33.0, 47.0",33.0,,pertrace_unsupervised_movement_signal,pertrace_tau24_embed5
monkeyT_session-y070215017-21_lfp-4,T,y070215017-21,4,movement,ok,113,1000,16,16.0,ami_first_local_minimum,2,2,5,psd_peak_count,"31.0, 47.0",31.0,,pertrace_unsupervised_movement_signal,pertrace_tau16_embed5
monkeyT_session-y070228001-5_lfp-8,T,y070228001-5,8,movement,ok,216,1000,16,16.0,ami_first_local_minimum,2,2,5,psd_peak_count,"34.0, 53.0",34.0,,pertrace_unsupervised_movement_signal,pertrace_tau16_embed5
monkeyT_session-y070301002-6_lfp-8,T,y070301002-6,8,movement,ok,264,1000,52,52.0,ami_first_local_minimum,4,4,9,psd_peak_count,"5.0, 20.0, 29.0, 47.0",5.0,,pertrace_unsupervised_movement_signal,pertrace_tau52_embed9
monkeyT_session-y070301012-19_lfp-7,T,y070301012-19,7,movement,ok,359,1000,18,18.0,ami_first_local_minimum,4,4,9,psd_peak_count,"6.0, 22.0, 30.0, 47.0",6.0,,pertrace_unsupervised_movement_signal,pertrace_tau18_embed9
monkeyT_session-y070306001-5_lfp-5,T,y070306001-5,5,movement,ok,203,1000,17,17.0,ami_first_local_minimum,3,3,7,psd_peak_count,"5.0, 33.0, 47.0",5.0,,pertrace_unsupervised_movement_signal,pertrace_tau17_embed7
monkeyT_session-y070306001-5_lfp-7,T,y070306001-5,7,movement,ok,203,1000,24,24.0,ami_first_local_minimum,2,2,5,psd_peak_count,"6.0, 32.0",6.0,,pertrace_unsupervised_movement_signal,pertrace_tau24_embed5
monkeyT_session-y070306006-11_lfp-5,T,y070306006-11,5,movement,ok,217,1000,16,16.0,ami_first_local_minimum,2,2,5,psd_peak_count,"33.0, 47.0",33.0,,pertrace_unsupervised_movement_signal,pertrace_tau16_embed5
monkeyT_session-y070306006-11_lfp-7,T,y070306006-11,7,movement,ok,217,1000,54,54.0,ami_first_local_minimum,2,2,5,psd_peak_count,"31.0, 45.0",31.0,,pertrace_unsupervised_movement_signal,pertrace_tau54_embed5
monkeyT_session-y070307002-6_lfp-5,T,y070307002-6,5,movement,ok,258,1000,16,16.0,ami_first_local_minimum,3,3,7,psd_peak_count,"19.0, 32.0, 53.0",19.0,,pertrace_unsupervised_movement_signal,pertrace_tau16_embed7
monkeyT_session-y070307008-13_lfp-5,T,y070307008-13,5,movement,ok,277,1000,15,15.0,ami_first_local_minimum,4,4,9,psd_peak_count,"6.0, 19.0, 29.0, 53.0",6.0,,pertrace_unsupervised_movement_signal,pertrace_tau15_embed9
monkeyT_session-y070307014-16_lfp-5,T,y070307014-16,5,movement,ok,133,1000,15,15.0,ami_first_local_minimum,5,4,9,capped_at_4_modes,"7.0, 19.0, 29.0, 41.0, 53.0",7.0,,pertrace_unsupervised_movement_signal,pertrace_tau15_embed9
monkeyT_session-y070308002-6_lfp-6,T,y070308002-6,6,movement,ok,255,1000,43,43.0,ami_first_local_minimum,3,3,7,psd_peak_count,"7.0, 33.0, 47.0",7.0,,pertrace_unsupervised_movement_signal,pertrace_tau43_embed7
monkeyT_session-y070308014-17_lfp-5,T,y070308014-17,5,movement,ok,156,1000,11,11.0,ami_first_local_minimum,2,2,5,psd_peak_count,"19.0, 31.0",19.0,,pertrace_unsupervised_movement_signal,pertrace_tau11_embed5
monkeyT_session-y070312001-5_lfp-7,T,y070312001-5,7,movement,ok,265,1000,49,49.0,ami_first_local_minimum,4,4,9,psd_peak_count,"7.0, 18.0, 33.0, 53.0",7.0,,pertrace_unsupervised_movement_signal,pertrace_tau49_embed9
monkeyT_session-y070312001-5_lfp-8,T,y070312001-5,8,movement,ok,265,1000,20,20.0,ami_first_local_minimum,0,1,3,minimum_3d_no_robust_psd_peak,,,,pertrace_unsupervised_movement_signal,pertrace_tau20_embed3
monkeyT_session-y070312011-14_lfp-7,T,y070312011-14,7,movement,ok,160,1000,49,49.0,ami_first_local_minimum,4,4,9,psd_peak_count,"7.0, 18.0, 29.0, 42.0",7.0,,pertrace_unsupervised_movement_signal,pertrace_tau49_embed9
monkeyT_session-y070312011-14_lfp-8,T,y070312011-14,8,movement,ok,160,1000,57,57.0,ami_first_local_minimum,2,2,5,psd_peak_count,"38.0, 47.0",38.0,,pertrace_unsupervised_movement_signal,pertrace_tau57_embed5
monkeyT_session-y070314001-8_lfp-5,T,y070314001-8,5,movement,ok,213,1000,15,15.0,ami_first_local_minimum,3,3,7,psd_peak_count,"6.0, 32.0, 47.0",6.0,,pertrace_unsupervised_movement_signal,pertrace_tau15_embed7
monkeyT_session-y070314001-8_lfp-7,T,y070314001-8,7,movement,ok,213,1000,17,17.0,ami_first_local_minimum,3,3,7,psd_peak_count,"6.0, 33.0, 40.0",6.0,,pertrace_unsupervised_movement_signal,pertrace_tau17_embed7
monkeyT_session-y070315003-8_lfp-5,T,y070315003-8,5,movement,ok,253,1000,21,21.0,ami_first_local_minimum,2,2,5,psd_peak_count,"30.0, 41.0",30.0,,pertrace_unsupervised_movement_signal,pertrace_tau21_embed5
monkeyT_session-y070315003-8_lfp-6,T,y070315003-8,6,movement,ok,253,1000,20,20.0,ami_first_local_minimum,1,1,3,psd_peak_count,29.0,29.0,,pertrace_unsupervised_movement_signal,pertrace_tau20_embed3
monkeyT_session-y070315003-8_lfp-8,T,y070315003-8,8,movement,ok,253,1000,13,13.0,ami_first_local_minimum,5,4,9,capped_at_4_modes,"7.0, 17.0, 30.0, 38.0, 47.0",7.0,,pertrace_unsupervised_movement_signal,pertrace_tau13_embed9
monkeyT_session-y070315009-14_lfp-5,T,y070315009-14,5,movement,ok,281,1000,23,23.0,ami_first_local_minimum,2,2,5,psd_peak_count,"32.0, 47.0",32.0,,pertrace_unsupervised_movement_signal,pertrace_tau23_embed5
monkeyT_session-y070315009-14_lfp-6,T,y070315009-14,6,movement,ok,281,1000,19,19.0,ami_first_local_minimum,2,2,5,psd_peak_count,"28.0, 47.0",28.0,,pertrace_unsupervised_movement_signal,pertrace_tau19_embed5
monkeyT_session-y070315009-14_lfp-7,T,y070315009-14,7,movement,ok,281,1000,14,14.0,ami_first_local_minimum,3,3,7,psd_peak_count,"17.0, 29.0, 47.0",17.0,,pertrace_unsupervised_movement_signal,pertrace_tau14_embed7
monkeyT_session-y070315015-17_lfp-6,T,y070315015-17,6,movement,ok,142,1000,20,20.0,ami_first_local_minimum,2,2,5,psd_peak_count,"30.0, 53.0",30.0,,pertrace_unsupervised_movement_signal,pertrace_tau20_embed5
monkeyT_session-y070315015-17_lfp-7,T,y070315015-17,7,movement,ok,142,1000,17,17.0,ami_first_local_minimum,4,4,9,psd_peak_count,"4.0, 18.0, 33.0, 47.0",4.0,,pertrace_unsupervised_movement_signal,pertrace_tau17_embed9
monkeyT_session-y070316001-4_lfp-7,T,y070316001-4,7,movement,ok,256,1000,32,32.0,ami_first_local_minimum,3,3,7,psd_peak_count,"6.0, 28.0, 53.0",6.0,,pertrace_unsupervised_movement_signal,pertrace_tau32_embed7
monkeyT_session-y070316001-4_lfp-8,T,y070316001-4,8,movement,ok,257,1000,16,16.0,ami_first_local_minimum,4,4,9,psd_peak_count,"6.0, 18.0, 35.0, 47.0",6.0,,pertrace_unsupervised_movement_signal,pertrace_tau16_embed9
monkeyT_session-y070316006-8_lfp-7,T,y070316006-8,7,movement,ok,273,1000,31,31.0,ami_first_local_minimum,2,2,5,psd_peak_count,"30.0, 53.0",30.0,,pertrace_unsupervised_movement_signal,pertrace_tau31_embed5
monkeyT_session-y070316006-8_lfp-8,T,y070316006-8,8,movement,ok,270,1000,16,16.0,ami_first_local_minimum,3,3,7,psd_peak_count,"7.0, 28.0, 47.0",7.0,,pertrace_unsupervised_movement_signal,pertrace_tau16_embed7
monkeyT_session-y070316009-12_lfp-7,T,y070316009-12,7,movement,ok,404,1000,32,32.0,ami_first_local_minimum,2,2,5,psd_peak_count,"29.0, 47.0",29.0,,pertrace_unsupervised_movement_signal,pertrace_tau32_embed5
monkeyT_session-y070316009-12_lfp-8,T,y070316009-12,8,movement,ok,404,1000,15,15.0,ami_first_local_minimum,2,2,5,psd_peak_count,"28.0, 47.0",28.0,,pertrace_unsupervised_movement_signal,pertrace_tau15_embed5
monkeyT_session-y070412002-3_lfp-7,T,y070412002-3,7,movement,ok,88,1000,54,54.0,ami_first_local_minimum,3,3,7,psd_peak_count,"6.0, 18.0, 30.0",6.0,,pertrace_unsupervised_movement_signal,pertrace_tau54_embed7
monkeyT_session-y070412004-6_lfp-5,T,y070412004-6,5,movement,ok,130,1000,21,21.0,ami_first_local_minimum,3,3,7,psd_peak_count,"6.0, 14.0, 30.0",6.0,,pertrace_unsupervised_movement_signal,pertrace_tau21_embed7
monkeyT_session-y070412004-6_lfp-6,T,y070412004-6,6,movement,ok,130,1000,48,48.0,ami_first_local_minimum,4,4,9,psd_peak_count,"6.0, 15.0, 28.0, 45.0",6.0,,pertrace_unsupervised_movement_signal,pertrace_tau48_embed9
monkeyT_session-y070412004-6_lfp-7,T,y070412004-6,7,movement,ok,130,1000,52,52.0,ami_first_local_minimum,3,3,7,psd_peak_count,"6.0, 18.0, 29.0",6.0,,pertrace_unsupervised_movement_signal,pertrace_tau52_embed7
monkeyT_session-y070412007-9_lfp-5,T,y070412007-9,5,movement,ok,124,1000,22,22.0,ami_first_local_minimum,2,2,5,psd_peak_count,"30.0, 36.0",30.0,,pertrace_unsupervised_movement_signal,pertrace_tau22_embed5
monkeyT_session-y070412007-9_lfp-6,T,y070412007-9,6,movement,ok,124,1000,46,46.0,ami_first_local_minimum,4,4,9,psd_peak_count,"6.0, 15.0, 28.0, 45.0",6.0,,pertrace_unsupervised_movement_signal,pertrace_tau46_embed9
monkeyT_session-y070412010-15_lfp-5,T,y070412010-15,5,movement,ok,270,1000,23,23.0,ami_first_local_minimum,2,2,5,psd_peak_count,"6.0, 30.0",6.0,,pertrace_unsupervised_movement_signal,pertrace_tau23_embed5
monkeyT_session-y070412010-15_lfp-6,T,y070412010-15,6,movement,ok,270,1000,48,48.0,ami_first_local_minimum,4,4,9,psd_peak_count,"6.0, 15.0, 30.0, 45.0",6.0,,pertrace_unsupervised_movement_signal,pertrace_tau48_embed9
monkeyT_session-y070412010-15_lfp-7,T,y070412010-15,7,movement,ok,270,1000,27,27.0,ami_first_local_minimum,3,3,7,psd_peak_count,"6.0, 18.0, 30.0",6.0,,pertrace_unsupervised_movement_signal,pertrace_tau27_embed7
monkeyT_session-y070412010-15_lfp-8,T,y070412010-15,8,movement,ok,268,1000,52,52.0,ami_first_local_minimum,4,4,9,psd_peak_count,"6.0, 15.0, 30.0, 45.0",6.0,,pertrace_unsupervised_movement_signal,pertrace_tau52_embed9
monkeyT_session-y070412017-19_lfp-5,T,y070412017-19,5,movement,ok,90,1000,24,24.0,ami_first_local_minimum,4,4,9,psd_peak_count,"6.0, 29.0, 37.0, 46.0",6.0,,pertrace_unsupervised_movement_signal,pertrace_tau24_embed9
monkeyT_session-y070412017-19_lfp-6,T,y070412017-19,6,movement,ok,90,1000,46,46.0,ami_first_local_minimum,4,4,9,psd_peak_count,"6.0, 15.0, 32.0, 43.0",6.0,,pertrace_unsupervised_movement_signal,pertrace_tau46_embed9
monkeyT_session-y070412017-19_lfp-7,T,y070412017-19,7,movement,ok,90,1000,30,30.0,ami_first_local_minimum,5,4,9,capped_at_4_modes,"7.0, 18.0, 24.0, 31.0, 40.0",7.0,,pertrace_unsupervised_movement_signal,pertrace_tau30_embed9
monkeyT_session-y070412017-19_lfp-8,T,y070412017-19,8,movement,ok,90,1000,34,34.0,ami_first_local_minimum,4,4,9,psd_peak_count,"6.0, 15.0, 28.0, 47.0",6.0,,pertrace_unsupervised_movement_signal,pertrace_tau34_embed9
monkeyT_session-y070413002-8_lfp-6,T,y070413002-8,6,movement,ok,301,1000,14,14.0,ami_first_local_minimum,5,4,9,capped_at_4_modes,"5.0, 18.0, 34.0, 40.0, 47.0",5.0,,pertrace_unsupervised_movement_signal,pertrace_tau14_embed9
monkeyT_session-y070413009-13_lfp-5,T,y070413009-13,5,movement,ok,254,1000,7,7.0,ami_first_local_minimum,2,2,5,psd_peak_count,"29.0, 47.0",29.0,,pertrace_unsupervised_movement_signal,pertrace_tau7_embed5
monkeyT_session-y070413009-13_lfp-6,T,y070413009-13,6,movement,ok,254,1000,14,14.0,ami_first_local_minimum,4,4,9,psd_peak_count,"4.0, 18.0, 29.0, 47.0",4.0,,pertrace_unsupervised_movement_signal,pertrace_tau14_embed9
monkeyT_session-y070413009-13_lfp-7,T,y070413009-13,7,movement,ok,254,1000,7,7.0,ami_first_local_minimum,5,4,9,capped_at_4_modes,"5.0, 18.0, 30.0, 44.0, 47.0",5.0,,pertrace_unsupervised_movement_signal,pertrace_tau7_embed9
monkeyT_session-y070413009-13_lfp-8,T,y070413009-13,8,movement,ok,254,1000,7,7.0,ami_first_local_minimum,4,4,9,psd_peak_count,"5.0, 18.0, 34.0, 47.0",5.0,,pertrace_unsupervised_movement_signal,pertrace_tau7_embed9
monkeyT_session-y070416003-7_lfp-5,T,y070416003-7,5,movement,ok,255,1000,14,14.0,ami_first_local_minimum,1,1,3,psd_peak_count,29.0,29.0,,pertrace_unsupervised_movement_signal,pertrace_tau14_embed3
monkeyT_session-y070416003-7_lfp-6,T,y070416003-7,6,movement,ok,255,1000,19,19.0,ami_first_local_minimum,1,1,3,psd_peak_count,30.0,30.0,,pertrace_unsupervised_movement_signal,pertrace_tau19_embed3
monkeyT_session-y070416009-13_lfp-5,T,y070416009-13,5,movement,ok,253,1000,19,19.0,ami_first_local_minimum,1,1,3,psd_peak_count,29.0,29.0,,pertrace_unsupervised_movement_signal,pertrace_tau19_embed3
monkeyT_session-y070416009-13_lfp-6,T,y070416009-13,6,movement,ok,253,1000,18,18.0,ami_first_local_minimum,1,1,3,psd_peak_count,30.0,30.0,,pertrace_unsupervised_movement_signal,pertrace_tau18_embed3
monkeyT_session-y070419002-5_lfp-5,T,y070419002-5,5,movement,ok,252,1000,12,12.0,ami_first_local_minimum,2,2,5,psd_peak_count,"29.0, 47.0",29.0,,pertrace_unsupervised_movement_signal,pertrace_tau12_embed5
monkeyT_session-y070419002-5_lfp-7,T,y070419002-5,7,movement,ok,252,1000,11,11.0,ami_first_local_minimum,2,2,5,psd_peak_count,"30.0, 47.0",30.0,,pertrace_unsupervised_movement_signal,pertrace_tau11_embed5
monkeyT_session-y070419007-8_lfp-5,T,y070419007-8,5,movement,ok,125,1000,12,12.0,ami_first_local_minimum,2,2,5,psd_peak_count,"31.0, 47.0",31.0,,pertrace_unsupervised_movement_signal,pertrace_tau12_embed5
monkeyT_session-y070419007-8_lfp-7,T,y070419007-8,7,movement,ok,125,1000,12,12.0,ami_first_local_minimum,2,2,5,psd_peak_count,"30.0, 47.0",30.0,,pertrace_unsupervised_movement_signal,pertrace_tau12_embed5
monkeyT_session-y070420002-5_lfp-5,T,y070420002-5,5,movement,ok,259,1000,12,12.0,ami_first_local_minimum,2,2,5,psd_peak_count,"30.0, 47.0",30.0,,pertrace_unsupervised_movement_signal,pertrace_tau12_embed5
monkeyT_session-y070420002-5_lfp-8,T,y070420002-5,8,movement,ok,259,1000,13,13.0,ami_first_local_minimum,3,3,7,psd_peak_count,"6.0, 31.0, 47.0",6.0,,pertrace_unsupervised_movement_signal,pertrace_tau13_embed7
monkeyT_session-y070420006-10_lfp-5,T,y070420006-10,5,movement,ok,259,1000,12,12.0,ami_first_local_minimum,2,2,5,psd_peak_count,"35.0, 47.0",35.0,,pertrace_unsupervised_movement_signal,pertrace_tau12_embed5
monkeyT_session-y070420006-10_lfp-7,T,y070420006-10,7,movement,ok,259,1000,14,14.0,ami_first_local_minimum,3,3,7,psd_peak_count,"6.0, 35.0, 47.0",6.0,,pertrace_unsupervised_movement_signal,pertrace_tau14_embed7
monkeyT_session-y070423002-6_lfp-5,T,y070423002-6,5,movement,ok,256,1000,9,9.0,ami_first_local_minimum,3,3,7,psd_peak_count,"4.0, 30.0, 47.0",4.0,,pertrace_unsupervised_movement_signal,pertrace_tau9_embed7
monkeyT_session-y070423002-6_lfp-6,T,y070423002-6,6,movement,ok,256,1000,13,13.0,ami_first_local_minimum,3,3,7,psd_peak_count,"29.0, 42.0, 47.0",29.0,,pertrace_unsupervised_movement_signal,pertrace_tau13_embed7
monkeyT_session-y070423008-14_lfp-5,T,y070423008-14,5,movement,ok,257,1000,14,14.0,ami_first_local_minimum,2,2,5,psd_peak_count,"29.0, 47.0",29.0,,pertrace_unsupervised_movement_signal,pertrace_tau14_embed5
monkeyT_session-y070423008-14_lfp-7,T,y070423008-14,7,movement,ok,255,1000,8,8.0,ami_first_local_minimum,3,3,7,psd_peak_count,"6.0, 31.0, 47.0",6.0,,pertrace_unsupervised_movement_signal,pertrace_tau8_embed7
monkeyT_session-y070424001-6_lfp-5,T,y070424001-6,5,movement,ok,262,1000,14,14.0,ami_first_local_minimum,3,3,7,psd_peak_count,"7.0, 29.0, 47.0",7.0,,pertrace_unsupervised_movement_signal,pertrace_tau14_embed7
monkeyT_session-y070424001-6_lfp-6,T,y070424001-6,6,movement,ok,262,1000,13,13.0,ami_first_local_minimum,3,3,7,psd_peak_count,"18.0, 27.0, 47.0",18.0,,pertrace_unsupervised_movement_signal,pertrace_tau13_embed7
monkeyT_session-y070424001-6_lfp-7,T,y070424001-6,7,movement,ok,262,1000,12,12.0,ami_first_local_minimum,2,2,5,psd_peak_count,"28.0, 47.0",28.0,,pertrace_unsupervised_movement_signal,pertrace_tau12_embed5
monkeyT_session-y070424001-6_lfp-8,T,y070424001-6,8,movement,ok,262,1000,20,20.0,ami_first_local_minimum,2,2,5,psd_peak_count,"28.0, 47.0",28.0,,pertrace_unsupervised_movement_signal,pertrace_tau20_embed5
monkeyT_session-y070424007-15_lfp-5,T,y070424007-15,5,movement,ok,358,1000,14,14.0,ami_first_local_minimum,4,4,9,psd_peak_count,"6.0, 30.0, 39.0, 47.0",6.0,,pertrace_unsupervised_movement_signal,pertrace_tau14_embed9
monkeyT_session-y070424007-15_lfp-8,T,y070424007-15,8,movement,ok,324,1000,33,33.0,ami_first_local_minimum,2,2,5,psd_peak_count,"30.0, 47.0",30.0,,pertrace_unsupervised_movement_signal,pertrace_tau33_embed5
monkeyT_session-y070425001-6_lfp-6,T,y070425001-6,6,movement,ok,318,1000,19,19.0,ami_first_local_minimum,1,1,3,psd_peak_count,29.0,29.0,,pertrace_unsupervised_movement_signal,pertrace_tau19_embed3
monkeyT_session-y070425001-6_lfp-8,T,y070425001-6,8,movement,ok,315,1000,21,21.0,ami_first_local_minimum,1,1,3,psd_peak_count,29.0,29.0,,pertrace_unsupervised_movement_signal,pertrace_tau21_embed3
monkeyT_session-y070425007-12_lfp-5,T,y070425007-12,5,movement,ok,300,1000,15,15.0,ami_first_local_minimum,2,2,5,psd_peak_count,"29.0, 47.0",29.0,,pertrace_unsupervised_movement_signal,pertrace_tau15_embed5
monkeyT_session-y070425007-12_lfp-6,T,y070425007-12,6,movement,ok,294,1000,20,20.0,ami_first_local_minimum,2,2,5,psd_peak_count,"31.0, 47.0",31.0,,pertrace_unsupervised_movement_signal,pertrace_tau20_embed5
monkeyT_session-y070425007-12_lfp-7,T,y070425007-12,7,movement,ok,300,1000,14,14.0,ami_first_local_minimum,1,1,3,psd_peak_count,30.0,30.0,,pertrace_unsupervised_movement_signal,pertrace_tau14_embed3
monkeyT_session-y070425007-12_lfp-8,T,y070425007-12,8,movement,ok,300,1000,20,20.0,ami_first_local_minimum,1,1,3,psd_peak_count,29.0,29.0,,pertrace_unsupervised_movement_signal,pertrace_tau20_embed3
monkeyT_session-y070426001-5_lfp-5,T,y070426001-5,5,movement,ok,257,1000,13,13.0,ami_first_local_minimum,4,4,9,psd_peak_count,"6.0, 29.0, 43.0, 47.0",6.0,,pertrace_unsupervised_movement_signal,pertrace_tau13_embed9
monkeyT_session-y070426006-13_lfp-7,T,y070426006-13,7,movement,ok,277,1000,14,14.0,ami_first_local_minimum,2,2,5,psd_peak_count,"28.0, 47.0",28.0,,pertrace_unsupervised_movement_signal,pertrace_tau14_embed5
monkeyT_session-y070426006-13_lfp-8,T,y070426006-13,8,movement,ok,277,1000,13,13.0,ami_first_local_minimum,5,4,9,capped_at_4_modes,"3.0, 19.0, 30.0, 43.0, 47.0",3.0,,pertrace_unsupervised_movement_signal,pertrace_tau13_embed9
monkeyT_session-y070502002-7_lfp-6,T,y070502002-7,6,movement,ok,284,1000,57,57.0,ami_first_local_minimum,3,3,7,psd_peak_count,"19.0, 30.0, 44.0",19.0,,pertrace_unsupervised_movement_signal,pertrace_tau57_embed7
monkeyT_session-y070502002-7_lfp-7,T,y070502002-7,7,movement,ok,284,1000,62,62.0,ami_first_local_minimum,1,1,3,psd_peak_count,33.0,33.0,,pertrace_unsupervised_movement_signal,pertrace_tau62_embed3
monkeyT_session-y070502008-15_lfp-5,T,y070502008-15,5,movement,ok,266,1000,7,7.0,ami_first_local_minimum,4,4,9,psd_peak_count,"6.0, 19.0, 31.0, 47.0",6.0,,pertrace_unsupervised_movement_signal,pertrace_tau7_embed9
monkeyT_session-y070502008-15_lfp-6,T,y070502008-15,6,movement,ok,266,1000,8,8.0,ami_first_local_minimum,4,4,9,psd_peak_count,"6.0, 19.0, 28.0, 53.0",6.0,,pertrace_unsupervised_movement_signal,pertrace_tau8_embed9
monkeyT_session-y070502008-15_lfp-7,T,y070502008-15,7,movement,ok,266,1000,12,12.0,ami_first_local_minimum,2,2,5,psd_peak_count,"35.0, 47.0",35.0,,pertrace_unsupervised_movement_signal,pertrace_tau12_embed5
monkeyT_session-y070502008-15_lfp-8,T,y070502008-15,8,movement,ok,266,1000,7,7.0,ami_first_local_minimum,3,3,7,psd_peak_count,"33.0, 43.0, 47.0",33.0,,pertrace_unsupervised_movement_signal,pertrace_tau7_embed7
monkeyT_session-y070503001-7_lfp-5,T,y070503001-7,5,movement,ok,307,1000,8,8.0,ami_first_local_minimum,3,3,7,psd_peak_count,"20.0, 30.0, 47.0",20.0,,pertrace_unsupervised_movement_signal,pertrace_tau8_embed7
monkeyT_session-y070503001-7_lfp-6,T,y070503001-7,6,movement,ok,307,1000,13,13.0,ami_first_local_minimum,2,2,5,psd_peak_count,"29.0, 47.0",29.0,,pertrace_unsupervised_movement_signal,pertrace_tau13_embed5
monkeyT_session-y070503011-16_lfp-5,T,y070503011-16,5,movement,ok,261,1000,7,7.0,ami_first_local_minimum,3,3,7,psd_peak_count,"20.0, 30.0, 47.0",20.0,,pertrace_unsupervised_movement_signal,pertrace_tau7_embed7
monkeyT_session-y070503011-16_lfp-6,T,y070503011-16,6,movement,ok,261,1000,13,13.0,ami_first_local_minimum,2,2,5,psd_peak_count,"28.0, 47.0",28.0,,pertrace_unsupervised_movement_signal,pertrace_tau13_embed5
monkeyT_session-y070503011-16_lfp-8,T,y070503011-16,8,movement,ok,260,1000,13,13.0,ami_first_local_minimum,2,2,5,psd_peak_count,"31.0, 47.0",31.0,,pertrace_unsupervised_movement_signal,pertrace_tau13_embed5
