lfp_uid,monkey,session_id,lfp_id,source_cell_id,twodir,source_pair_index,n_trials,n_samples,sampling_rate_hz,go_sample_zero_based,n_directions,n_delay_types,has_all_6_directions,has_short_and_long,converted_path,direction_1_count,direction_2_count,direction_3_count,direction_4_count,direction_5_count,direction_6_count,short_delay_count,long_delay_count,unknown_delay_count
monkeyT_session-y070130005-13_lfp-2,T,y070130005-13,2,SpN1-1,,0,253,6301,1000,4500,6,2,True,True,lfp_converted_data/monkeyT_session-y070130005-13_lfp-2.npz,42,42,42,42,43,42,126,127,0
monkeyT_session-y070130005-13_lfp-1,T,y070130005-13,1,SpN2-1,,1,253,6301,1000,4500,6,2,True,True,lfp_converted_data/monkeyT_session-y070130005-13_lfp-1.npz,42,42,42,42,43,42,126,127,0
monkeyT_session-y070201001-6_lfp-1,T,y070201001-6,1,SpN2-6,,4,187,6301,1000,4500,6,2,True,True,lfp_converted_data/monkeyT_session-y070201001-6_lfp-1.npz,33,31,31,31,30,31,95,92,0
monkeyT_session-y070201009-11_lfp-2,T,y070201009-11,2,SpN1-1,3,6,108,6301,1000,4500,2,2,False,True,lfp_converted_data/monkeyT_session-y070201009-11_lfp-2.npz,0,0,54,0,0,54,54,54,0
monkeyT_session-y070201009-11_lfp-1,T,y070201009-11,1,SpN2-2,3,7,108,6301,1000,4500,2,2,False,True,lfp_converted_data/monkeyT_session-y070201009-11_lfp-1.npz,0,0,54,0,0,54,54,54,0
monkeyT_session-y070202001-7_lfp-1,T,y070202001-7,1,SpN2-1,,9,258,6301,1000,4500,6,2,True,True,lfp_converted_data/monkeyT_session-y070202001-7_lfp-1.npz,43,42,43,42,44,44,131,127,0
monkeyT_session-y070202009-16_lfp-1,T,y070202009-16,1,SpN2-1,,10,140,6301,1000,4500,6,2,True,True,lfp_converted_data/monkeyT_session-y070202009-16_lfp-1.npz,22,22,25,23,23,25,74,66,0
monkeyT_session-y070202017-23_lfp-1,T,y070202017-23,1,SpN3-1,3,11,87,6301,1000,4500,2,2,False,True,lfp_converted_data/monkeyT_session-y070202017-23_lfp-1.npz,0,0,44,0,0,43,44,43,0
monkeyT_session-y070206006-12_lfp-1,T,y070206006-12,1,SpN4-1,,14,316,6301,1000,4500,6,2,True,True,lfp_converted_data/monkeyT_session-y070206006-12_lfp-1.npz,52,53,53,53,52,53,157,159,0
monkeyT_session-y070207001-3_lfp-2,T,y070207001-3,2,SpN1-1,,15,113,6301,1000,4500,6,2,True,True,lfp_converted_data/monkeyT_session-y070207001-3_lfp-2.npz,19,20,19,18,18,19,56,57,0
monkeyT_session-y070207001-3_lfp-1,T,y070207001-3,1,SpN4-1,,16,113,6301,1000,4500,6,2,True,True,lfp_converted_data/monkeyT_session-y070207001-3_lfp-1.npz,19,20,19,18,18,19,56,57,0
monkeyT_session-y070207004-11_lfp-2,T,y070207004-11,2,SpN1-1,,17,329,6301,1000,4500,6,2,True,True,lfp_converted_data/monkeyT_session-y070207004-11_lfp-2.npz,55,57,53,55,53,56,163,166,0
monkeyT_session-y070207004-11_lfp-1,T,y070207004-11,1,SpN2-1,,18,329,6301,1000,4500,6,2,True,True,lfp_converted_data/monkeyT_session-y070207004-11_lfp-1.npz,55,57,53,55,53,56,163,166,0
monkeyT_session-y070207012-19_lfp-2,T,y070207012-19,2,SpN1-1,,20,264,6301,1000,4500,6,2,True,True,lfp_converted_data/monkeyT_session-y070207012-19_lfp-2.npz,44,44,44,44,44,44,132,132,0
monkeyT_session-y070207012-19_lfp-1,T,y070207012-19,1,SpN3-1,,22,264,6301,1000,4500,6,2,True,True,lfp_converted_data/monkeyT_session-y070207012-19_lfp-1.npz,44,44,44,44,44,44,132,132,0
monkeyT_session-y070208003-8_lfp-2,T,y070208003-8,2,SpN1-1,,23,283,6301,1000,4500,6,2,True,True,lfp_converted_data/monkeyT_session-y070208003-8_lfp-2.npz,48,49,48,47,45,46,139,144,0
monkeyT_session-y070208003-8_lfp-1,T,y070208003-8,1,SpN2-1,,24,283,6301,1000,4500,6,2,True,True,lfp_converted_data/monkeyT_session-y070208003-8_lfp-1.npz,48,49,48,47,45,46,139,144,0
monkeyT_session-y070209004-10_lfp-2,T,y070209004-10,2,SpN1-1,,25,312,6301,1000,4500,6,2,True,True,lfp_converted_data/monkeyT_session-y070209004-10_lfp-2.npz,52,52,52,52,52,52,156,156,0
monkeyT_session-y070209004-10_lfp-1,T,y070209004-10,1,SpN2-2,,27,312,6301,1000,4500,6,2,True,True,lfp_converted_data/monkeyT_session-y070209004-10_lfp-1.npz,52,52,52,52,52,52,156,156,0
monkeyT_session-y070213003-8_lfp-1,T,y070213003-8,1,Spi2-1,,28,298,6301,1000,4500,6,2,True,True,lfp_converted_data/monkeyT_session-y070213003-8_lfp-1.npz,50,52,50,51,50,45,150,148,0
monkeyT_session-y070214006-11_lfp-2,T,y070214006-11,2,Spi1-2,,29,265,6301,1000,4500,6,2,True,True,lfp_converted_data/monkeyT_session-y070214006-11_lfp-2.npz,44,44,44,45,44,44,133,132,0
monkeyT_session-y070214012-17_lfp-2,T,y070214012-17,2,Spi1-1,,30,258,6301,1000,4500,6,2,True,True,lfp_converted_data/monkeyT_session-y070214012-17_lfp-2.npz,43,42,44,42,44,43,130,128,0
monkeyT_session-y070214018-19_lfp-2,T,y070214018-19,2,SpN1-1,2,33,90,6301,1000,4500,2,2,False,True,lfp_converted_data/monkeyT_session-y070214018-19_lfp-2.npz,0,44,0,0,46,0,46,44,0
monkeyT_session-y070214018-19_lfp-1,T,y070214018-19,1,Spi2-1,2,34,90,6301,1000,4500,2,2,False,True,lfp_converted_data/monkeyT_session-y070214018-19_lfp-1.npz,0,44,0,0,46,0,46,44,0
monkeyT_session-y070214020-23_lfp-2,T,y070214020-23,2,Spi1-1,2,36,111,6301,1000,4500,2,2,False,True,lfp_converted_data/monkeyT_session-y070214020-23_lfp-2.npz,0,56,0,0,55,0,55,56,0
monkeyT_session-y070214020-23_lfp-1,T,y070214020-23,1,Spi2-1,2,37,110,6301,1000,4500,2,2,False,True,lfp_converted_data/monkeyT_session-y070214020-23_lfp-1.npz,0,55,0,0,55,0,55,55,0
monkeyT_session-y070215001-4_lfp-2,T,y070215001-4,2,Spi1-1,,39,151,6301,1000,4500,6,2,True,True,lfp_converted_data/monkeyT_session-y070215001-4_lfp-2.npz,27,28,24,26,23,23,77,74,0
monkeyT_session-y070215001-4_lfp-1,T,y070215001-4,1,Spi2-1,,40,161,6301,1000,4500,6,2,True,True,lfp_converted_data/monkeyT_session-y070215001-4_lfp-1.npz,27,28,26,27,26,27,80,81,0
monkeyT_session-y070215005-10_lfp-2,T,y070215005-10,2,Spi1-1,,45,264,6301,1000,4500,6,2,True,True,lfp_converted_data/monkeyT_session-y070215005-10_lfp-2.npz,44,45,44,44,44,43,131,133,0
monkeyT_session-y070215005-10_lfp-1,T,y070215005-10,1,Spi2-1,,47,264,6301,1000,4500,6,2,True,True,lfp_converted_data/monkeyT_session-y070215005-10_lfp-1.npz,44,45,44,44,44,43,131,133,0
monkeyT_session-y070215011-16_lfp-2,T,y070215011-16,2,Spi1-2,,51,234,6301,1000,4500,6,2,True,True,lfp_converted_data/monkeyT_session-y070215011-16_lfp-2.npz,38,39,37,41,42,37,121,113,0
monkeyT_session-y070215011-16_lfp-1,T,y070215011-16,1,Spi2-1,,53,234,6301,1000,4500,6,2,True,True,lfp_converted_data/monkeyT_session-y070215011-16_lfp-1.npz,38,39,37,41,42,37,121,113,0
monkeyT_session-y070215017-21_lfp-4,T,y070215017-21,4,Spi2-1,3,57,113,6301,1000,4500,2,2,False,True,lfp_converted_data/monkeyT_session-y070215017-21_lfp-4.npz,0,0,59,0,0,54,65,48,0
monkeyT_session-y070215017-21_lfp-2,T,y070215017-21,2,SpN3-1,3,58,182,6301,1000,4500,2,2,False,True,lfp_converted_data/monkeyT_session-y070215017-21_lfp-2.npz,0,0,89,0,0,93,92,90,0
monkeyT_session-y070228001-5_lfp-8,T,y070228001-5,8,Spi5-1,,61,216,6301,1000,4500,6,2,True,True,lfp_converted_data/monkeyT_session-y070228001-5_lfp-8.npz,35,36,36,37,33,39,111,105,0
monkeyT_session-y070301002-6_lfp-8,T,y070301002-6,8,Spi5-1,,67,264,6301,1000,4500,6,2,True,True,lfp_converted_data/monkeyT_session-y070301002-6_lfp-8.npz,44,44,44,44,44,44,132,132,0
monkeyT_session-y070301012-19_lfp-7,T,y070301012-19,7,Spi5-1,,72,359,6301,1000,4500,6,2,True,True,lfp_converted_data/monkeyT_session-y070301012-19_lfp-7.npz,60,60,59,60,60,60,179,180,0
monkeyT_session-y070306001-5_lfp-7,T,y070306001-5,7,Spi5-1,,77,203,6301,1000,4500,6,2,True,True,lfp_converted_data/monkeyT_session-y070306001-5_lfp-7.npz,34,33,34,34,34,34,102,101,0
monkeyT_session-y070306001-5_lfp-5,T,y070306001-5,5,Spi7-1,,78,203,6301,1000,4500,6,2,True,True,lfp_converted_data/monkeyT_session-y070306001-5_lfp-5.npz,34,33,34,34,34,34,102,101,0
monkeyT_session-y070306006-11_lfp-7,T,y070306006-11,7,Spi5-1,,80,217,6301,1000,4500,6,2,True,True,lfp_converted_data/monkeyT_session-y070306006-11_lfp-7.npz,36,38,36,34,37,36,110,107,0
monkeyT_session-y070306006-11_lfp-5,T,y070306006-11,5,Spi7-1,,81,217,6301,1000,4500,6,2,True,True,lfp_converted_data/monkeyT_session-y070306006-11_lfp-5.npz,36,38,36,34,37,36,110,107,0
monkeyT_session-y070307002-6_lfp-5,T,y070307002-6,5,Spi6-1,,84,258,6301,1000,4500,6,2,True,True,lfp_converted_data/monkeyT_session-y070307002-6_lfp-5.npz,42,44,43,44,41,44,131,127,0
monkeyT_session-y070307008-13_lfp-5,T,y070307008-13,5,Spi6-1,,88,277,6301,1000,4500,6,2,True,True,lfp_converted_data/monkeyT_session-y070307008-13_lfp-5.npz,46,46,50,44,47,44,137,140,0
monkeyT_session-y070307014-16_lfp-5,T,y070307014-16,5,SpN6-1,1,91,133,6301,1000,4500,2,2,False,True,lfp_converted_data/monkeyT_session-y070307014-16_lfp-5.npz,66,0,0,67,0,0,66,67,0
monkeyT_session-y070308002-6_lfp-6,T,y070308002-6,6,Spi5-1,,95,255,6301,1000,4500,6,2,True,True,lfp_converted_data/monkeyT_session-y070308002-6_lfp-6.npz,42,43,42,42,43,43,126,129,0
monkeyT_session-y070308014-17_lfp-5,T,y070308014-17,5,Spi6-1,3,101,156,6301,1000,4500,2,2,False,True,lfp_converted_data/monkeyT_session-y070308014-17_lfp-5.npz,0,0,78,0,0,78,77,78,1
monkeyT_session-y070312001-5_lfp-7,T,y070312001-5,7,Spi5-1,,106,265,6301,1000,4500,6,2,True,True,lfp_converted_data/monkeyT_session-y070312001-5_lfp-7.npz,43,45,45,44,43,45,131,134,0
monkeyT_session-y070312001-5_lfp-8,T,y070312001-5,8,Spi7-1,,109,265,6301,1000,4500,6,2,True,True,lfp_converted_data/monkeyT_session-y070312001-5_lfp-8.npz,43,45,45,44,43,45,131,134,0
monkeyT_session-y070312011-14_lfp-7,T,y070312011-14,7,Spi5-1,,111,160,6301,1000,4500,6,2,True,True,lfp_converted_data/monkeyT_session-y070312011-14_lfp-7.npz,26,27,28,26,27,26,81,79,0
monkeyT_session-y070312011-14_lfp-8,T,y070312011-14,8,Spi7-1,,114,160,6301,1000,4500,6,2,True,True,lfp_converted_data/monkeyT_session-y070312011-14_lfp-8.npz,26,27,28,26,27,26,81,79,0
monkeyT_session-y070314001-8_lfp-7,T,y070314001-8,7,Spi5-2,,117,213,6301,1000,4500,6,2,True,True,lfp_converted_data/monkeyT_session-y070314001-8_lfp-7.npz,37,35,35,34,35,37,105,108,0
monkeyT_session-y070314001-8_lfp-5,T,y070314001-8,5,Spi7-2,,118,213,6301,1000,4500,6,2,True,True,lfp_converted_data/monkeyT_session-y070314001-8_lfp-5.npz,37,35,35,34,35,37,105,108,0
monkeyT_session-y070315003-8_lfp-6,T,y070315003-8,6,Spi5-1,,120,253,6301,1000,4500,6,2,True,True,lfp_converted_data/monkeyT_session-y070315003-8_lfp-6.npz,43,43,42,42,41,42,127,126,0
monkeyT_session-y070315003-8_lfp-5,T,y070315003-8,5,Spi6-1,,123,253,6301,1000,4500,6,2,True,True,lfp_converted_data/monkeyT_session-y070315003-8_lfp-5.npz,43,43,42,42,41,42,127,126,0
monkeyT_session-y070315003-8_lfp-8,T,y070315003-8,8,Spi7-1,,125,253,6301,1000,4500,6,2,True,True,lfp_converted_data/monkeyT_session-y070315003-8_lfp-8.npz,43,43,42,42,41,42,127,126,0
monkeyT_session-y070315009-14_lfp-6,T,y070315009-14,6,Spi5-1,,128,281,6301,1000,4500,6,2,True,True,lfp_converted_data/monkeyT_session-y070315009-14_lfp-6.npz,46,42,46,49,50,48,139,142,0
monkeyT_session-y070315009-14_lfp-5,T,y070315009-14,5,Spi6-1,,130,281,6301,1000,4500,6,2,True,True,lfp_converted_data/monkeyT_session-y070315009-14_lfp-5.npz,46,42,46,49,50,48,139,142,0
monkeyT_session-y070315009-14_lfp-7,T,y070315009-14,7,Spi8-1,,134,281,6301,1000,4500,6,2,True,True,lfp_converted_data/monkeyT_session-y070315009-14_lfp-7.npz,46,42,46,49,50,48,139,142,0
monkeyT_session-y070315015-17_lfp-6,T,y070315015-17,6,Spi5-1,2,136,142,6301,1000,4500,2,2,False,True,lfp_converted_data/monkeyT_session-y070315015-17_lfp-6.npz,0,72,0,0,70,0,74,68,0
monkeyT_session-y070315015-17_lfp-7,T,y070315015-17,7,Spi6-2,2,137,142,6301,1000,4500,2,2,False,True,lfp_converted_data/monkeyT_session-y070315015-17_lfp-7.npz,0,72,0,0,70,0,74,68,0
monkeyT_session-y070316001-4_lfp-8,T,y070316001-4,8,Spi7-1,,143,257,6301,1000,4500,6,2,True,True,lfp_converted_data/monkeyT_session-y070316001-4_lfp-8.npz,43,43,42,43,43,43,129,128,0
monkeyT_session-y070316001-4_lfp-7,T,y070316001-4,7,Spi8-1,,145,256,6301,1000,4500,6,2,True,True,lfp_converted_data/monkeyT_session-y070316001-4_lfp-7.npz,43,43,42,43,42,43,129,127,0
monkeyT_session-y070316006-8_lfp-8,T,y070316006-8,8,Spi7-1,,148,270,6301,1000,4500,6,2,True,True,lfp_converted_data/monkeyT_session-y070316006-8_lfp-8.npz,43,44,45,46,45,47,135,135,0
monkeyT_session-y070316006-8_lfp-7,T,y070316006-8,7,Spi8-1,,151,273,6301,1000,4500,6,2,True,True,lfp_converted_data/monkeyT_session-y070316006-8_lfp-7.npz,44,45,46,46,45,47,136,137,0
monkeyT_session-y070316009-12_lfp-8,T,y070316009-12,8,Spi7-1,,153,404,6301,1000,4500,6,2,True,True,lfp_converted_data/monkeyT_session-y070316009-12_lfp-8.npz,68,68,67,68,66,67,203,201,0
monkeyT_session-y070316009-12_lfp-7,T,y070316009-12,7,Spi8-1,,156,404,6301,1000,4500,6,2,True,True,lfp_converted_data/monkeyT_session-y070316009-12_lfp-7.npz,68,68,67,68,66,67,203,201,0
monkeyT_session-y070412002-3_lfp-7,T,y070412002-3,7,Spi8-1,1,159,88,6301,1000,4500,2,2,False,True,lfp_converted_data/monkeyT_session-y070412002-3_lfp-7.npz,44,0,0,44,0,0,44,44,0
monkeyT_session-y070412004-6_lfp-6,T,y070412004-6,6,Spi5-1,2,160,130,6301,1000,4500,2,2,False,True,lfp_converted_data/monkeyT_session-y070412004-6_lfp-6.npz,0,65,0,0,65,0,64,66,0
monkeyT_session-y070412004-6_lfp-5,T,y070412004-6,5,Spi6-2,2,162,130,6301,1000,4500,2,2,False,True,lfp_converted_data/monkeyT_session-y070412004-6_lfp-5.npz,0,65,0,0,65,0,64,66,0
monkeyT_session-y070412004-6_lfp-7,T,y070412004-6,7,Spi8-1,2,164,130,6301,1000,4500,2,2,False,True,lfp_converted_data/monkeyT_session-y070412004-6_lfp-7.npz,0,65,0,0,65,0,64,66,0
monkeyT_session-y070412007-9_lfp-6,T,y070412007-9,6,SpN5-1,3,166,124,6301,1000,4500,2,2,False,True,lfp_converted_data/monkeyT_session-y070412007-9_lfp-6.npz,0,0,61,0,0,63,62,62,0
monkeyT_session-y070412007-9_lfp-5,T,y070412007-9,5,Spi6-1,3,168,124,6301,1000,4500,2,2,False,True,lfp_converted_data/monkeyT_session-y070412007-9_lfp-5.npz,0,0,61,0,0,63,62,62,0
monkeyT_session-y070412010-15_lfp-6,T,y070412010-15,6,SpN5-1,,173,270,6301,1000,4500,6,2,True,True,lfp_converted_data/monkeyT_session-y070412010-15_lfp-6.npz,45,44,46,45,46,44,135,135,0
monkeyT_session-y070412010-15_lfp-5,T,y070412010-15,5,SpN6-1,,175,270,6301,1000,4500,6,2,True,True,lfp_converted_data/monkeyT_session-y070412010-15_lfp-5.npz,45,44,46,45,46,44,135,135,0
monkeyT_session-y070412010-15_lfp-8,T,y070412010-15,8,Spi7-1,,177,268,6301,1000,4500,6,2,True,True,lfp_converted_data/monkeyT_session-y070412010-15_lfp-8.npz,44,44,46,44,46,44,133,135,0
monkeyT_session-y070412010-15_lfp-7,T,y070412010-15,7,Spi8-1,,178,270,6301,1000,4500,6,2,True,True,lfp_converted_data/monkeyT_session-y070412010-15_lfp-7.npz,45,44,46,45,46,44,135,135,0
monkeyT_session-y070412017-19_lfp-6,T,y070412017-19,6,Spi5-1,2,180,90,6301,1000,4500,2,2,False,True,lfp_converted_data/monkeyT_session-y070412017-19_lfp-6.npz,0,44,0,0,46,0,45,45,0
monkeyT_session-y070412017-19_lfp-5,T,y070412017-19,5,Spi6-2,2,183,90,6301,1000,4500,2,2,False,True,lfp_converted_data/monkeyT_session-y070412017-19_lfp-5.npz,0,44,0,0,46,0,45,45,0
monkeyT_session-y070412017-19_lfp-8,T,y070412017-19,8,SpN7-1,2,184,90,6301,1000,4500,2,2,False,True,lfp_converted_data/monkeyT_session-y070412017-19_lfp-8.npz,0,44,0,0,46,0,45,45,0
monkeyT_session-y070412017-19_lfp-7,T,y070412017-19,7,SpN8-1,2,186,90,6301,1000,4500,2,2,False,True,lfp_converted_data/monkeyT_session-y070412017-19_lfp-7.npz,0,44,0,0,46,0,45,45,0
monkeyT_session-y070413002-8_lfp-6,T,y070413002-8,6,SpN5-1,,188,301,6301,1000,4500,6,2,True,True,lfp_converted_data/monkeyT_session-y070413002-8_lfp-6.npz,52,52,50,50,49,48,151,150,0
monkeyT_session-y070413009-13_lfp-6,T,y070413009-13,6,SpN5-1,,193,254,6301,1000,4500,6,2,True,True,lfp_converted_data/monkeyT_session-y070413009-13_lfp-6.npz,42,43,42,43,42,42,128,126,0
monkeyT_session-y070413009-13_lfp-5,T,y070413009-13,5,Spi6-1,,195,254,6301,1000,4500,6,2,True,True,lfp_converted_data/monkeyT_session-y070413009-13_lfp-5.npz,42,43,42,43,42,42,128,126,0
monkeyT_session-y070413009-13_lfp-8,T,y070413009-13,8,Spi7-2,,197,254,6301,1000,4500,6,2,True,True,lfp_converted_data/monkeyT_session-y070413009-13_lfp-8.npz,42,43,42,43,42,42,128,126,0
monkeyT_session-y070413009-13_lfp-7,T,y070413009-13,7,Spi8-1,,199,254,6301,1000,4500,6,2,True,True,lfp_converted_data/monkeyT_session-y070413009-13_lfp-7.npz,42,43,42,43,42,42,128,126,0
monkeyT_session-y070416003-7_lfp-6,T,y070416003-7,6,Spi5-1,,200,255,6301,1000,4500,6,2,True,True,lfp_converted_data/monkeyT_session-y070416003-7_lfp-6.npz,43,43,42,43,42,42,127,128,0
monkeyT_session-y070416003-7_lfp-5,T,y070416003-7,5,Spi6-1,,201,255,6301,1000,4500,6,2,True,True,lfp_converted_data/monkeyT_session-y070416003-7_lfp-5.npz,43,43,42,43,42,42,127,128,0
monkeyT_session-y070416009-13_lfp-6,T,y070416009-13,6,Spi5-1,,205,253,6301,1000,4500,6,2,True,True,lfp_converted_data/monkeyT_session-y070416009-13_lfp-6.npz,42,42,42,43,42,42,126,127,0
monkeyT_session-y070416009-13_lfp-5,T,y070416009-13,5,Spi6-1,,207,253,6301,1000,4500,6,2,True,True,lfp_converted_data/monkeyT_session-y070416009-13_lfp-5.npz,42,42,42,43,42,42,126,127,0
monkeyT_session-y070419002-5_lfp-7,T,y070419002-5,7,Spi5-1,,210,252,6301,1000,4500,6,2,True,True,lfp_converted_data/monkeyT_session-y070419002-5_lfp-7.npz,42,42,42,42,42,42,126,126,0
monkeyT_session-y070419002-5_lfp-5,T,y070419002-5,5,Spi7-1,,211,252,6301,1000,4500,6,2,True,True,lfp_converted_data/monkeyT_session-y070419002-5_lfp-5.npz,42,42,42,42,42,42,126,126,0
monkeyT_session-y070419007-8_lfp-7,T,y070419007-8,7,Spi5-1,2,216,125,6301,1000,4500,2,2,False,True,lfp_converted_data/monkeyT_session-y070419007-8_lfp-7.npz,0,64,0,0,61,0,62,63,0
monkeyT_session-y070419007-8_lfp-5,T,y070419007-8,5,Spi7-1,2,218,125,6301,1000,4500,2,2,False,True,lfp_converted_data/monkeyT_session-y070419007-8_lfp-5.npz,0,64,0,0,61,0,62,63,0
monkeyT_session-y070420002-5_lfp-8,T,y070420002-5,8,Spi5-1,,221,259,6301,1000,4500,6,2,True,True,lfp_converted_data/monkeyT_session-y070420002-5_lfp-8.npz,43,43,43,42,44,44,129,130,0
monkeyT_session-y070420002-5_lfp-5,T,y070420002-5,5,Spi7-1,,223,259,6301,1000,4500,6,2,True,True,lfp_converted_data/monkeyT_session-y070420002-5_lfp-5.npz,43,43,43,42,44,44,129,130,0
monkeyT_session-y070420006-10_lfp-7,T,y070420006-10,7,Spi5-1,,226,259,6301,1000,4500,6,2,True,True,lfp_converted_data/monkeyT_session-y070420006-10_lfp-7.npz,44,43,42,44,44,42,129,130,0
monkeyT_session-y070420006-10_lfp-5,T,y070420006-10,5,SpN7-1,,229,259,6301,1000,4500,6,2,True,True,lfp_converted_data/monkeyT_session-y070420006-10_lfp-5.npz,44,43,42,44,44,42,129,130,0
monkeyT_session-y070423002-6_lfp-6,T,y070423002-6,6,Spi5-1,,231,256,6301,1000,4500,6,2,True,True,lfp_converted_data/monkeyT_session-y070423002-6_lfp-6.npz,43,42,43,43,43,42,129,127,0
monkeyT_session-y070423002-6_lfp-5,T,y070423002-6,5,Spi6-1,,234,256,6301,1000,4500,6,2,True,True,lfp_converted_data/monkeyT_session-y070423002-6_lfp-5.npz,43,42,43,43,43,42,129,127,0
monkeyT_session-y070423008-14_lfp-7,T,y070423008-14,7,SpN5-1,,236,255,6301,1000,4500,6,2,True,True,lfp_converted_data/monkeyT_session-y070423008-14_lfp-7.npz,42,43,43,42,43,42,129,126,0
monkeyT_session-y070423008-14_lfp-5,T,y070423008-14,5,Spi6-1,,238,257,6301,1000,4500,6,2,True,True,lfp_converted_data/monkeyT_session-y070423008-14_lfp-5.npz,42,43,43,43,43,43,130,127,0
monkeyT_session-y070424001-6_lfp-6,T,y070424001-6,6,Spi5-1,,242,262,6301,1000,4500,6,2,True,True,lfp_converted_data/monkeyT_session-y070424001-6_lfp-6.npz,43,44,43,44,44,44,132,130,0
monkeyT_session-y070424001-6_lfp-5,T,y070424001-6,5,Spi6-1,,243,262,6301,1000,4500,6,2,True,True,lfp_converted_data/monkeyT_session-y070424001-6_lfp-5.npz,43,44,43,44,44,44,132,130,0
monkeyT_session-y070424001-6_lfp-8,T,y070424001-6,8,Spi7-1,,245,262,6301,1000,4500,6,2,True,True,lfp_converted_data/monkeyT_session-y070424001-6_lfp-8.npz,43,44,43,44,44,44,132,130,0
monkeyT_session-y070424001-6_lfp-7,T,y070424001-6,7,Spi8-1,,246,262,6301,1000,4500,6,2,True,True,lfp_converted_data/monkeyT_session-y070424001-6_lfp-7.npz,43,44,43,44,44,44,132,130,0
monkeyT_session-y070424007-15_lfp-8,T,y070424007-15,8,Spi5-1,,247,324,6301,1000,4500,6,2,True,True,lfp_converted_data/monkeyT_session-y070424007-15_lfp-8.npz,53,56,57,53,50,55,161,163,0
monkeyT_session-y070424007-15_lfp-5,T,y070424007-15,5,Spi8-1,,249,358,6301,1000,4500,6,2,True,True,lfp_converted_data/monkeyT_session-y070424007-15_lfp-5.npz,60,60,60,60,58,60,178,180,0
monkeyT_session-y070425001-6_lfp-6,T,y070425001-6,6,Spi5-1,,251,318,6301,1000,4500,6,2,True,True,lfp_converted_data/monkeyT_session-y070425001-6_lfp-6.npz,53,52,53,52,55,53,158,160,0
monkeyT_session-y070425001-6_lfp-8,T,y070425001-6,8,Spi6-1,,255,315,6301,1000,4500,6,2,True,True,lfp_converted_data/monkeyT_session-y070425001-6_lfp-8.npz,52,52,53,52,54,52,157,158,0
monkeyT_session-y070425007-12_lfp-6,T,y070425007-12,6,Spi5-1,,259,294,6301,1000,4500,6,2,True,True,lfp_converted_data/monkeyT_session-y070425007-12_lfp-6.npz,52,48,52,46,48,48,151,143,0
monkeyT_session-y070425007-12_lfp-5,T,y070425007-12,5,Spi6-1,,261,300,6301,1000,4500,6,2,True,True,lfp_converted_data/monkeyT_session-y070425007-12_lfp-5.npz,52,49,52,48,49,50,153,147,0
monkeyT_session-y070425007-12_lfp-8,T,y070425007-12,8,Spi7-1,,262,300,6301,1000,4500,6,2,True,True,lfp_converted_data/monkeyT_session-y070425007-12_lfp-8.npz,52,49,52,48,49,50,153,147,0
monkeyT_session-y070425007-12_lfp-7,T,y070425007-12,7,Spi8-1,,264,300,6301,1000,4500,6,2,True,True,lfp_converted_data/monkeyT_session-y070425007-12_lfp-7.npz,52,49,52,48,49,50,153,147,0
monkeyT_session-y070426001-5_lfp-5,T,y070426001-5,5,Spi6-1,,265,257,6301,1000,4500,6,2,True,True,lfp_converted_data/monkeyT_session-y070426001-5_lfp-5.npz,42,44,43,44,42,42,128,129,0
monkeyT_session-y070426006-13_lfp-7,T,y070426006-13,7,Spi5-1,,272,277,6301,1000,4500,6,2,True,True,lfp_converted_data/monkeyT_session-y070426006-13_lfp-7.npz,47,45,47,46,47,45,135,142,0
monkeyT_session-y070426006-13_lfp-8,T,y070426006-13,8,Spi7-1,,278,277,6301,1000,4500,6,2,True,True,lfp_converted_data/monkeyT_session-y070426006-13_lfp-8.npz,47,45,47,46,47,45,135,142,0
monkeyT_session-y070502002-7_lfp-6,T,y070502002-7,6,Spi5-1,,283,284,6301,1000,4500,6,2,True,True,lfp_converted_data/monkeyT_session-y070502002-7_lfp-6.npz,48,47,47,49,47,46,139,145,0
monkeyT_session-y070502002-7_lfp-7,T,y070502002-7,7,Spi6-1,,284,284,6301,1000,4500,6,2,True,True,lfp_converted_data/monkeyT_session-y070502002-7_lfp-7.npz,48,47,47,49,47,46,139,145,0
monkeyT_session-y070502008-15_lfp-6,T,y070502008-15,6,Spi5-1,,289,266,6301,1000,4500,6,2,True,True,lfp_converted_data/monkeyT_session-y070502008-15_lfp-6.npz,45,45,44,44,44,44,133,133,0
monkeyT_session-y070502008-15_lfp-5,T,y070502008-15,5,Spi6-1,,291,266,6301,1000,4500,6,2,True,True,lfp_converted_data/monkeyT_session-y070502008-15_lfp-5.npz,45,45,44,44,44,44,133,133,0
monkeyT_session-y070502008-15_lfp-8,T,y070502008-15,8,Spi7-1,,294,266,6301,1000,4500,6,2,True,True,lfp_converted_data/monkeyT_session-y070502008-15_lfp-8.npz,45,45,44,44,44,44,133,133,0
monkeyT_session-y070502008-15_lfp-7,T,y070502008-15,7,Spi8-1,,295,266,6301,1000,4500,6,2,True,True,lfp_converted_data/monkeyT_session-y070502008-15_lfp-7.npz,45,45,44,44,44,44,133,133,0
monkeyT_session-y070503001-7_lfp-6,T,y070503001-7,6,Spi5-1,,297,307,6301,1000,4500,6,2,True,True,lfp_converted_data/monkeyT_session-y070503001-7_lfp-6.npz,52,52,51,50,50,52,154,153,0
monkeyT_session-y070503001-7_lfp-5,T,y070503001-7,5,Spi6-1,,299,307,6301,1000,4500,6,2,True,True,lfp_converted_data/monkeyT_session-y070503001-7_lfp-5.npz,52,52,51,50,50,52,154,153,0
monkeyT_session-y070503011-16_lfp-6,T,y070503011-16,6,Spi5-1,,304,261,6301,1000,4500,6,2,True,True,lfp_converted_data/monkeyT_session-y070503011-16_lfp-6.npz,43,45,42,44,43,44,132,129,0
monkeyT_session-y070503011-16_lfp-8,T,y070503011-16,8,Spi6-1,,306,260,6301,1000,4500,6,2,True,True,lfp_converted_data/monkeyT_session-y070503011-16_lfp-8.npz,43,45,41,44,43,44,131,129,0
monkeyT_session-y070503011-16_lfp-5,T,y070503011-16,5,Spi8-1,,311,261,6301,1000,4500,6,2,True,True,lfp_converted_data/monkeyT_session-y070503011-16_lfp-5.npz,43,45,42,44,43,44,132,129,0
monkeyM_session-o080326006-9_lfp-1,M,o080326006-9,1,Spi3-1,1,0,40,6801,1000,4500,2,2,False,True,lfp_converted_data/monkeyM_session-o080326006-9_lfp-1.npz,20,0,0,20,0,0,20,20,0
monkeyM_session-o080327001-7_lfp-1,M,o080327001-7,1,Spi2-1,3,3,98,6801,1000,4500,2,2,False,True,lfp_converted_data/monkeyM_session-o080327001-7_lfp-1.npz,0,0,50,0,0,48,50,48,0
monkeyM_session-o080403001-7_lfp-2,M,o080403001-7,2,Spi1-1,1,10,101,6801,1000,4500,2,2,False,True,lfp_converted_data/monkeyM_session-o080403001-7_lfp-2.npz,51,0,0,50,0,0,52,49,0
monkeyM_session-o080403001-7_lfp-1,M,o080403001-7,1,Spi4-1,1,11,101,6801,1000,4500,2,2,False,True,lfp_converted_data/monkeyM_session-o080403001-7_lfp-1.npz,51,0,0,50,0,0,52,49,0
monkeyM_session-o080403009-14_lfp-2,M,o080403009-14,2,Spi1-1,2,16,117,6801,1000,4500,2,2,False,True,lfp_converted_data/monkeyM_session-o080403009-14_lfp-2.npz,0,60,0,0,57,0,61,56,0
monkeyM_session-o080403009-14_lfp-1,M,o080403009-14,1,Spi4-1,2,17,117,6801,1000,4500,2,2,False,True,lfp_converted_data/monkeyM_session-o080403009-14_lfp-1.npz,0,60,0,0,57,0,61,56,0
monkeyM_session-o080403015-20_lfp-2,M,o080403015-20,2,Spi1-1,3,23,81,6801,1000,4500,2,2,False,True,lfp_converted_data/monkeyM_session-o080403015-20_lfp-2.npz,0,0,40,0,0,41,41,40,0
monkeyM_session-o080403015-20_lfp-1,M,o080403015-20,1,Spi4-1,3,24,81,6801,1000,4500,2,2,False,True,lfp_converted_data/monkeyM_session-o080403015-20_lfp-1.npz,0,0,40,0,0,41,41,40,0
monkeyM_session-o080404002-6_lfp-2,M,o080404002-6,2,Spi1-1,2,28,91,6801,1000,4500,2,2,False,True,lfp_converted_data/monkeyM_session-o080404002-6_lfp-2.npz,0,43,0,0,48,0,46,45,0
monkeyM_session-o080404002-6_lfp-1,M,o080404002-6,1,Spi4-1,2,30,91,6801,1000,4500,2,2,False,True,lfp_converted_data/monkeyM_session-o080404002-6_lfp-1.npz,0,43,0,0,48,0,46,45,0
monkeyM_session-o080404007-12_lfp-1,M,o080404007-12,1,Spi2-1,1,34,105,6801,1000,4500,2,2,False,True,lfp_converted_data/monkeyM_session-o080404007-12_lfp-1.npz,52,0,0,53,0,0,54,51,0
monkeyM_session-o080404013-18_lfp-1,M,o080404013-18,1,Spi2-1,3,46,86,6801,1000,4500,2,2,False,True,lfp_converted_data/monkeyM_session-o080404013-18_lfp-1.npz,0,0,43,0,0,42,45,41,0
monkeyM_session-o080408001-4_lfp-1,M,o080408001-4,1,Spi4-1,1,55,88,6801,1000,4500,2,2,False,True,lfp_converted_data/monkeyM_session-o080408001-4_lfp-1.npz,44,0,0,44,0,0,46,42,0
monkeyM_session-o080410001-7_lfp-2,M,o080410001-7,2,Spi1-1,2,58,118,6801,1000,4500,2,2,False,True,lfp_converted_data/monkeyM_session-o080410001-7_lfp-2.npz,0,60,0,0,58,0,60,58,0
monkeyM_session-o080410001-7_lfp-1,M,o080410001-7,1,Spi2-1,2,59,118,6801,1000,4500,2,2,False,True,lfp_converted_data/monkeyM_session-o080410001-7_lfp-1.npz,0,60,0,0,58,0,60,58,0
monkeyM_session-o080410008-13_lfp-2,M,o080410008-13,2,Spi1-1,1,66,120,6801,1000,4500,2,2,False,True,lfp_converted_data/monkeyM_session-o080410008-13_lfp-2.npz,60,0,0,60,0,0,60,60,0
monkeyM_session-o080410008-13_lfp-1,M,o080410008-13,1,Spi2-1,1,69,120,6801,1000,4500,2,2,False,True,lfp_converted_data/monkeyM_session-o080410008-13_lfp-1.npz,60,0,0,60,0,0,60,60,0
monkeyM_session-o080410017-23_lfp-2,M,o080410017-23,2,Spi1-1,3,76,98,6801,1000,4500,2,2,False,True,lfp_converted_data/monkeyM_session-o080410017-23_lfp-2.npz,0,0,50,0,0,48,52,46,0
monkeyM_session-o080410017-23_lfp-1,M,o080410017-23,1,SpN2-3,3,77,98,6801,1000,4500,2,2,False,True,lfp_converted_data/monkeyM_session-o080410017-23_lfp-1.npz,0,0,50,0,0,48,52,46,0
monkeyM_session-o080411001-6_lfp-4,M,o080411001-6,4,Spi2-1,1,83,97,6801,1000,4500,2,2,False,True,lfp_converted_data/monkeyM_session-o080411001-6_lfp-4.npz,50,0,0,47,0,0,50,47,0
monkeyM_session-o080411001-6_lfp-2,M,o080411001-6,2,Spi4-1,1,84,97,6801,1000,4500,2,2,False,True,lfp_converted_data/monkeyM_session-o080411001-6_lfp-2.npz,50,0,0,47,0,0,50,47,0
monkeyM_session-o080411007-14_lfp-1,M,o080411007-14,1,Spi2-1,2,88,86,6801,1000,4500,2,2,False,True,lfp_converted_data/monkeyM_session-o080411007-14_lfp-1.npz,0,42,0,0,44,0,41,45,0
monkeyM_session-o080415001-7_lfp-1,M,o080415001-7,1,Spi2-1,1,97,89,6801,1000,4500,2,2,False,True,lfp_converted_data/monkeyM_session-o080415001-7_lfp-1.npz,47,0,0,42,0,0,44,45,0
monkeyM_session-o080415008-14_lfp-1,M,o080415008-14,1,Spi6-1,2,101,100,6801,1000,4500,2,2,False,True,lfp_converted_data/monkeyM_session-o080415008-14_lfp-1.npz,0,50,0,0,50,0,50,50,0
monkeyM_session-o080416002-18_lfp-2,M,o080416002-18,2,Spi1-1,,103,289,6801,1000,4500,6,2,True,True,lfp_converted_data/monkeyM_session-o080416002-18_lfp-2.npz,49,48,48,48,48,48,144,145,0
monkeyM_session-o080416002-18_lfp-1,M,o080416002-18,1,Spi2-1,,104,289,6801,1000,4500,6,2,True,True,lfp_converted_data/monkeyM_session-o080416002-18_lfp-1.npz,49,48,48,48,48,48,144,145,0
monkeyM_session-o080417003-14_lfp-4,M,o080417003-14,4,Spi1-1,,109,259,6801,1000,4500,6,2,True,True,lfp_converted_data/monkeyM_session-o080417003-14_lfp-4.npz,45,41,42,45,44,42,129,130,0
monkeyM_session-o080417003-14_lfp-1,M,o080417003-14,1,Spi4-1,,111,259,6801,1000,4500,6,2,True,True,lfp_converted_data/monkeyM_session-o080417003-14_lfp-1.npz,45,41,42,45,44,42,129,130,0
monkeyM_session-o080422011-21_lfp-2,M,o080422011-21,2,Spi1-1,,113,263,6801,1000,4500,6,2,True,True,lfp_converted_data/monkeyM_session-o080422011-21_lfp-2.npz,46,45,46,43,40,43,132,131,0
monkeyM_session-o080423001-5_lfp-8,M,o080423001-5,8,Spi6-1,,114,214,6801,1000,4500,6,2,True,True,lfp_converted_data/monkeyM_session-o080423001-5_lfp-8.npz,35,38,35,36,35,35,111,103,0
monkeyM_session-o080423001-5_lfp-6,M,o080423001-5,6,Spi8-1,,116,214,6801,1000,4500,6,2,True,True,lfp_converted_data/monkeyM_session-o080423001-5_lfp-6.npz,35,38,35,36,35,35,111,103,0
monkeyM_session-o080424002-11_lfp-1,M,o080424002-11,1,Spi3-1,,117,241,6801,1000,4500,6,2,True,True,lfp_converted_data/monkeyM_session-o080424002-11_lfp-1.npz,40,40,40,41,40,40,121,120,0
monkeyM_session-o080424012-22_lfp-1,M,o080424012-22,1,Spi3-1,,120,284,6801,1000,4500,6,2,True,True,lfp_converted_data/monkeyM_session-o080424012-22_lfp-1.npz,48,47,48,48,48,45,142,142,0
monkeyM_session-o080425003-12_lfp-1,M,o080425003-12,1,Spi2-1,,121,241,6801,1000,4500,6,2,True,True,lfp_converted_data/monkeyM_session-o080425003-12_lfp-1.npz,40,41,40,40,40,40,120,121,0
monkeyM_session-o080425013-21_lfp-1,M,o080425013-21,1,Spi2-1,,130,168,6801,1000,4500,6,2,True,True,lfp_converted_data/monkeyM_session-o080425013-21_lfp-1.npz,28,27,26,30,29,28,87,81,0
monkeyM_session-o080429002-7_lfp-2,M,o080429002-7,2,Spi5-2,,135,250,6801,1000,4500,6,2,True,True,lfp_converted_data/monkeyM_session-o080429002-7_lfp-2.npz,42,40,43,41,42,42,125,125,0
monkeyM_session-o080429011-12_lfp-2,M,o080429011-12,2,Spi5-1,3,137,101,6801,1000,4500,2,2,False,True,lfp_converted_data/monkeyM_session-o080429011-12_lfp-2.npz,0,0,51,0,0,50,51,50,0
monkeyM_session-o080430002-12_lfp-1,M,o080430002-12,1,Spi2-1,,144,250,6801,1000,4500,6,2,True,True,lfp_converted_data/monkeyM_session-o080430002-12_lfp-1.npz,42,40,42,42,41,43,127,123,0
monkeyM_session-o080430013-23_lfp-2,M,o080430013-23,2,Spi1-1,,149,254,6801,1000,4500,6,2,True,True,lfp_converted_data/monkeyM_session-o080430013-23_lfp-2.npz,41,44,41,45,42,41,130,124,0
monkeyM_session-o080430013-23_lfp-1,M,o080430013-23,1,Spi2-1,,150,254,6801,1000,4500,6,2,True,True,lfp_converted_data/monkeyM_session-o080430013-23_lfp-1.npz,41,44,41,45,42,41,130,124,0
monkeyM_session-o080501001-6_lfp-1,M,o080501001-6,1,Spi2-1,,156,146,6801,1000,4500,6,2,True,True,lfp_converted_data/monkeyM_session-o080501001-6_lfp-1.npz,25,29,28,25,19,20,79,67,0
monkeyM_session-o080501018-21_lfp-6,M,o080501018-21,6,Spi2-1,3,161,103,6801,1000,4500,2,2,False,True,lfp_converted_data/monkeyM_session-o080501018-21_lfp-6.npz,0,0,50,0,0,53,51,52,0
monkeyM_session-o080501018-21_lfp-7,M,o080501018-21,7,Spi6-1,3,163,103,6801,1000,4500,2,2,False,True,lfp_converted_data/monkeyM_session-o080501018-21_lfp-7.npz,0,0,50,0,0,53,51,52,0
monkeyM_session-o080506002-22_lfp-2,M,o080506002-22,2,Spi1-1,,166,410,6801,1000,4500,6,2,True,True,lfp_converted_data/monkeyM_session-o080506002-22_lfp-2.npz,66,69,67,68,71,69,213,197,0
monkeyM_session-o080506002-22_lfp-1,M,o080506002-22,1,Spi2-1,,168,410,6801,1000,4500,6,2,True,True,lfp_converted_data/monkeyM_session-o080506002-22_lfp-1.npz,66,69,67,68,71,69,213,197,0
monkeyM_session-o080507002-11_lfp-1,M,o080507002-11,1,Spi5-1,,172,242,6801,1000,4500,6,2,True,True,lfp_converted_data/monkeyM_session-o080507002-11_lfp-1.npz,40,40,40,42,40,40,121,121,0
monkeyM_session-o080507012-23_lfp-2,M,o080507012-23,2,Spi1-3,,176,233,6801,1000,4500,6,2,True,True,lfp_converted_data/monkeyM_session-o080507012-23_lfp-2.npz,36,41,37,40,41,38,119,114,0
monkeyM_session-o080507012-23_lfp-1,M,o080507012-23,1,Spi7-1,,177,233,6801,1000,4500,6,2,True,True,lfp_converted_data/monkeyM_session-o080507012-23_lfp-1.npz,36,41,37,40,41,38,119,114,0
monkeyM_session-o080509001-9_lfp-1,M,o080509001-9,1,Spi5-1,,179,227,6801,1000,4500,6,2,True,True,lfp_converted_data/monkeyM_session-o080509001-9_lfp-1.npz,35,37,36,41,40,38,111,116,0
monkeyM_session-o080509010-19_lfp-1,M,o080509010-19,1,Spi5-1,,181,232,6801,1000,4500,6,2,True,True,lfp_converted_data/monkeyM_session-o080509010-19_lfp-1.npz,34,44,35,39,39,41,120,112,0
monkeyM_session-o080513001-9_lfp-2,M,o080513001-9,2,Spi1-1,,185,224,6801,1000,4500,6,2,True,True,lfp_converted_data/monkeyM_session-o080513001-9_lfp-2.npz,37,38,38,38,36,37,116,108,0
monkeyM_session-o080513001-9_lfp-1,M,o080513001-9,1,Spi7-1,,186,224,6801,1000,4500,6,2,True,True,lfp_converted_data/monkeyM_session-o080513001-9_lfp-1.npz,37,38,38,38,36,37,116,108,0
monkeyM_session-o080513010-18_lfp-2,M,o080513010-18,2,Spi1-1,,189,225,6801,1000,4500,6,2,True,True,lfp_converted_data/monkeyM_session-o080513010-18_lfp-2.npz,33,39,36,40,37,40,113,112,0
monkeyM_session-o080513010-18_lfp-1,M,o080513010-18,1,Spi6-1,,190,225,6801,1000,4500,6,2,True,True,lfp_converted_data/monkeyM_session-o080513010-18_lfp-1.npz,33,39,36,40,37,40,113,112,0
monkeyM_session-o080514007-17_lfp-1,M,o080514007-17,1,Spi5-1,,194,198,6801,1000,4500,6,2,True,True,lfp_converted_data/monkeyM_session-o080514007-17_lfp-1.npz,30,30,34,34,37,33,103,95,0
monkeyM_session-o080515002-11_lfp-2,M,o080515002-11,2,Spi1-1,,197,245,6801,1000,4500,6,2,True,True,lfp_converted_data/monkeyM_session-o080515002-11_lfp-2.npz,42,40,41,41,41,40,123,122,0
monkeyM_session-o080515002-11_lfp-1,M,o080515002-11,1,Spi2-1,,199,245,6801,1000,4500,6,2,True,True,lfp_converted_data/monkeyM_session-o080515002-11_lfp-1.npz,42,40,41,41,41,40,123,122,0
monkeyM_session-o080515012-24_lfp-2,M,o080515012-24,2,Spi1-1,,202,292,6801,1000,4500,6,2,True,True,lfp_converted_data/monkeyM_session-o080515012-24_lfp-2.npz,49,51,45,51,49,47,141,151,0
monkeyM_session-o080515012-24_lfp-1,M,o080515012-24,1,Spi2-1,,203,292,6801,1000,4500,6,2,True,True,lfp_converted_data/monkeyM_session-o080515012-24_lfp-1.npz,49,51,45,51,49,47,141,151,0
monkeyM_session-o080516002-14_lfp-4,M,o080516002-14,4,Spi1-1,,204,167,6801,1000,4500,6,2,True,True,lfp_converted_data/monkeyM_session-o080516002-14_lfp-4.npz,31,35,25,27,29,20,89,78,0
monkeyM_session-o080516002-14_lfp-1,M,o080516002-14,1,Spi4-1,,206,167,6801,1000,4500,6,2,True,True,lfp_converted_data/monkeyM_session-o080516002-14_lfp-1.npz,31,35,25,27,29,20,89,78,0
monkeyM_session-o080516015-26_lfp-5,M,o080516015-26,5,Spi1-1,,210,155,6801,1000,4500,6,2,True,True,lfp_converted_data/monkeyM_session-o080516015-26_lfp-5.npz,27,23,25,26,26,28,80,75,0
monkeyM_session-o080520001-6_lfp-4,M,o080520001-6,4,Spi2-2,1,215,101,6801,1000,4500,2,2,False,True,lfp_converted_data/monkeyM_session-o080520001-6_lfp-4.npz,50,0,0,51,0,0,51,50,0
monkeyM_session-o080520001-6_lfp-2,M,o080520001-6,2,Spi7-1,1,216,101,6801,1000,4500,2,2,False,True,lfp_converted_data/monkeyM_session-o080520001-6_lfp-2.npz,50,0,0,51,0,0,51,50,0
monkeyM_session-o080520007-14_lfp-4,M,o080520007-14,4,Spi2-1,3,218,53,6801,1000,4500,2,2,False,True,lfp_converted_data/monkeyM_session-o080520007-14_lfp-4.npz,0,0,27,0,0,26,27,26,0
monkeyM_session-o080520007-14_lfp-2,M,o080520007-14,2,Spi5-1,3,219,53,6801,1000,4500,2,2,False,True,lfp_converted_data/monkeyM_session-o080520007-14_lfp-2.npz,0,0,27,0,0,26,27,26,0
monkeyM_session-o080521001-5_lfp-1,M,o080521001-5,1,Spi2-1,1,223,66,6801,1000,4500,2,2,False,True,lfp_converted_data/monkeyM_session-o080521001-5_lfp-1.npz,31,0,0,35,0,0,36,30,0
monkeyM_session-o080521006-9_lfp-1,M,o080521006-9,1,Spi4-1,3,226,86,6801,1000,4500,2,2,False,True,lfp_converted_data/monkeyM_session-o080521006-9_lfp-1.npz,0,0,45,0,0,41,44,42,0
monkeyM_session-o080521010-13_lfp-5,M,o080521010-13,5,Spi2-1,3,228,122,6801,1000,4500,2,2,False,True,lfp_converted_data/monkeyM_session-o080521010-13_lfp-5.npz,0,0,62,0,0,60,60,62,0
monkeyM_session-o080521010-13_lfp-2,M,o080521010-13,2,Spi5-1,3,229,122,6801,1000,4500,2,2,False,True,lfp_converted_data/monkeyM_session-o080521010-13_lfp-2.npz,0,0,62,0,0,60,60,62,0
monkeyM_session-o080521014-17_lfp-2,M,o080521014-17,2,Spi1-1,2,231,115,6801,1000,4500,2,2,False,True,lfp_converted_data/monkeyM_session-o080521014-17_lfp-2.npz,0,57,0,0,58,0,60,55,0
monkeyM_session-o080521014-17_lfp-1,M,o080521014-17,1,Spi2-1,2,232,115,6801,1000,4500,2,2,False,True,lfp_converted_data/monkeyM_session-o080521014-17_lfp-1.npz,0,57,0,0,58,0,60,55,0
monkeyM_session-o080522001-4_lfp-2,M,o080522001-4,2,Spi1-1,1,233,97,6801,1000,4500,2,2,False,True,lfp_converted_data/monkeyM_session-o080522001-4_lfp-2.npz,49,0,0,48,0,0,50,47,0
monkeyM_session-o080522001-4_lfp-1,M,o080522001-4,1,Spi4-1,1,235,97,6801,1000,4500,2,2,False,True,lfp_converted_data/monkeyM_session-o080522001-4_lfp-1.npz,49,0,0,48,0,0,50,47,0
monkeyM_session-o080522005-11_lfp-2,M,o080522005-11,2,Spi1-1,,238,236,6801,1000,4500,6,2,True,True,lfp_converted_data/monkeyM_session-o080522005-11_lfp-2.npz,39,38,41,39,38,41,116,120,0
monkeyM_session-o080522005-11_lfp-1,M,o080522005-11,1,Spi2-1,,239,236,6801,1000,4500,6,2,True,True,lfp_converted_data/monkeyM_session-o080522005-11_lfp-1.npz,39,38,41,39,38,41,116,120,0
monkeyM_session-o080522012-21_lfp-2,M,o080522012-21,2,Spi1-1,,246,282,6801,1000,4500,6,2,True,True,lfp_converted_data/monkeyM_session-o080522012-21_lfp-2.npz,46,46,48,48,46,48,144,138,0
monkeyM_session-o080522012-21_lfp-1,M,o080522012-21,1,Spi2-1,,248,282,6801,1000,4500,6,2,True,True,lfp_converted_data/monkeyM_session-o080522012-21_lfp-1.npz,46,46,48,48,46,48,144,138,0
monkeyM_session-o080523010-18_lfp-4,M,o080523010-18,4,Spi2-1,,255,187,6801,1000,4500,6,2,True,True,lfp_converted_data/monkeyM_session-o080523010-18_lfp-4.npz,28,37,27,30,33,32,100,87,0
monkeyM_session-o080523010-18_lfp-8,M,o080523010-18,8,Spi4-1,,258,187,6801,1000,4500,6,2,True,True,lfp_converted_data/monkeyM_session-o080523010-18_lfp-8.npz,28,37,27,30,33,32,100,87,0
monkeyM_session-o080527001-5_lfp-2,M,o080527001-5,2,Spi1-1,1,260,119,6801,1000,4500,2,2,False,True,lfp_converted_data/monkeyM_session-o080527001-5_lfp-2.npz,59,0,0,60,0,0,60,59,0
monkeyM_session-o080527001-5_lfp-1,M,o080527001-5,1,Spi4-1,1,261,119,6801,1000,4500,2,2,False,True,lfp_converted_data/monkeyM_session-o080527001-5_lfp-1.npz,59,0,0,60,0,0,60,59,0
monkeyM_session-o080527006-16_lfp-2,M,o080527006-16,2,SpN1-1,,265,290,6801,1000,4500,6,2,True,True,lfp_converted_data/monkeyM_session-o080527006-16_lfp-2.npz,48,48,49,49,48,48,145,145,0
monkeyM_session-o080527006-16_lfp-1,M,o080527006-16,1,Spi2-1,,269,290,6801,1000,4500,6,2,True,True,lfp_converted_data/monkeyM_session-o080527006-16_lfp-1.npz,48,48,49,49,48,48,145,145,0
monkeyM_session-o080528001-5_lfp-1,M,o080528001-5,1,Spi5-1,3,275,86,6801,1000,4500,2,2,False,True,lfp_converted_data/monkeyM_session-o080528001-5_lfp-1.npz,0,0,46,0,0,40,45,41,0
monkeyM_session-o080528006-15_lfp-4,M,o080528006-15,4,Spi2-1,,281,242,6801,1000,4500,6,2,True,True,lfp_converted_data/monkeyM_session-o080528006-15_lfp-4.npz,39,42,37,43,40,41,130,112,0
monkeyM_session-o080528006-15_lfp-2,M,o080528006-15,2,Spi4-1,,285,242,6801,1000,4500,6,2,True,True,lfp_converted_data/monkeyM_session-o080528006-15_lfp-2.npz,39,42,37,43,40,41,130,112,0
monkeyM_session-o080528016-25_lfp-4,M,o080528016-25,4,Spi2-1,,293,192,6801,1000,4500,6,2,True,True,lfp_converted_data/monkeyM_session-o080528016-25_lfp-4.npz,29,32,34,30,33,34,101,91,0
monkeyM_session-o080528016-25_lfp-2,M,o080528016-25,2,Spi4-1,,296,192,6801,1000,4500,6,2,True,True,lfp_converted_data/monkeyM_session-o080528016-25_lfp-2.npz,29,32,34,30,33,34,101,91,0
monkeyM_session-o080710002-4_lfp-6,M,o080710002-4,6,Spi5-1,3,305,96,6801,1000,4500,2,2,False,True,lfp_converted_data/monkeyM_session-o080710002-4_lfp-6.npz,0,0,48,0,0,48,49,47,0
monkeyM_session-o080710002-4_lfp-5,M,o080710002-4,5,Spi6-1,3,306,96,6801,1000,4500,2,2,False,True,lfp_converted_data/monkeyM_session-o080710002-4_lfp-5.npz,0,0,48,0,0,48,49,47,0
monkeyM_session-o080710006-11_lfp-6,M,o080710006-11,6,Spi5-1,,311,239,6801,1000,4500,6,2,True,True,lfp_converted_data/monkeyM_session-o080710006-11_lfp-6.npz,40,39,40,40,40,40,119,120,0
monkeyM_session-o080710006-11_lfp-5,M,o080710006-11,5,Spi6-1,,312,239,6801,1000,4500,6,2,True,True,lfp_converted_data/monkeyM_session-o080710006-11_lfp-5.npz,40,39,40,40,40,40,119,120,0
monkeyM_session-o080710012-14_lfp-5,M,o080710012-14,5,Spi6-1,1,317,120,6801,1000,4500,2,2,False,True,lfp_converted_data/monkeyM_session-o080710012-14_lfp-5.npz,60,0,0,60,0,0,61,59,0
monkeyM_session-o080711002-7_lfp-8,M,o080711002-7,8,Spi6-2,,323,234,6801,1000,4500,6,2,True,True,lfp_converted_data/monkeyM_session-o080711002-7_lfp-8.npz,36,40,38,42,41,37,121,113,0
monkeyM_session-o080711002-7_lfp-6,M,o080711002-7,6,Spi8-1,,324,234,6801,1000,4500,6,2,True,True,lfp_converted_data/monkeyM_session-o080711002-7_lfp-6.npz,36,40,38,42,41,37,121,113,0
monkeyM_session-o080711008-12_lfp-5,M,o080711008-12,5,Spi6-2,1,325,198,6801,1000,4500,2,2,False,True,lfp_converted_data/monkeyM_session-o080711008-12_lfp-5.npz,99,0,0,99,0,0,99,99,0
monkeyM_session-o080718002-4_lfp-6,M,o080718002-4,6,Spi5-2,1,328,104,6801,1000,4500,2,2,False,True,lfp_converted_data/monkeyM_session-o080718002-4_lfp-6.npz,51,0,0,53,0,0,51,53,0
monkeyM_session-o080718002-4_lfp-5,M,o080718002-4,5,Spi8-1,1,330,104,6801,1000,4500,2,2,False,True,lfp_converted_data/monkeyM_session-o080718002-4_lfp-5.npz,51,0,0,53,0,0,51,53,0
monkeyM_session-o080718005-9_lfp-8,M,o080718005-9,8,Spi5-1,,332,191,6801,1000,4500,6,2,True,True,lfp_converted_data/monkeyM_session-o080718005-9_lfp-8.npz,32,31,32,32,32,32,95,96,0
monkeyM_session-o080718005-9_lfp-5,M,o080718005-9,5,Spi8-1,,335,191,6801,1000,4500,6,2,True,True,lfp_converted_data/monkeyM_session-o080718005-9_lfp-5.npz,32,31,32,32,32,32,95,96,0
monkeyM_session-o080722004-9_lfp-5,M,o080722004-9,5,Spi7-1,,337,193,6801,1000,4500,6,2,True,True,lfp_converted_data/monkeyM_session-o080722004-9_lfp-5.npz,32,32,33,32,32,32,97,96,0
monkeyM_session-o080723001-3_lfp-6,M,o080723001-3,6,Spi5-1,1,339,99,6801,1000,4500,2,2,False,True,lfp_converted_data/monkeyM_session-o080723001-3_lfp-6.npz,49,0,0,50,0,0,49,50,0
monkeyM_session-o080723001-3_lfp-5,M,o080723001-3,5,Spi7-1,1,340,99,6801,1000,4500,2,2,False,True,lfp_converted_data/monkeyM_session-o080723001-3_lfp-5.npz,49,0,0,50,0,0,49,50,0
monkeyM_session-o080723006-11_lfp-7,M,o080723006-11,7,Spi5-2,,342,292,6801,1000,4500,6,2,True,True,lfp_converted_data/monkeyM_session-o080723006-11_lfp-7.npz,48,48,50,48,49,49,147,145,0
monkeyM_session-o080723006-11_lfp-5,M,o080723006-11,5,Spi7-1,,343,292,6801,1000,4500,6,2,True,True,lfp_converted_data/monkeyM_session-o080723006-11_lfp-5.npz,48,48,50,48,49,49,147,145,0
monkeyM_session-o080723012-14_lfp-6,M,o080723012-14,6,Spi5-1,2,345,97,6801,1000,4500,2,2,False,True,lfp_converted_data/monkeyM_session-o080723012-14_lfp-6.npz,0,49,0,0,48,0,49,48,0
monkeyM_session-o080723012-14_lfp-5,M,o080723012-14,5,Spi7-1,2,347,97,6801,1000,4500,2,2,False,True,lfp_converted_data/monkeyM_session-o080723012-14_lfp-5.npz,0,49,0,0,48,0,49,48,0
monkeyM_session-o080724001-3_lfp-5,M,o080724001-3,5,Spi7-1,1,348,109,6801,1000,4500,2,2,False,True,lfp_converted_data/monkeyM_session-o080724001-3_lfp-5.npz,54,0,0,55,0,0,55,54,0
monkeyM_session-o080724004-9_lfp-7,M,o080724004-9,7,Spi5-2,,350,241,6801,1000,4500,6,2,True,True,lfp_converted_data/monkeyM_session-o080724004-9_lfp-7.npz,39,41,40,40,41,40,120,121,0
monkeyM_session-o080724004-9_lfp-5,M,o080724004-9,5,Spi7-1,,351,241,6801,1000,4500,6,2,True,True,lfp_converted_data/monkeyM_session-o080724004-9_lfp-5.npz,39,41,40,40,41,40,120,121,0
monkeyM_session-o080731001-2_lfp-6,M,o080731001-2,6,Spi5-1,1,353,60,6801,1000,4500,2,2,False,True,lfp_converted_data/monkeyM_session-o080731001-2_lfp-6.npz,30,0,0,30,0,0,30,30,0
monkeyM_session-o080731001-2_lfp-5,M,o080731001-2,5,Spi7-1,1,355,60,6801,1000,4500,2,2,False,True,lfp_converted_data/monkeyM_session-o080731001-2_lfp-5.npz,30,0,0,30,0,0,30,30,0
monkeyM_session-o080731003-10_lfp-6,M,o080731003-10,6,Spi5-1,,356,247,6801,1000,4500,6,2,True,True,lfp_converted_data/monkeyM_session-o080731003-10_lfp-6.npz,42,42,41,36,43,43,129,118,0
monkeyM_session-o080731011-18_lfp-6,M,o080731011-18,6,Spi5-1,,358,207,6801,1000,4500,6,2,True,True,lfp_converted_data/monkeyM_session-o080731011-18_lfp-6.npz,36,35,34,33,34,35,106,101,0
monkeyM_session-o080801001-7_lfp-6,M,o080801001-7,6,Spi5-1,,360,275,6801,1000,4500,6,2,True,True,lfp_converted_data/monkeyM_session-o080801001-7_lfp-6.npz,47,47,44,45,48,44,137,138,0
monkeyM_session-o080801001-7_lfp-5,M,o080801001-7,5,Spi8-1,,363,275,6801,1000,4500,6,2,True,True,lfp_converted_data/monkeyM_session-o080801001-7_lfp-5.npz,47,47,44,45,48,44,137,138,0
monkeyM_session-o080801008-10_lfp-7,M,o080801008-10,7,Spi5-1,,364,122,6801,1000,4500,6,2,True,True,lfp_converted_data/monkeyM_session-o080801008-10_lfp-7.npz,23,21,23,19,17,19,62,60,0
monkeyM_session-o080801008-10_lfp-5,M,o080801008-10,5,Spi8-1,,365,122,6801,1000,4500,6,2,True,True,lfp_converted_data/monkeyM_session-o080801008-10_lfp-5.npz,23,21,23,19,17,19,62,60,0
monkeyM_session-o080801011-14_lfp-7,M,o080801011-14,7,Spi5-1,,366,147,6801,1000,4500,6,2,True,True,lfp_converted_data/monkeyM_session-o080801011-14_lfp-7.npz,24,26,24,24,24,25,76,71,0
monkeyM_session-o080806001-5_lfp-7,M,o080806001-5,7,Spi5-1,,368,169,6801,1000,4500,6,2,True,True,lfp_converted_data/monkeyM_session-o080806001-5_lfp-7.npz,25,29,29,29,28,29,84,85,0
monkeyM_session-o080807001-3_lfp-5,M,o080807001-3,5,Spi6-2,1,371,105,6801,1000,4500,2,2,False,True,lfp_converted_data/monkeyM_session-o080807001-3_lfp-5.npz,51,0,0,54,0,0,52,53,0
monkeyM_session-o080807004-6_lfp-5,M,o080807004-6,5,Spi7-1,2,373,132,6801,1000,4500,2,2,False,True,lfp_converted_data/monkeyM_session-o080807004-6_lfp-5.npz,0,65,0,0,67,0,65,67,0
monkeyM_session-o080808001-5_lfp-6,M,o080808001-5,6,Spi5-1,,375,209,6801,1000,4500,6,2,True,True,lfp_converted_data/monkeyM_session-o080808001-5_lfp-6.npz,35,35,34,35,34,36,106,103,0
monkeyM_session-o080808001-5_lfp-5,M,o080808001-5,5,Spi7-1,,377,209,6801,1000,4500,6,2,True,True,lfp_converted_data/monkeyM_session-o080808001-5_lfp-5.npz,35,35,34,35,34,36,106,103,0
monkeyM_session-o080808006-12_lfp-6,M,o080808006-12,6,Spi5-1,,378,280,6801,1000,4500,6,2,True,True,lfp_converted_data/monkeyM_session-o080808006-12_lfp-6.npz,47,46,47,46,47,47,140,140,0
monkeyM_session-o080808006-12_lfp-5,M,o080808006-12,5,Spi7-1,,381,280,6801,1000,4500,6,2,True,True,lfp_converted_data/monkeyM_session-o080808006-12_lfp-5.npz,47,46,47,46,47,47,140,140,0
monkeyM_session-o080828001-6_lfp-6,M,o080828001-6,6,Spi5-1,,382,252,6801,1000,4500,6,2,True,True,lfp_converted_data/monkeyM_session-o080828001-6_lfp-6.npz,42,42,42,42,40,44,130,122,0
monkeyM_session-o080828001-6_lfp-5,M,o080828001-6,5,Spi6-2,,383,252,6801,1000,4500,6,2,True,True,lfp_converted_data/monkeyM_session-o080828001-6_lfp-5.npz,42,42,42,42,40,44,130,122,0
monkeyM_session-o080828007-12_lfp-5,M,o080828007-12,5,Spi6-1,,386,204,6801,1000,4500,6,2,True,True,lfp_converted_data/monkeyM_session-o080828007-12_lfp-5.npz,29,34,37,37,35,32,111,93,0
monkeyM_session-o080829001-5_lfp-5,M,o080829001-5,5,Spi7-1,,391,242,6801,1000,4500,6,2,True,True,lfp_converted_data/monkeyM_session-o080829001-5_lfp-5.npz,39,41,40,41,40,41,121,121,0
monkeyM_session-o080829006-8_lfp-5,M,o080829006-8,5,Spi7-1,3,395,118,6801,1000,4500,2,2,False,True,lfp_converted_data/monkeyM_session-o080829006-8_lfp-5.npz,0,0,59,0,0,59,60,58,0
monkeyM_session-o080903002-5_lfp-7,M,o080903002-5,7,Spi5-1,,400,122,6801,1000,4500,6,2,True,True,lfp_converted_data/monkeyM_session-o080903002-5_lfp-7.npz,18,21,19,20,21,23,63,59,0
monkeyM_session-o080903002-5_lfp-5,M,o080903002-5,5,Spi6-1,,402,122,6801,1000,4500,6,2,True,True,lfp_converted_data/monkeyM_session-o080903002-5_lfp-5.npz,18,21,19,20,21,23,63,59,0
monkeyM_session-o080903006-12_lfp-7,M,o080903006-12,7,Spi5-1,,404,209,6801,1000,4500,6,2,True,True,lfp_converted_data/monkeyM_session-o080903006-12_lfp-7.npz,31,35,35,37,35,36,102,107,0
monkeyM_session-o080903006-12_lfp-5,M,o080903006-12,5,Spi6-1,,407,209,6801,1000,4500,6,2,True,True,lfp_converted_data/monkeyM_session-o080903006-12_lfp-5.npz,31,35,35,37,35,36,102,107,0
monkeyM_session-o080904001-7_lfp-6,M,o080904001-7,6,Spi5-1,,411,205,6801,1000,4500,6,2,True,True,lfp_converted_data/monkeyM_session-o080904001-7_lfp-6.npz,32,35,36,35,35,32,104,101,0
monkeyM_session-o080904001-7_lfp-5,M,o080904001-7,5,Spi6-1,,414,205,6801,1000,4500,6,2,True,True,lfp_converted_data/monkeyM_session-o080904001-7_lfp-5.npz,32,35,36,35,35,32,104,101,0
monkeyM_session-o080904008-14_lfp-6,M,o080904008-14,6,Spi5-1,,419,191,6801,1000,4500,6,2,True,True,lfp_converted_data/monkeyM_session-o080904008-14_lfp-6.npz,32,32,32,32,32,31,95,96,0
monkeyM_session-o080904008-14_lfp-5,M,o080904008-14,5,Spi6-3,,420,191,6801,1000,4500,6,2,True,True,lfp_converted_data/monkeyM_session-o080904008-14_lfp-5.npz,32,32,32,32,32,31,95,96,0
monkeyM_session-o080905001-6_lfp-5,M,o080905001-6,5,Spi7-1,,423,286,6801,1000,4500,6,2,True,True,lfp_converted_data/monkeyM_session-o080905001-6_lfp-5.npz,48,50,47,48,47,46,143,143,0
monkeyM_session-o080905008-11_lfp-6,M,o080905008-11,6,Spi5-1,3,429,76,6801,1000,4500,2,2,False,True,lfp_converted_data/monkeyM_session-o080905008-11_lfp-6.npz,0,0,40,0,0,36,44,32,0
monkeyM_session-o080905008-11_lfp-5,M,o080905008-11,5,Spi6-2,3,430,76,6801,1000,4500,2,2,False,True,lfp_converted_data/monkeyM_session-o080905008-11_lfp-5.npz,0,0,40,0,0,36,44,32,0
monkeyM_session-o080910001-5_lfp-7,M,o080910001-5,7,Spi5-1,,436,193,6801,1000,4500,6,2,True,True,lfp_converted_data/monkeyM_session-o080910001-5_lfp-7.npz,33,32,32,32,32,32,96,97,0
monkeyM_session-o080910001-5_lfp-5,M,o080910001-5,5,Spi7-1,,437,193,6801,1000,4500,6,2,True,True,lfp_converted_data/monkeyM_session-o080910001-5_lfp-5.npz,33,32,32,32,32,32,96,97,0
monkeyM_session-o080910006-11_lfp-7,M,o080910006-11,7,Spi5-1,,439,241,6801,1000,4500,6,2,True,True,lfp_converted_data/monkeyM_session-o080910006-11_lfp-7.npz,39,42,41,40,39,40,121,120,0
monkeyM_session-o080910006-11_lfp-5,M,o080910006-11,5,Spi7-1,,442,241,6801,1000,4500,6,2,True,True,lfp_converted_data/monkeyM_session-o080910006-11_lfp-5.npz,39,42,41,40,39,40,121,120,0
monkeyM_session-o080911001-5_lfp-6,M,o080911001-5,6,Spi5-1,,443,249,6801,1000,4500,6,2,True,True,lfp_converted_data/monkeyM_session-o080911001-5_lfp-6.npz,41,39,44,43,42,40,124,125,0
monkeyM_session-o080911001-5_lfp-5,M,o080911001-5,5,SpN6-4,,445,249,6801,1000,4500,6,2,True,True,lfp_converted_data/monkeyM_session-o080911001-5_lfp-5.npz,41,39,44,43,42,40,124,125,0
monkeyM_session-o080911006-11_lfp-6,M,o080911006-11,6,Spi5-1,,447,237,6801,1000,4500,6,2,True,True,lfp_converted_data/monkeyM_session-o080911006-11_lfp-6.npz,37,40,39,38,45,38,128,109,0
monkeyM_session-o080911006-11_lfp-5,M,o080911006-11,5,Spi6-1,,450,237,6801,1000,4500,6,2,True,True,lfp_converted_data/monkeyM_session-o080911006-11_lfp-5.npz,37,40,39,38,45,38,128,109,0
monkeyM_session-o080912004-7_lfp-5,M,o080912004-7,5,Spi6-2,,454,152,6801,1000,4500,6,2,True,True,lfp_converted_data/monkeyM_session-o080912004-7_lfp-5.npz,28,28,25,23,24,24,72,80,0
monkeyM_session-o080912008-13_lfp-6,M,o080912008-13,6,Spi5-1,,459,190,6801,1000,4500,6,2,True,True,lfp_converted_data/monkeyM_session-o080912008-13_lfp-6.npz,31,31,34,29,34,31,94,96,0
monkeyM_session-o080912008-13_lfp-5,M,o080912008-13,5,Spi6-1,,460,190,6801,1000,4500,6,2,True,True,lfp_converted_data/monkeyM_session-o080912008-13_lfp-5.npz,31,31,34,29,34,31,94,96,0
monkeyM_session-o080917001-8_lfp-6,M,o080917001-8,6,Spi5-2,,466,206,6801,1000,4500,6,2,True,True,lfp_converted_data/monkeyM_session-o080917001-8_lfp-6.npz,35,34,35,33,33,36,100,106,0
monkeyM_session-o080917001-8_lfp-5,M,o080917001-8,5,Spi6-1,,467,206,6801,1000,4500,6,2,True,True,lfp_converted_data/monkeyM_session-o080917001-8_lfp-5.npz,35,34,35,33,33,36,100,106,0
monkeyM_session-o080918001-5_lfp-6,M,o080918001-5,6,Spi5-1,,472,243,6801,1000,4500,6,2,True,True,lfp_converted_data/monkeyM_session-o080918001-5_lfp-6.npz,40,40,41,41,40,41,121,122,0
monkeyM_session-o080918001-5_lfp-5,M,o080918001-5,5,Spi6-2,,473,243,6801,1000,4500,6,2,True,True,lfp_converted_data/monkeyM_session-o080918001-5_lfp-5.npz,40,40,41,41,40,41,121,122,0
monkeyM_session-o080918006-11_lfp-5,M,o080918006-11,5,Spi6-1,,477,210,6801,1000,4500,6,2,True,True,lfp_converted_data/monkeyM_session-o080918006-11_lfp-5.npz,33,39,37,35,32,34,108,102,0
monkeyM_session-o080919001-6_lfp-7,M,o080919001-6,7,SpN5-1,,484,274,6801,1000,4500,6,2,True,True,lfp_converted_data/monkeyM_session-o080919001-6_lfp-7.npz,46,46,44,45,48,45,140,134,0
monkeyM_session-o080919001-6_lfp-5,M,o080919001-6,5,Spi7-1,,485,274,6801,1000,4500,6,2,True,True,lfp_converted_data/monkeyM_session-o080919001-6_lfp-5.npz,46,46,44,45,48,45,140,134,0
monkeyM_session-o080919007-12_lfp-7,M,o080919007-12,7,Spi5-1,,490,268,6801,1000,4500,6,2,True,True,lfp_converted_data/monkeyM_session-o080919007-12_lfp-7.npz,44,47,45,45,43,44,137,131,0
monkeyM_session-o080919007-12_lfp-5,M,o080919007-12,5,Spi7-1,,492,268,6801,1000,4500,6,2,True,True,lfp_converted_data/monkeyM_session-o080919007-12_lfp-5.npz,44,47,45,45,43,44,137,131,0
monkeyM_session-o080925002-6_lfp-7,M,o080925002-6,7,Spi6-1,,495,222,6801,1000,4500,6,2,True,True,lfp_converted_data/monkeyM_session-o080925002-6_lfp-7.npz,38,39,36,36,37,36,111,111,0
monkeyM_session-o080925002-6_lfp-6,M,o080925002-6,6,Spi7-1,,496,222,6801,1000,4500,6,2,True,True,lfp_converted_data/monkeyM_session-o080925002-6_lfp-6.npz,38,39,36,36,37,36,111,111,0
monkeyM_session-o080925007-12_lfp-7,M,o080925007-12,7,Spi6-1,,501,284,6801,1000,4500,6,2,True,True,lfp_converted_data/monkeyM_session-o080925007-12_lfp-7.npz,47,48,47,48,48,46,141,143,0
monkeyM_session-o080925007-12_lfp-6,M,o080925007-12,6,Spi7-1,,502,284,6801,1000,4500,6,2,True,True,lfp_converted_data/monkeyM_session-o080925007-12_lfp-6.npz,47,48,47,48,48,46,141,143,0
monkeyM_session-o080926001-6_lfp-5,M,o080926001-6,5,Spi7-1,,505,219,6801,1000,4500,6,2,True,True,lfp_converted_data/monkeyM_session-o080926001-6_lfp-5.npz,36,39,34,36,38,36,116,103,0
monkeyM_session-o080926007-11_lfp-6,M,o080926007-11,6,Spi5-1,,508,232,6801,1000,4500,6,2,True,True,lfp_converted_data/monkeyM_session-o080926007-11_lfp-6.npz,39,40,37,40,37,39,118,114,0
monkeyM_session-o080926007-11_lfp-5,M,o080926007-11,5,Spi8-1,,509,232,6801,1000,4500,6,2,True,True,lfp_converted_data/monkeyM_session-o080926007-11_lfp-5.npz,39,40,37,40,37,39,118,114,0
monkeyM_session-o080930001-5_lfp-1,M,o080930001-5,1,Spi3-1,,511,226,6801,1000,4500,6,2,True,True,lfp_converted_data/monkeyM_session-o080930001-5_lfp-1.npz,40,36,36,40,37,37,112,114,0
monkeyM_session-o081001001-12_lfp-3,M,o081001001-12,3,Spi1-1,,513,239,6801,1000,4500,6,2,True,True,lfp_converted_data/monkeyM_session-o081001001-12_lfp-3.npz,40,39,40,40,39,41,119,120,0
monkeyM_session-o081001001-12_lfp-1,M,o081001001-12,1,Spi3-1,,517,239,6801,1000,4500,6,2,True,True,lfp_converted_data/monkeyM_session-o081001001-12_lfp-1.npz,40,39,40,40,39,41,119,120,0
monkeyM_session-o081001013-26_lfp-3,M,o081001013-26,3,Spi1-2,,522,280,6801,1000,4500,6,2,True,True,lfp_converted_data/monkeyM_session-o081001013-26_lfp-3.npz,48,46,48,43,48,47,140,140,0
monkeyM_session-o081001013-26_lfp-1,M,o081001013-26,1,Spi4-1,,524,280,6801,1000,4500,6,2,True,True,lfp_converted_data/monkeyM_session-o081001013-26_lfp-1.npz,48,46,48,43,48,47,140,140,0
monkeyM_session-o081002010-22_lfp-2,M,o081002010-22,2,Spi1-1,,527,227,6801,1000,4500,6,2,True,True,lfp_converted_data/monkeyM_session-o081002010-22_lfp-2.npz,40,39,40,37,35,36,118,109,0
monkeyM_session-o081002023-28_lfp-3,M,o081002023-28,3,Spi1-1,3,535,84,6801,1000,4500,2,2,False,True,lfp_converted_data/monkeyM_session-o081002023-28_lfp-3.npz,0,0,43,0,0,41,44,40,0
monkeyM_session-o081003003-14_lfp-2,M,o081003003-14,2,Spi1-3,,539,238,6801,1000,4500,6,2,True,True,lfp_converted_data/monkeyM_session-o081003003-14_lfp-2.npz,40,39,41,40,40,38,117,121,0
monkeyM_session-o081003003-14_lfp-1,M,o081003003-14,1,Spi3-1,,540,238,6801,1000,4500,6,2,True,True,lfp_converted_data/monkeyM_session-o081003003-14_lfp-1.npz,40,39,41,40,40,38,117,121,0
monkeyM_session-o081003015-26_lfp-2,M,o081003015-26,2,Spi1-1,,552,236,6801,1000,4500,6,2,True,True,lfp_converted_data/monkeyM_session-o081003015-26_lfp-2.npz,40,40,38,38,40,40,119,117,0
monkeyM_session-o081003015-26_lfp-1,M,o081003015-26,1,SpN2-1,,554,236,6801,1000,4500,6,2,True,True,lfp_converted_data/monkeyM_session-o081003015-26_lfp-1.npz,40,40,38,38,40,40,119,117,0
monkeyM_session-o081008001-15_lfp-2,M,o081008001-15,2,Spi1-1,,565,224,6801,1000,4500,6,2,True,True,lfp_converted_data/monkeyM_session-o081008001-15_lfp-2.npz,34,35,39,39,39,38,117,107,0
monkeyM_session-o081008001-15_lfp-1,M,o081008001-15,1,Spi2-2,,567,224,6801,1000,4500,6,2,True,True,lfp_converted_data/monkeyM_session-o081008001-15_lfp-1.npz,34,35,39,39,39,38,117,107,0
monkeyM_session-o081028001-12_lfp-4,M,o081028001-12,4,Spi2-1,,577,203,6801,1000,4500,6,2,True,True,lfp_converted_data/monkeyM_session-o081028001-12_lfp-4.npz,35,37,34,33,33,31,105,98,0
monkeyM_session-o081028013-20_lfp-1,M,o081028013-20,1,Spi3-1,1,586,135,6801,1000,4500,2,2,False,True,lfp_converted_data/monkeyM_session-o081028013-20_lfp-1.npz,73,0,0,62,0,0,71,64,0
monkeyM_session-o081028021-26_lfp-1,M,o081028021-26,1,Spi4-1,1,589,106,6801,1000,4500,2,2,False,True,lfp_converted_data/monkeyM_session-o081028021-26_lfp-1.npz,54,0,0,52,0,0,53,53,0
monkeyM_session-o081029001-11_lfp-3,M,o081029001-11,3,Spi4-1,,595,183,6801,1000,4500,6,2,True,True,lfp_converted_data/monkeyM_session-o081029001-11_lfp-3.npz,32,30,27,30,31,33,90,93,0
monkeyM_session-o081029012-25_lfp-4,M,o081029012-25,4,Spi3-1,,600,192,6801,1000,4500,6,2,True,True,lfp_converted_data/monkeyM_session-o081029012-25_lfp-4.npz,34,34,32,30,28,34,81,111,0
monkeyM_session-o081029012-25_lfp-3,M,o081029012-25,3,Spi4-1,,601,192,6801,1000,4500,6,2,True,True,lfp_converted_data/monkeyM_session-o081029012-25_lfp-3.npz,34,34,32,30,28,34,81,111,0
monkeyM_session-o081031013-23_lfp-3,M,o081031013-23,3,Spi1-1,,606,393,6801,1000,4500,6,2,True,True,lfp_converted_data/monkeyM_session-o081031013-23_lfp-3.npz,68,64,66,65,66,64,196,197,0
monkeyM_session-o081031013-23_lfp-1,M,o081031013-23,1,Spi6-1,,607,393,6801,1000,4500,6,2,True,True,lfp_converted_data/monkeyM_session-o081031013-23_lfp-1.npz,68,64,66,65,66,64,196,197,0
monkeyM_session-o081031024-27_lfp-1,M,o081031024-27,1,Spi8-2,3,608,84,6801,1000,4500,2,2,False,True,lfp_converted_data/monkeyM_session-o081031024-27_lfp-1.npz,0,0,43,0,0,41,42,42,0
monkeyM_session-o081106010-15_lfp-5,M,o081106010-15,5,Spi3-1,2,609,189,6801,1000,4500,2,2,False,True,lfp_converted_data/monkeyM_session-o081106010-15_lfp-5.npz,0,94,0,0,95,0,93,96,0
monkeyM_session-o081106010-15_lfp-3,M,o081106010-15,3,Spi5-1,2,610,189,6801,1000,4500,2,2,False,True,lfp_converted_data/monkeyM_session-o081106010-15_lfp-3.npz,0,94,0,0,95,0,93,96,0
monkeyM_session-o081106016-19_lfp-5,M,o081106016-19,5,Spi3-1,1,612,115,6801,1000,4500,2,2,False,True,lfp_converted_data/monkeyM_session-o081106016-19_lfp-5.npz,57,0,0,58,0,0,59,56,0
monkeyM_session-o081106016-19_lfp-3,M,o081106016-19,3,Spi5-2,1,613,115,6801,1000,4500,2,2,False,True,lfp_converted_data/monkeyM_session-o081106016-19_lfp-3.npz,57,0,0,58,0,0,59,56,0
monkeyM_session-o081107007-13_lfp-2,M,o081107007-13,2,Spi1-1,,615,249,6801,1000,4500,6,2,True,True,lfp_converted_data/monkeyM_session-o081107007-13_lfp-2.npz,43,43,42,41,40,40,117,132,0
monkeyM_session-o081107007-13_lfp-1,M,o081107007-13,1,Spi3-1,,616,249,6801,1000,4500,6,2,True,True,lfp_converted_data/monkeyM_session-o081107007-13_lfp-1.npz,43,43,42,41,40,40,117,132,0
monkeyM_session-o081113002-9_lfp-2,M,o081113002-9,2,Spi1-1,,618,248,6801,1000,4500,6,2,True,True,lfp_converted_data/monkeyM_session-o081113002-9_lfp-2.npz,42,42,41,40,42,41,128,120,0
monkeyM_session-o081113002-9_lfp-1,M,o081113002-9,1,Spi3-1,,621,248,6801,1000,4500,6,2,True,True,lfp_converted_data/monkeyM_session-o081113002-9_lfp-1.npz,42,42,41,40,42,41,128,120,0
monkeyM_session-o081113011-13_lfp-2,M,o081113011-13,2,SpN1-3,1,624,121,6801,1000,4500,2,2,False,True,lfp_converted_data/monkeyM_session-o081113011-13_lfp-2.npz,60,0,0,61,0,0,60,61,0
monkeyM_session-o081113011-13_lfp-1,M,o081113011-13,1,Spi3-1,1,628,121,6801,1000,4500,2,2,False,True,lfp_converted_data/monkeyM_session-o081113011-13_lfp-1.npz,60,0,0,61,0,0,60,61,0
monkeyM_session-o081113014-16_lfp-2,M,o081113014-16,2,Spi1-1,3,632,92,6801,1000,4500,2,2,False,True,lfp_converted_data/monkeyM_session-o081113014-16_lfp-2.npz,0,0,45,0,0,47,47,45,0
monkeyM_session-o081113014-16_lfp-1,M,o081113014-16,1,Spi2-1,3,633,92,6801,1000,4500,2,2,False,True,lfp_converted_data/monkeyM_session-o081113014-16_lfp-1.npz,0,0,45,0,0,47,47,45,0
monkeyM_session-o081118001-3_lfp-2,M,o081118001-3,2,Spi1-1,2,635,91,6801,1000,4500,2,2,False,True,lfp_converted_data/monkeyM_session-o081118001-3_lfp-2.npz,0,45,0,0,46,0,47,44,0
monkeyM_session-o081118001-3_lfp-1,M,o081118001-3,1,Spi2-1,2,636,91,6801,1000,4500,2,2,False,True,lfp_converted_data/monkeyM_session-o081118001-3_lfp-1.npz,0,45,0,0,46,0,47,44,0
monkeyM_session-o081118004-5_lfp-1,M,o081118004-5,1,SpN3-1,1,639,86,6801,1000,4500,2,2,False,True,lfp_converted_data/monkeyM_session-o081118004-5_lfp-1.npz,44,0,0,42,0,0,45,41,0
monkeyM_session-o081118008-10_lfp-1,M,o081118008-10,1,Spi2-1,3,641,85,6801,1000,4500,2,2,False,True,lfp_converted_data/monkeyM_session-o081118008-10_lfp-1.npz,0,0,43,0,0,42,42,43,0
monkeyM_session-o081127010-14_lfp-1,M,o081127010-14,1,Spi4-1,,643,228,6801,1000,4500,6,2,True,True,lfp_converted_data/monkeyM_session-o081127010-14_lfp-1.npz,36,42,41,37,33,39,114,114,0
monkeyM_session-o081202001-7_lfp-4,M,o081202001-7,4,Spi2-1,,647,238,6801,1000,4500,6,2,True,True,lfp_converted_data/monkeyM_session-o081202001-7_lfp-4.npz,40,40,40,40,39,39,120,118,0
monkeyM_session-o081202001-7_lfp-2,M,o081202001-7,2,Spi4-1,,648,238,6801,1000,4500,6,2,True,True,lfp_converted_data/monkeyM_session-o081202001-7_lfp-2.npz,40,40,40,40,39,39,120,118,0
monkeyM_session-o081202008-11_lfp-2,M,o081202008-11,2,Spi4-1,3,653,167,6801,1000,4500,2,2,False,True,lfp_converted_data/monkeyM_session-o081202008-11_lfp-2.npz,0,0,86,0,0,81,83,84,0
monkeyM_session-o081202012-14_lfp-4,M,o081202012-14,4,Spi2-2,1,657,135,6801,1000,4500,2,2,False,True,lfp_converted_data/monkeyM_session-o081202012-14_lfp-4.npz,68,0,0,67,0,0,68,67,0
monkeyM_session-o081202012-14_lfp-2,M,o081202012-14,2,Spi4-1,1,658,135,6801,1000,4500,2,2,False,True,lfp_converted_data/monkeyM_session-o081202012-14_lfp-2.npz,68,0,0,67,0,0,68,67,0
