target,epoch,feature_set,mean_accuracy,std_accuracy,mean_f1,std_f1,n_lfps,mean_balanced_trials
condition,movement,all_band_power,0.18216320114034662,0.10369943073701268,0.17191957086516993,0.10509087736579516,341,188.0234604105572
condition,movement,alpha,0.13996118888545866,0.08873536558661645,0.11742986785224359,0.08568022176652759,341,188.0234604105572
condition,movement,average_psd,0.14816505849407702,0.09269940151399053,0.12710208482622656,0.09146536779937499,341,188.0234604105572
condition,movement,beta,0.15062282722658268,0.09285697440415534,0.12656493838807276,0.08991071648546825,341,188.0234604105572
condition,movement,delta,0.15278795237951645,0.09312631138669084,0.12990028914321775,0.08927091685362969,341,188.0234604105572
condition,movement,low_gamma,0.1478096337846096,0.0928678988375964,0.12553952150672626,0.08969367456971276,341,188.0234604105572
condition,movement,theta,0.1505102148346528,0.09322967864414741,0.12711105218924093,0.08895583868775844,341,188.0234604105572
condition,movement,torus_geometry_15,0.15847814684388528,0.09469905296932458,0.1552050213883073,0.09525238897138626,341,188.0234604105572
condition,peri_go,all_band_power,0.19136743653702576,0.111971828982673,0.1822819508118222,0.11376399428399356,341,188.04692082111438
condition,peri_go,alpha,0.14363555025032182,0.08887506390513406,0.12070937948282257,0.08697167304438977,341,188.04692082111438
condition,peri_go,average_psd,0.1552295032264687,0.10035732845597141,0.13260456370674054,0.09844207762976098,341,188.04692082111438
condition,peri_go,beta,0.14993320546229247,0.10062761543598957,0.12754309551700102,0.09663089780305972,341,188.04692082111438
condition,peri_go,delta,0.15955599649938756,0.10056246887531563,0.135819261271315,0.09735296468571004,341,188.04692082111438
condition,peri_go,low_gamma,0.14995464920526166,0.097816903949315,0.12839114860351536,0.09434043649109314,341,188.04692082111438
condition,peri_go,theta,0.15258291477750816,0.09562878371130737,0.12968959864153554,0.09088132198372993,341,188.04692082111438
condition,peri_go,torus_geometry_15,0.16646506567808209,0.10126668330186553,0.16272487010829184,0.10201656279172044,341,188.04692082111438
condition,post_go,all_band_power,0.1760231244124993,0.09879004383636884,0.1657958652964823,0.1001172126077267,341,188.04692082111438
condition,post_go,alpha,0.13975196695319325,0.08981990743083505,0.11768244771875778,0.0864547301788174,341,188.04692082111438
condition,post_go,average_psd,0.1467112823167157,0.08879048538841587,0.12538041228326538,0.08605857932006751,341,188.04692082111438
condition,post_go,beta,0.14858620130051803,0.08813338051467048,0.1249605767960456,0.08601000652198916,341,188.04692082111438
condition,post_go,delta,0.14865983542381372,0.09033953950072969,0.12548511205193807,0.08677241828583587,341,188.04692082111438
condition,post_go,low_gamma,0.1477393382293733,0.09177924260282626,0.12472695053824934,0.08901481939703057,341,188.04692082111438
condition,post_go,theta,0.14668840480228773,0.09232416441003136,0.12255401923798918,0.08882856263446438,341,188.04692082111438
condition,post_go,torus_geometry_15,0.15751390029518345,0.09320811321702899,0.15362269156394,0.09370045992412482,341,188.04692082111438
condition,pre_go,all_band_power,0.2279366388359248,0.13951312316239872,0.22006193050886325,0.14173642982868034,341,188.04692082111438
condition,pre_go,alpha,0.18041227965279963,0.11686350148082582,0.16160023020198838,0.11868155188535731,341,188.04692082111438
condition,pre_go,average_psd,0.17859070803333146,0.11834528885909562,0.1606046496406149,0.11977449749648343,341,188.04692082111438
condition,pre_go,beta,0.1714542672231352,0.11324415234267345,0.15321668420831536,0.11250047050855282,341,188.04692082111438
condition,pre_go,delta,0.16632522075111705,0.11204311819257874,0.14452812348353486,0.11140702034598912,341,188.04692082111438
condition,pre_go,low_gamma,0.1590251982706073,0.10430256759403908,0.13896648411105592,0.10273976690192163,341,188.04692082111438
condition,pre_go,theta,0.1754204555487428,0.11563025518746292,0.1560866194128814,0.1156227552719977,341,188.04692082111438
condition,pre_go,torus_geometry_15,0.18347173290848962,0.11099994737912072,0.1796454107164081,0.11185234623297247,341,188.04692082111438
delay,movement,all_band_power,0.565567102220642,0.06059637153235724,0.5651623781240608,0.060685949980830836,341,200.07624633431084
delay,movement,alpha,0.5150779906547558,0.05616372608676135,0.5140565257865372,0.056713015483426374,341,200.07624633431084
delay,movement,average_psd,0.524444247570961,0.06021135346308284,0.5232745424535464,0.060967868402116654,341,200.07624633431084
delay,movement,beta,0.534524845214853,0.05527471830966983,0.5333974119743566,0.05590578080030722,341,200.07624633431084
delay,movement,delta,0.5293242859694206,0.06185572238354376,0.5281445483608089,0.062417854032861625,341,200.07624633431084
delay,movement,low_gamma,0.5266676440542469,0.05842936247430443,0.5256492609687654,0.05886307563762152,341,200.07624633431084
delay,movement,theta,0.5449622691020176,0.064101031400362,0.5438993326682576,0.06483138577007759,341,200.07624633431084
delay,movement,torus_geometry_15,0.5456231509165607,0.061038998854226006,0.545046688827921,0.061147801801273945,341,200.07624633431084
delay,peri_go,all_band_power,0.5985058770147238,0.07137023123053694,0.5980822071436462,0.07147733405345993,341,200.08797653958945
delay,peri_go,alpha,0.5296762865809413,0.059964372851763405,0.5288608893926974,0.060418934733010514,341,200.08797653958945
delay,peri_go,average_psd,0.5477601196474547,0.06661732352930291,0.5467840312417945,0.0671834712450431,341,200.08797653958945
delay,peri_go,beta,0.5370026522855927,0.06777809107999708,0.5360646647214807,0.06819158726767315,341,200.08797653958945
delay,peri_go,delta,0.5554184114858267,0.06800963478542975,0.5543562776620746,0.06856415031726498,341,200.08797653958945
delay,peri_go,low_gamma,0.5357386236385351,0.06803706137201114,0.5345901870621567,0.0685266402945165,341,200.08797653958945
delay,peri_go,theta,0.5527785570842533,0.06673738288311357,0.5518101937977598,0.06756121323830554,341,200.08797653958945
delay,peri_go,torus_geometry_15,0.5676081312627475,0.07865673894333255,0.5670493638181041,0.0787926352194198,341,200.08797653958945
delay,post_go,all_band_power,0.5653221937811186,0.05914801684292756,0.5649032271851255,0.059189692920133194,341,200.08797653958945
delay,post_go,alpha,0.5123647590268293,0.05302867293286889,0.5111881093171446,0.053653564491269866,341,200.08797653958945
delay,post_go,average_psd,0.5219265775823685,0.05798695089123144,0.520650976497703,0.05892181022136397,341,200.08797653958945
delay,post_go,beta,0.5406756293941163,0.05796180518505017,0.5397099300024659,0.05841722575453985,341,200.08797653958945
delay,post_go,delta,0.5324190899719758,0.06301539135957615,0.5314018858274447,0.06349773298121844,341,200.08797653958945
delay,post_go,low_gamma,0.5252742927357296,0.05627269686943254,0.5241445363414239,0.057018418052328594,341,200.08797653958945
delay,post_go,theta,0.5426200529415468,0.06228349133349891,0.5418018855514616,0.06289450651992735,341,200.08797653958945
delay,post_go,torus_geometry_15,0.5455460478832889,0.05947421018511333,0.5450267930793484,0.05966159227058319,341,200.08797653958945
delay,pre_go,all_band_power,0.7793983474371887,0.08862063599732128,0.7791389675153901,0.0887122489338918,341,200.08797653958945
delay,pre_go,alpha,0.6626345433389729,0.09788177285823774,0.6621950493961645,0.09821898005567198,341,200.08797653958945
delay,pre_go,average_psd,0.6532651604088726,0.10632549987563053,0.652531729316372,0.10630197903986673,341,200.08797653958945
delay,pre_go,beta,0.6513513636627868,0.10395977825363338,0.6507261887500011,0.10415553447718184,341,200.08797653958945
delay,pre_go,delta,0.6156620126679035,0.10441443928496073,0.6149488005893641,0.10485688224077952,341,200.08797653958945
delay,pre_go,low_gamma,0.6000013264424223,0.09482956075628282,0.5989938799099953,0.09485795040585876,341,200.08797653958945
delay,pre_go,theta,0.6484637135783661,0.10996464631494997,0.6479716043672278,0.11035410079100233,341,200.08797653958945
delay,pre_go,torus_geometry_15,0.6646465466982016,0.09801257424230453,0.6639667707705854,0.09814232770169697,341,200.08797653958945
direction,movement,all_band_power,0.32908908540170057,0.17380058004573956,0.321676124298556,0.1778064173063409,341,195.8533724340176
direction,movement,alpha,0.2802173686461829,0.1634245331706596,0.25939479805654975,0.17535382173673925,341,195.8533724340176
direction,movement,average_psd,0.293112989839311,0.1648215980528574,0.27038743278534355,0.17762729482343065,341,195.8533724340176
direction,movement,beta,0.2941558889458802,0.17068569114219484,0.2734903395646912,0.18274204973893232,341,195.8533724340176
direction,movement,delta,0.2995212142535107,0.16500912583058186,0.27724894933695315,0.17733798118503732,341,195.8533724340176
direction,movement,low_gamma,0.29428644340161375,0.17244373262160118,0.2720690163613354,0.18508802642214708,341,195.8533724340176
direction,movement,theta,0.292601823567085,0.16929344951248015,0.2711702687369643,0.18138670482372024,341,195.8533724340176
direction,movement,torus_geometry_15,0.2985243768128259,0.16664893801149883,0.2956013673940871,0.16787855940020735,341,195.8533724340176
direction,peri_go,all_band_power,0.3225335864141853,0.17356863772557596,0.31655214075677607,0.17661077944292292,341,195.87683284457478
direction,peri_go,alpha,0.28251211944482557,0.1655875588850012,0.26169978596686344,0.17748898439261407,341,195.87683284457478
direction,peri_go,average_psd,0.2869218379695111,0.16865690789365317,0.2671370125687741,0.17975230769164083,341,195.87683284457478
direction,peri_go,beta,0.287543584480137,0.16909549335978863,0.2672026324580261,0.1806264865690004,341,195.87683284457478
direction,peri_go,delta,0.29084324824690183,0.1673669765184518,0.26946967570427927,0.17911312293045314,341,195.87683284457478
direction,peri_go,low_gamma,0.2870514560656955,0.16690299808368297,0.26539869475739136,0.17925127637911523,341,195.87683284457478
direction,peri_go,theta,0.2872889032718103,0.16797432664214365,0.26607418677140626,0.18034577826688614,341,195.87683284457478
direction,peri_go,torus_geometry_15,0.2924894492617794,0.166516061824085,0.2898778012531769,0.1677279710962808,341,195.87683284457478
direction,post_go,all_band_power,0.3196061743474317,0.17042794241385203,0.31275320113658295,0.1739955698546144,341,195.87683284457478
direction,post_go,alpha,0.280607372734906,0.16752931053227685,0.2604012690996438,0.17917136368773895,341,195.87683284457478
direction,post_go,average_psd,0.2902241975647651,0.17172490591359443,0.26945311813404466,0.18345785402476353,341,195.87683284457478
direction,post_go,beta,0.29169998938194275,0.1638738618763605,0.27005274481038294,0.17624230008234548,341,195.87683284457478
direction,post_go,delta,0.29207272519655963,0.165089360086169,0.2702913751233015,0.17688457810347458,341,195.87683284457478
direction,post_go,low_gamma,0.29140639112959166,0.17091659662983522,0.2699459371391358,0.18302711286531181,341,195.87683284457478
direction,post_go,theta,0.2833310785176645,0.1649292280120468,0.2614842862199226,0.1775642683332465,341,195.87683284457478
direction,post_go,torus_geometry_15,0.2959827250305366,0.1664118441605393,0.293292061400789,0.16760926868829273,341,195.87683284457478
direction,pre_go,all_band_power,0.2832419214067454,0.16808966626631253,0.2777395555534322,0.17100565932946565,341,195.87683284457478
direction,pre_go,alpha,0.268469722572641,0.1626237454795767,0.24985376273308058,0.17307791953637489,341,195.87683284457478
direction,pre_go,average_psd,0.2647387242322593,0.16559189626097778,0.24807483614443482,0.17495940437045296,341,195.87683284457478
direction,pre_go,beta,0.2645569147927402,0.15911275491038449,0.24558900171913575,0.16982276585855735,341,195.87683284457478
direction,pre_go,delta,0.2693464014845325,0.15889867891384488,0.2499246862342615,0.16995066389689806,341,195.87683284457478
direction,pre_go,low_gamma,0.26805838442334545,0.16038266210526822,0.24869375890800816,0.1710833778379728,341,195.87683284457478
direction,pre_go,theta,0.26940699852746414,0.1671823079643449,0.25082445932039527,0.17759580708103176,341,195.87683284457478
direction,pre_go,torus_geometry_15,0.2772337416313311,0.15792346032412774,0.2744884329942003,0.15902095025804738,341,195.87683284457478
