analysis_level,analysis_label,monkey,session_id,n_lfps,reason
session,Monkey M session o080416002-18,M,o080416002-18,2,fewer than 5 full-six-direction LFPs
session,Monkey M session o080417003-14,M,o080417003-14,2,fewer than 5 full-six-direction LFPs
session,Monkey M session o080422011-21,M,o080422011-21,1,fewer than 5 full-six-direction LFPs
session,Monkey M session o080423001-5,M,o080423001-5,2,fewer than 5 full-six-direction LFPs
session,Monkey M session o080424002-11,M,o080424002-11,1,fewer than 5 full-six-direction LFPs
session,Monkey M session o080424012-22,M,o080424012-22,1,fewer than 5 full-six-direction LFPs
session,Monkey M session o080425003-12,M,o080425003-12,1,fewer than 5 full-six-direction LFPs
session,Monkey M session o080425013-21,M,o080425013-21,1,fewer than 5 full-six-direction LFPs
session,Monkey M session o080429002-7,M,o080429002-7,1,fewer than 5 full-six-direction LFPs
session,Monkey M session o080430002-12,M,o080430002-12,1,fewer than 5 full-six-direction LFPs
session,Monkey M session o080430013-23,M,o080430013-23,2,fewer than 5 full-six-direction LFPs
session,Monkey M session o080501001-6,M,o080501001-6,1,fewer than 5 full-six-direction LFPs
session,Monkey M session o080506002-22,M,o080506002-22,2,fewer than 5 full-six-direction LFPs
session,Monkey M session o080507002-11,M,o080507002-11,1,fewer than 5 full-six-direction LFPs
session,Monkey M session o080507012-23,M,o080507012-23,2,fewer than 5 full-six-direction LFPs
session,Monkey M session o080509001-9,M,o080509001-9,1,fewer than 5 full-six-direction LFPs
session,Monkey M session o080509010-19,M,o080509010-19,1,fewer than 5 full-six-direction LFPs
session,Monkey M session o080513001-9,M,o080513001-9,2,fewer than 5 full-six-direction LFPs
session,Monkey M session o080513010-18,M,o080513010-18,2,fewer than 5 full-six-direction LFPs
session,Monkey M session o080514007-17,M,o080514007-17,1,fewer than 5 full-six-direction LFPs
session,Monkey M session o080515002-11,M,o080515002-11,2,fewer than 5 full-six-direction LFPs
session,Monkey M session o080515012-24,M,o080515012-24,2,fewer than 5 full-six-direction LFPs
session,Monkey M session o080516002-14,M,o080516002-14,2,fewer than 5 full-six-direction LFPs
session,Monkey M session o080516015-26,M,o080516015-26,1,fewer than 5 full-six-direction LFPs
session,Monkey M session o080522005-11,M,o080522005-11,2,fewer than 5 full-six-direction LFPs
session,Monkey M session o080522012-21,M,o080522012-21,2,fewer than 5 full-six-direction LFPs
session,Monkey M session o080523010-18,M,o080523010-18,2,fewer than 5 full-six-direction LFPs
session,Monkey M session o080527006-16,M,o080527006-16,2,fewer than 5 full-six-direction LFPs
session,Monkey M session o080528006-15,M,o080528006-15,2,fewer than 5 full-six-direction LFPs
session,Monkey M session o080528016-25,M,o080528016-25,2,fewer than 5 full-six-direction LFPs
session,Monkey M session o080710006-11,M,o080710006-11,2,fewer than 5 full-six-direction LFPs
session,Monkey M session o080711002-7,M,o080711002-7,2,fewer than 5 full-six-direction LFPs
session,Monkey M session o080718005-9,M,o080718005-9,2,fewer than 5 full-six-direction LFPs
session,Monkey M session o080722004-9,M,o080722004-9,1,fewer than 5 full-six-direction LFPs
session,Monkey M session o080723006-11,M,o080723006-11,2,fewer than 5 full-six-direction LFPs
session,Monkey M session o080724004-9,M,o080724004-9,2,fewer than 5 full-six-direction LFPs
session,Monkey M session o080731003-10,M,o080731003-10,1,fewer than 5 full-six-direction LFPs
session,Monkey M session o080731011-18,M,o080731011-18,1,fewer than 5 full-six-direction LFPs
session,Monkey M session o080801001-7,M,o080801001-7,2,fewer than 5 full-six-direction LFPs
session,Monkey M session o080801008-10,M,o080801008-10,2,fewer than 5 full-six-direction LFPs
session,Monkey M session o080801011-14,M,o080801011-14,1,fewer than 5 full-six-direction LFPs
session,Monkey M session o080806001-5,M,o080806001-5,1,fewer than 5 full-six-direction LFPs
session,Monkey M session o080808001-5,M,o080808001-5,2,fewer than 5 full-six-direction LFPs
session,Monkey M session o080808006-12,M,o080808006-12,2,fewer than 5 full-six-direction LFPs
session,Monkey M session o080828001-6,M,o080828001-6,2,fewer than 5 full-six-direction LFPs
session,Monkey M session o080828007-12,M,o080828007-12,1,fewer than 5 full-six-direction LFPs
session,Monkey M session o080829001-5,M,o080829001-5,1,fewer than 5 full-six-direction LFPs
session,Monkey M session o080903002-5,M,o080903002-5,2,fewer than 5 full-six-direction LFPs
session,Monkey M session o080903006-12,M,o080903006-12,2,fewer than 5 full-six-direction LFPs
session,Monkey M session o080904001-7,M,o080904001-7,2,fewer than 5 full-six-direction LFPs
session,Monkey M session o080904008-14,M,o080904008-14,2,fewer than 5 full-six-direction LFPs
session,Monkey M session o080905001-6,M,o080905001-6,1,fewer than 5 full-six-direction LFPs
session,Monkey M session o080910001-5,M,o080910001-5,2,fewer than 5 full-six-direction LFPs
session,Monkey M session o080910006-11,M,o080910006-11,2,fewer than 5 full-six-direction LFPs
session,Monkey M session o080911001-5,M,o080911001-5,2,fewer than 5 full-six-direction LFPs
session,Monkey M session o080911006-11,M,o080911006-11,2,fewer than 5 full-six-direction LFPs
session,Monkey M session o080912004-7,M,o080912004-7,1,fewer than 5 full-six-direction LFPs
session,Monkey M session o080912008-13,M,o080912008-13,2,fewer than 5 full-six-direction LFPs
session,Monkey M session o080917001-8,M,o080917001-8,2,fewer than 5 full-six-direction LFPs
session,Monkey M session o080918001-5,M,o080918001-5,2,fewer than 5 full-six-direction LFPs
session,Monkey M session o080918006-11,M,o080918006-11,1,fewer than 5 full-six-direction LFPs
session,Monkey M session o080919001-6,M,o080919001-6,2,fewer than 5 full-six-direction LFPs
session,Monkey M session o080919007-12,M,o080919007-12,2,fewer than 5 full-six-direction LFPs
session,Monkey M session o080925002-6,M,o080925002-6,2,fewer than 5 full-six-direction LFPs
session,Monkey M session o080925007-12,M,o080925007-12,2,fewer than 5 full-six-direction LFPs
session,Monkey M session o080926001-6,M,o080926001-6,1,fewer than 5 full-six-direction LFPs
session,Monkey M session o080926007-11,M,o080926007-11,2,fewer than 5 full-six-direction LFPs
session,Monkey M session o080930001-5,M,o080930001-5,1,fewer than 5 full-six-direction LFPs
session,Monkey M session o081001001-12,M,o081001001-12,2,fewer than 5 full-six-direction LFPs
session,Monkey M session o081001013-26,M,o081001013-26,2,fewer than 5 full-six-direction LFPs
session,Monkey M session o081002010-22,M,o081002010-22,1,fewer than 5 full-six-direction LFPs
session,Monkey M session o081003003-14,M,o081003003-14,2,fewer than 5 full-six-direction LFPs
session,Monkey M session o081003015-26,M,o081003015-26,2,fewer than 5 full-six-direction LFPs
session,Monkey M session o081008001-15,M,o081008001-15,2,fewer than 5 full-six-direction LFPs
session,Monkey M session o081028001-12,M,o081028001-12,1,fewer than 5 full-six-direction LFPs
session,Monkey M session o081029001-11,M,o081029001-11,1,fewer than 5 full-six-direction LFPs
session,Monkey M session o081029012-25,M,o081029012-25,2,fewer than 5 full-six-direction LFPs
session,Monkey M session o081031013-23,M,o081031013-23,2,fewer than 5 full-six-direction LFPs
session,Monkey M session o081107007-13,M,o081107007-13,2,fewer than 5 full-six-direction LFPs
session,Monkey M session o081113002-9,M,o081113002-9,2,fewer than 5 full-six-direction LFPs
session,Monkey M session o081127010-14,M,o081127010-14,1,fewer than 5 full-six-direction LFPs
session,Monkey M session o081202001-7,M,o081202001-7,2,fewer than 5 full-six-direction LFPs
session,Monkey T session y070130005-13,T,y070130005-13,2,fewer than 5 full-six-direction LFPs
session,Monkey T session y070201001-6,T,y070201001-6,1,fewer than 5 full-six-direction LFPs
session,Monkey T session y070202001-7,T,y070202001-7,1,fewer than 5 full-six-direction LFPs
session,Monkey T session y070202009-16,T,y070202009-16,1,fewer than 5 full-six-direction LFPs
session,Monkey T session y070206006-12,T,y070206006-12,1,fewer than 5 full-six-direction LFPs
session,Monkey T session y070207001-3,T,y070207001-3,2,fewer than 5 full-six-direction LFPs
session,Monkey T session y070207004-11,T,y070207004-11,2,fewer than 5 full-six-direction LFPs
session,Monkey T session y070207012-19,T,y070207012-19,2,fewer than 5 full-six-direction LFPs
session,Monkey T session y070208003-8,T,y070208003-8,2,fewer than 5 full-six-direction LFPs
session,Monkey T session y070209004-10,T,y070209004-10,2,fewer than 5 full-six-direction LFPs
session,Monkey T session y070213003-8,T,y070213003-8,1,fewer than 5 full-six-direction LFPs
session,Monkey T session y070214006-11,T,y070214006-11,1,fewer than 5 full-six-direction LFPs
session,Monkey T session y070214012-17,T,y070214012-17,1,fewer than 5 full-six-direction LFPs
session,Monkey T session y070215001-4,T,y070215001-4,2,fewer than 5 full-six-direction LFPs
session,Monkey T session y070215005-10,T,y070215005-10,2,fewer than 5 full-six-direction LFPs
session,Monkey T session y070215011-16,T,y070215011-16,2,fewer than 5 full-six-direction LFPs
session,Monkey T session y070228001-5,T,y070228001-5,1,fewer than 5 full-six-direction LFPs
session,Monkey T session y070301002-6,T,y070301002-6,1,fewer than 5 full-six-direction LFPs
session,Monkey T session y070301012-19,T,y070301012-19,1,fewer than 5 full-six-direction LFPs
session,Monkey T session y070306001-5,T,y070306001-5,2,fewer than 5 full-six-direction LFPs
session,Monkey T session y070306006-11,T,y070306006-11,2,fewer than 5 full-six-direction LFPs
session,Monkey T session y070307002-6,T,y070307002-6,1,fewer than 5 full-six-direction LFPs
session,Monkey T session y070307008-13,T,y070307008-13,1,fewer than 5 full-six-direction LFPs
session,Monkey T session y070308002-6,T,y070308002-6,1,fewer than 5 full-six-direction LFPs
session,Monkey T session y070312001-5,T,y070312001-5,2,fewer than 5 full-six-direction LFPs
session,Monkey T session y070312011-14,T,y070312011-14,2,fewer than 5 full-six-direction LFPs
session,Monkey T session y070314001-8,T,y070314001-8,2,fewer than 5 full-six-direction LFPs
session,Monkey T session y070315003-8,T,y070315003-8,3,fewer than 5 full-six-direction LFPs
session,Monkey T session y070315009-14,T,y070315009-14,3,fewer than 5 full-six-direction LFPs
session,Monkey T session y070316001-4,T,y070316001-4,2,fewer than 5 full-six-direction LFPs
session,Monkey T session y070316006-8,T,y070316006-8,2,fewer than 5 full-six-direction LFPs
session,Monkey T session y070316009-12,T,y070316009-12,2,fewer than 5 full-six-direction LFPs
session,Monkey T session y070412010-15,T,y070412010-15,4,fewer than 5 full-six-direction LFPs
session,Monkey T session y070413002-8,T,y070413002-8,1,fewer than 5 full-six-direction LFPs
session,Monkey T session y070413009-13,T,y070413009-13,4,fewer than 5 full-six-direction LFPs
session,Monkey T session y070416003-7,T,y070416003-7,2,fewer than 5 full-six-direction LFPs
session,Monkey T session y070416009-13,T,y070416009-13,2,fewer than 5 full-six-direction LFPs
session,Monkey T session y070419002-5,T,y070419002-5,2,fewer than 5 full-six-direction LFPs
session,Monkey T session y070420002-5,T,y070420002-5,2,fewer than 5 full-six-direction LFPs
session,Monkey T session y070420006-10,T,y070420006-10,2,fewer than 5 full-six-direction LFPs
session,Monkey T session y070423002-6,T,y070423002-6,2,fewer than 5 full-six-direction LFPs
session,Monkey T session y070423008-14,T,y070423008-14,2,fewer than 5 full-six-direction LFPs
session,Monkey T session y070424001-6,T,y070424001-6,4,fewer than 5 full-six-direction LFPs
session,Monkey T session y070424007-15,T,y070424007-15,2,fewer than 5 full-six-direction LFPs
session,Monkey T session y070425001-6,T,y070425001-6,2,fewer than 5 full-six-direction LFPs
session,Monkey T session y070425007-12,T,y070425007-12,4,fewer than 5 full-six-direction LFPs
session,Monkey T session y070426001-5,T,y070426001-5,1,fewer than 5 full-six-direction LFPs
session,Monkey T session y070426006-13,T,y070426006-13,2,fewer than 5 full-six-direction LFPs
session,Monkey T session y070502002-7,T,y070502002-7,2,fewer than 5 full-six-direction LFPs
session,Monkey T session y070502008-15,T,y070502008-15,4,fewer than 5 full-six-direction LFPs
session,Monkey T session y070503001-7,T,y070503001-7,2,fewer than 5 full-six-direction LFPs
session,Monkey T session y070503011-16,T,y070503011-16,3,fewer than 5 full-six-direction LFPs
