mouse_ID,group,date,phase,label,channel,window_start_s,window_end_s,source_interval_start_s,source_interval_end_s,dat_file,session,session_channel
ekez003,control,250830,mobile,0,12,260.0,262.0,258.0,270.0,LFP0_250830.dat,ekez003_250830,ekez003_250830_ch12
ekez003,control,250830,mobile,0,12,262.0,264.0,258.0,270.0,LFP0_250830.dat,ekez003_250830,ekez003_250830_ch12
ekez003,control,250830,mobile,0,12,264.0,266.0,258.0,270.0,LFP0_250830.dat,ekez003_250830,ekez003_250830_ch12
ekez003,control,250830,mobile,0,12,266.0,268.0,258.0,270.0,LFP0_250830.dat,ekez003_250830,ekez003_250830_ch12
ekez003,control,250830,immobile,1,12,726.0,728.0,724.0,740.0,LFP0_250830.dat,ekez003_250830,ekez003_250830_ch12
ekez003,control,250830,immobile,1,12,728.0,730.0,724.0,740.0,LFP0_250830.dat,ekez003_250830,ekez003_250830_ch12
ekez003,control,250830,immobile,1,12,730.0,732.0,724.0,740.0,LFP0_250830.dat,ekez003_250830,ekez003_250830_ch12
ekez003,control,250830,immobile,1,12,732.0,734.0,724.0,740.0,LFP0_250830.dat,ekez003_250830,ekez003_250830_ch12
ekez003,control,250830,immobile,1,12,734.0,736.0,724.0,740.0,LFP0_250830.dat,ekez003_250830,ekez003_250830_ch12
ekez003,control,250830,immobile,1,12,736.0,738.0,724.0,740.0,LFP0_250830.dat,ekez003_250830,ekez003_250830_ch12
ekez003,control,250830,sleep,2,12,2385.0,2387.0,2383.0,2670.0,LFP0_250830.dat,ekez003_250830,ekez003_250830_ch12
ekez003,control,250830,sleep,2,12,2397.0,2399.0,2383.0,2670.0,LFP0_250830.dat,ekez003_250830,ekez003_250830_ch12
ekez003,control,250830,sleep,2,12,2409.0,2411.0,2383.0,2670.0,LFP0_250830.dat,ekez003_250830,ekez003_250830_ch12
ekez003,control,250830,sleep,2,12,2421.0,2423.0,2383.0,2670.0,LFP0_250830.dat,ekez003_250830,ekez003_250830_ch12
ekez003,control,250830,sleep,2,12,2433.0,2435.0,2383.0,2670.0,LFP0_250830.dat,ekez003_250830,ekez003_250830_ch12
ekez003,control,250830,sleep,2,12,2445.0,2447.0,2383.0,2670.0,LFP0_250830.dat,ekez003_250830,ekez003_250830_ch12
ekez003,control,250830,sleep,2,12,2459.0,2461.0,2383.0,2670.0,LFP0_250830.dat,ekez003_250830,ekez003_250830_ch12
ekez003,control,250830,sleep,2,12,2471.0,2473.0,2383.0,2670.0,LFP0_250830.dat,ekez003_250830,ekez003_250830_ch12
ekez003,control,250830,sleep,2,12,2483.0,2485.0,2383.0,2670.0,LFP0_250830.dat,ekez003_250830,ekez003_250830_ch12
ekez003,control,250830,sleep,2,12,2495.0,2497.0,2383.0,2670.0,LFP0_250830.dat,ekez003_250830,ekez003_250830_ch12
ekez003,control,250830,sleep,2,12,2507.0,2509.0,2383.0,2670.0,LFP0_250830.dat,ekez003_250830,ekez003_250830_ch12
ekez003,control,250830,sleep,2,12,2519.0,2521.0,2383.0,2670.0,LFP0_250830.dat,ekez003_250830,ekez003_250830_ch12
ekez003,control,250830,sleep,2,12,2531.0,2533.0,2383.0,2670.0,LFP0_250830.dat,ekez003_250830,ekez003_250830_ch12
ekez003,control,250830,sleep,2,12,2543.0,2545.0,2383.0,2670.0,LFP0_250830.dat,ekez003_250830,ekez003_250830_ch12
ekez003,control,250830,sleep,2,12,2555.0,2557.0,2383.0,2670.0,LFP0_250830.dat,ekez003_250830,ekez003_250830_ch12
ekez003,control,250830,sleep,2,12,2567.0,2569.0,2383.0,2670.0,LFP0_250830.dat,ekez003_250830,ekez003_250830_ch12
ekez003,control,250830,sleep,2,12,2579.0,2581.0,2383.0,2670.0,LFP0_250830.dat,ekez003_250830,ekez003_250830_ch12
ekez003,control,250830,sleep,2,12,2591.0,2593.0,2383.0,2670.0,LFP0_250830.dat,ekez003_250830,ekez003_250830_ch12
ekez003,control,250830,sleep,2,12,2605.0,2607.0,2383.0,2670.0,LFP0_250830.dat,ekez003_250830,ekez003_250830_ch12
ekez003,control,250830,sleep,2,12,2617.0,2619.0,2383.0,2670.0,LFP0_250830.dat,ekez003_250830,ekez003_250830_ch12
ekez003,control,250830,sleep,2,12,2629.0,2631.0,2383.0,2670.0,LFP0_250830.dat,ekez003_250830,ekez003_250830_ch12
ekez003,control,250830,sleep,2,12,2641.0,2643.0,2383.0,2670.0,LFP0_250830.dat,ekez003_250830,ekez003_250830_ch12
ekez003,control,250830,sleep,2,12,2653.0,2655.0,2383.0,2670.0,LFP0_250830.dat,ekez003_250830,ekez003_250830_ch12
ekez003,control,250830,sleep,2,12,2665.0,2667.0,2383.0,2670.0,LFP0_250830.dat,ekez003_250830,ekez003_250830_ch12
ekez003,control,250830,mobile,0,19,260.0,262.0,258.0,270.0,LFP0_250830.dat,ekez003_250830,ekez003_250830_ch19
ekez003,control,250830,mobile,0,19,262.0,264.0,258.0,270.0,LFP0_250830.dat,ekez003_250830,ekez003_250830_ch19
ekez003,control,250830,mobile,0,19,264.0,266.0,258.0,270.0,LFP0_250830.dat,ekez003_250830,ekez003_250830_ch19
ekez003,control,250830,mobile,0,19,266.0,268.0,258.0,270.0,LFP0_250830.dat,ekez003_250830,ekez003_250830_ch19
ekez003,control,250830,immobile,1,19,726.0,728.0,724.0,740.0,LFP0_250830.dat,ekez003_250830,ekez003_250830_ch19
ekez003,control,250830,immobile,1,19,728.0,730.0,724.0,740.0,LFP0_250830.dat,ekez003_250830,ekez003_250830_ch19
ekez003,control,250830,immobile,1,19,730.0,732.0,724.0,740.0,LFP0_250830.dat,ekez003_250830,ekez003_250830_ch19
ekez003,control,250830,immobile,1,19,732.0,734.0,724.0,740.0,LFP0_250830.dat,ekez003_250830,ekez003_250830_ch19
ekez003,control,250830,immobile,1,19,734.0,736.0,724.0,740.0,LFP0_250830.dat,ekez003_250830,ekez003_250830_ch19
ekez003,control,250830,immobile,1,19,736.0,738.0,724.0,740.0,LFP0_250830.dat,ekez003_250830,ekez003_250830_ch19
ekez003,control,250830,sleep,2,19,2385.0,2387.0,2383.0,2670.0,LFP0_250830.dat,ekez003_250830,ekez003_250830_ch19
ekez003,control,250830,sleep,2,19,2397.0,2399.0,2383.0,2670.0,LFP0_250830.dat,ekez003_250830,ekez003_250830_ch19
ekez003,control,250830,sleep,2,19,2409.0,2411.0,2383.0,2670.0,LFP0_250830.dat,ekez003_250830,ekez003_250830_ch19
ekez003,control,250830,sleep,2,19,2421.0,2423.0,2383.0,2670.0,LFP0_250830.dat,ekez003_250830,ekez003_250830_ch19
ekez003,control,250830,sleep,2,19,2433.0,2435.0,2383.0,2670.0,LFP0_250830.dat,ekez003_250830,ekez003_250830_ch19
ekez003,control,250830,sleep,2,19,2445.0,2447.0,2383.0,2670.0,LFP0_250830.dat,ekez003_250830,ekez003_250830_ch19
ekez003,control,250830,sleep,2,19,2459.0,2461.0,2383.0,2670.0,LFP0_250830.dat,ekez003_250830,ekez003_250830_ch19
ekez003,control,250830,sleep,2,19,2471.0,2473.0,2383.0,2670.0,LFP0_250830.dat,ekez003_250830,ekez003_250830_ch19
ekez003,control,250830,sleep,2,19,2483.0,2485.0,2383.0,2670.0,LFP0_250830.dat,ekez003_250830,ekez003_250830_ch19
ekez003,control,250830,sleep,2,19,2495.0,2497.0,2383.0,2670.0,LFP0_250830.dat,ekez003_250830,ekez003_250830_ch19
ekez003,control,250830,sleep,2,19,2507.0,2509.0,2383.0,2670.0,LFP0_250830.dat,ekez003_250830,ekez003_250830_ch19
ekez003,control,250830,sleep,2,19,2519.0,2521.0,2383.0,2670.0,LFP0_250830.dat,ekez003_250830,ekez003_250830_ch19
ekez003,control,250830,sleep,2,19,2531.0,2533.0,2383.0,2670.0,LFP0_250830.dat,ekez003_250830,ekez003_250830_ch19
ekez003,control,250830,sleep,2,19,2543.0,2545.0,2383.0,2670.0,LFP0_250830.dat,ekez003_250830,ekez003_250830_ch19
ekez003,control,250830,sleep,2,19,2555.0,2557.0,2383.0,2670.0,LFP0_250830.dat,ekez003_250830,ekez003_250830_ch19
ekez003,control,250830,sleep,2,19,2567.0,2569.0,2383.0,2670.0,LFP0_250830.dat,ekez003_250830,ekez003_250830_ch19
ekez003,control,250830,sleep,2,19,2579.0,2581.0,2383.0,2670.0,LFP0_250830.dat,ekez003_250830,ekez003_250830_ch19
ekez003,control,250830,sleep,2,19,2591.0,2593.0,2383.0,2670.0,LFP0_250830.dat,ekez003_250830,ekez003_250830_ch19
ekez003,control,250830,sleep,2,19,2605.0,2607.0,2383.0,2670.0,LFP0_250830.dat,ekez003_250830,ekez003_250830_ch19
ekez003,control,250830,sleep,2,19,2617.0,2619.0,2383.0,2670.0,LFP0_250830.dat,ekez003_250830,ekez003_250830_ch19
ekez003,control,250830,sleep,2,19,2629.0,2631.0,2383.0,2670.0,LFP0_250830.dat,ekez003_250830,ekez003_250830_ch19
ekez003,control,250830,sleep,2,19,2641.0,2643.0,2383.0,2670.0,LFP0_250830.dat,ekez003_250830,ekez003_250830_ch19
ekez003,control,250830,sleep,2,19,2653.0,2655.0,2383.0,2670.0,LFP0_250830.dat,ekez003_250830,ekez003_250830_ch19
ekez003,control,250830,sleep,2,19,2665.0,2667.0,2383.0,2670.0,LFP0_250830.dat,ekez003_250830,ekez003_250830_ch19
ekez003,control,250906,mobile,0,12,782.0,784.0,780.0,825.0,LFP0_250906.dat,ekez003_250906,ekez003_250906_ch12
ekez003,control,250906,mobile,0,12,784.0,786.0,780.0,825.0,LFP0_250906.dat,ekez003_250906,ekez003_250906_ch12
ekez003,control,250906,mobile,0,12,786.0,788.0,780.0,825.0,LFP0_250906.dat,ekez003_250906,ekez003_250906_ch12
ekez003,control,250906,mobile,0,12,788.0,790.0,780.0,825.0,LFP0_250906.dat,ekez003_250906,ekez003_250906_ch12
ekez003,control,250906,mobile,0,12,790.0,792.0,780.0,825.0,LFP0_250906.dat,ekez003_250906,ekez003_250906_ch12
ekez003,control,250906,mobile,0,12,792.0,794.0,780.0,825.0,LFP0_250906.dat,ekez003_250906,ekez003_250906_ch12
ekez003,control,250906,mobile,0,12,794.0,796.0,780.0,825.0,LFP0_250906.dat,ekez003_250906,ekez003_250906_ch12
ekez003,control,250906,mobile,0,12,796.0,798.0,780.0,825.0,LFP0_250906.dat,ekez003_250906,ekez003_250906_ch12
ekez003,control,250906,mobile,0,12,798.0,800.0,780.0,825.0,LFP0_250906.dat,ekez003_250906,ekez003_250906_ch12
ekez003,control,250906,mobile,0,12,800.0,802.0,780.0,825.0,LFP0_250906.dat,ekez003_250906,ekez003_250906_ch12
ekez003,control,250906,mobile,0,12,802.0,804.0,780.0,825.0,LFP0_250906.dat,ekez003_250906,ekez003_250906_ch12
ekez003,control,250906,mobile,0,12,804.0,806.0,780.0,825.0,LFP0_250906.dat,ekez003_250906,ekez003_250906_ch12
ekez003,control,250906,mobile,0,12,806.0,808.0,780.0,825.0,LFP0_250906.dat,ekez003_250906,ekez003_250906_ch12
ekez003,control,250906,mobile,0,12,808.0,810.0,780.0,825.0,LFP0_250906.dat,ekez003_250906,ekez003_250906_ch12
ekez003,control,250906,mobile,0,12,810.0,812.0,780.0,825.0,LFP0_250906.dat,ekez003_250906,ekez003_250906_ch12
ekez003,control,250906,mobile,0,12,812.0,814.0,780.0,825.0,LFP0_250906.dat,ekez003_250906,ekez003_250906_ch12
ekez003,control,250906,mobile,0,12,814.0,816.0,780.0,825.0,LFP0_250906.dat,ekez003_250906,ekez003_250906_ch12
ekez003,control,250906,mobile,0,12,816.0,818.0,780.0,825.0,LFP0_250906.dat,ekez003_250906,ekez003_250906_ch12
ekez003,control,250906,mobile,0,12,818.0,820.0,780.0,825.0,LFP0_250906.dat,ekez003_250906,ekez003_250906_ch12
ekez003,control,250906,mobile,0,12,820.0,822.0,780.0,825.0,LFP0_250906.dat,ekez003_250906,ekez003_250906_ch12
ekez003,control,250906,sleep,2,12,1263.0,1265.0,1261.0,1696.0,LFP0_250906.dat,ekez003_250906,ekez003_250906_ch12
ekez003,control,250906,sleep,2,12,1281.0,1283.0,1261.0,1696.0,LFP0_250906.dat,ekez003_250906,ekez003_250906_ch12
ekez003,control,250906,sleep,2,12,1301.0,1303.0,1261.0,1696.0,LFP0_250906.dat,ekez003_250906,ekez003_250906_ch12
ekez003,control,250906,sleep,2,12,1319.0,1321.0,1261.0,1696.0,LFP0_250906.dat,ekez003_250906,ekez003_250906_ch12
ekez003,control,250906,sleep,2,12,1337.0,1339.0,1261.0,1696.0,LFP0_250906.dat,ekez003_250906,ekez003_250906_ch12
ekez003,control,250906,sleep,2,12,1357.0,1359.0,1261.0,1696.0,LFP0_250906.dat,ekez003_250906,ekez003_250906_ch12
ekez003,control,250906,sleep,2,12,1375.0,1377.0,1261.0,1696.0,LFP0_250906.dat,ekez003_250906,ekez003_250906_ch12
ekez003,control,250906,sleep,2,12,1393.0,1395.0,1261.0,1696.0,LFP0_250906.dat,ekez003_250906,ekez003_250906_ch12
ekez003,control,250906,sleep,2,12,1411.0,1413.0,1261.0,1696.0,LFP0_250906.dat,ekez003_250906,ekez003_250906_ch12
ekez003,control,250906,sleep,2,12,1431.0,1433.0,1261.0,1696.0,LFP0_250906.dat,ekez003_250906,ekez003_250906_ch12
ekez003,control,250906,sleep,2,12,1449.0,1451.0,1261.0,1696.0,LFP0_250906.dat,ekez003_250906,ekez003_250906_ch12
ekez003,control,250906,sleep,2,12,1467.0,1469.0,1261.0,1696.0,LFP0_250906.dat,ekez003_250906,ekez003_250906_ch12
ekez003,control,250906,sleep,2,12,1487.0,1489.0,1261.0,1696.0,LFP0_250906.dat,ekez003_250906,ekez003_250906_ch12
ekez003,control,250906,sleep,2,12,1505.0,1507.0,1261.0,1696.0,LFP0_250906.dat,ekez003_250906,ekez003_250906_ch12
ekez003,control,250906,sleep,2,12,1523.0,1525.0,1261.0,1696.0,LFP0_250906.dat,ekez003_250906,ekez003_250906_ch12
ekez003,control,250906,sleep,2,12,1543.0,1545.0,1261.0,1696.0,LFP0_250906.dat,ekez003_250906,ekez003_250906_ch12
ekez003,control,250906,sleep,2,12,1561.0,1563.0,1261.0,1696.0,LFP0_250906.dat,ekez003_250906,ekez003_250906_ch12
ekez003,control,250906,sleep,2,12,1579.0,1581.0,1261.0,1696.0,LFP0_250906.dat,ekez003_250906,ekez003_250906_ch12
ekez003,control,250906,sleep,2,12,1597.0,1599.0,1261.0,1696.0,LFP0_250906.dat,ekez003_250906,ekez003_250906_ch12
ekez003,control,250906,sleep,2,12,1617.0,1619.0,1261.0,1696.0,LFP0_250906.dat,ekez003_250906,ekez003_250906_ch12
ekez003,control,250906,sleep,2,12,1635.0,1637.0,1261.0,1696.0,LFP0_250906.dat,ekez003_250906,ekez003_250906_ch12
ekez003,control,250906,sleep,2,12,1653.0,1655.0,1261.0,1696.0,LFP0_250906.dat,ekez003_250906,ekez003_250906_ch12
ekez003,control,250906,sleep,2,12,1673.0,1675.0,1261.0,1696.0,LFP0_250906.dat,ekez003_250906,ekez003_250906_ch12
ekez003,control,250906,sleep,2,12,1691.0,1693.0,1261.0,1696.0,LFP0_250906.dat,ekez003_250906,ekez003_250906_ch12
ekez003,control,250906,immobile,1,12,2042.0,2044.0,2040.0,2062.0,LFP0_250906.dat,ekez003_250906,ekez003_250906_ch12
ekez003,control,250906,immobile,1,12,2044.0,2046.0,2040.0,2062.0,LFP0_250906.dat,ekez003_250906,ekez003_250906_ch12
ekez003,control,250906,immobile,1,12,2046.0,2048.0,2040.0,2062.0,LFP0_250906.dat,ekez003_250906,ekez003_250906_ch12
ekez003,control,250906,immobile,1,12,2048.0,2050.0,2040.0,2062.0,LFP0_250906.dat,ekez003_250906,ekez003_250906_ch12
ekez003,control,250906,immobile,1,12,2050.0,2052.0,2040.0,2062.0,LFP0_250906.dat,ekez003_250906,ekez003_250906_ch12
ekez003,control,250906,immobile,1,12,2052.0,2054.0,2040.0,2062.0,LFP0_250906.dat,ekez003_250906,ekez003_250906_ch12
ekez003,control,250906,immobile,1,12,2054.0,2056.0,2040.0,2062.0,LFP0_250906.dat,ekez003_250906,ekez003_250906_ch12
ekez003,control,250906,immobile,1,12,2056.0,2058.0,2040.0,2062.0,LFP0_250906.dat,ekez003_250906,ekez003_250906_ch12
ekez003,control,250906,immobile,1,12,2058.0,2060.0,2040.0,2062.0,LFP0_250906.dat,ekez003_250906,ekez003_250906_ch12
ekez003,control,250906,mobile,0,19,782.0,784.0,780.0,825.0,LFP0_250906.dat,ekez003_250906,ekez003_250906_ch19
ekez003,control,250906,mobile,0,19,784.0,786.0,780.0,825.0,LFP0_250906.dat,ekez003_250906,ekez003_250906_ch19
ekez003,control,250906,mobile,0,19,786.0,788.0,780.0,825.0,LFP0_250906.dat,ekez003_250906,ekez003_250906_ch19
ekez003,control,250906,mobile,0,19,788.0,790.0,780.0,825.0,LFP0_250906.dat,ekez003_250906,ekez003_250906_ch19
ekez003,control,250906,mobile,0,19,790.0,792.0,780.0,825.0,LFP0_250906.dat,ekez003_250906,ekez003_250906_ch19
ekez003,control,250906,mobile,0,19,792.0,794.0,780.0,825.0,LFP0_250906.dat,ekez003_250906,ekez003_250906_ch19
ekez003,control,250906,mobile,0,19,794.0,796.0,780.0,825.0,LFP0_250906.dat,ekez003_250906,ekez003_250906_ch19
ekez003,control,250906,mobile,0,19,796.0,798.0,780.0,825.0,LFP0_250906.dat,ekez003_250906,ekez003_250906_ch19
ekez003,control,250906,mobile,0,19,798.0,800.0,780.0,825.0,LFP0_250906.dat,ekez003_250906,ekez003_250906_ch19
ekez003,control,250906,mobile,0,19,800.0,802.0,780.0,825.0,LFP0_250906.dat,ekez003_250906,ekez003_250906_ch19
ekez003,control,250906,mobile,0,19,802.0,804.0,780.0,825.0,LFP0_250906.dat,ekez003_250906,ekez003_250906_ch19
ekez003,control,250906,mobile,0,19,804.0,806.0,780.0,825.0,LFP0_250906.dat,ekez003_250906,ekez003_250906_ch19
ekez003,control,250906,mobile,0,19,806.0,808.0,780.0,825.0,LFP0_250906.dat,ekez003_250906,ekez003_250906_ch19
ekez003,control,250906,mobile,0,19,808.0,810.0,780.0,825.0,LFP0_250906.dat,ekez003_250906,ekez003_250906_ch19
ekez003,control,250906,mobile,0,19,810.0,812.0,780.0,825.0,LFP0_250906.dat,ekez003_250906,ekez003_250906_ch19
ekez003,control,250906,mobile,0,19,812.0,814.0,780.0,825.0,LFP0_250906.dat,ekez003_250906,ekez003_250906_ch19
ekez003,control,250906,mobile,0,19,814.0,816.0,780.0,825.0,LFP0_250906.dat,ekez003_250906,ekez003_250906_ch19
ekez003,control,250906,mobile,0,19,816.0,818.0,780.0,825.0,LFP0_250906.dat,ekez003_250906,ekez003_250906_ch19
ekez003,control,250906,mobile,0,19,818.0,820.0,780.0,825.0,LFP0_250906.dat,ekez003_250906,ekez003_250906_ch19
ekez003,control,250906,mobile,0,19,820.0,822.0,780.0,825.0,LFP0_250906.dat,ekez003_250906,ekez003_250906_ch19
ekez003,control,250906,sleep,2,19,1263.0,1265.0,1261.0,1696.0,LFP0_250906.dat,ekez003_250906,ekez003_250906_ch19
ekez003,control,250906,sleep,2,19,1281.0,1283.0,1261.0,1696.0,LFP0_250906.dat,ekez003_250906,ekez003_250906_ch19
ekez003,control,250906,sleep,2,19,1301.0,1303.0,1261.0,1696.0,LFP0_250906.dat,ekez003_250906,ekez003_250906_ch19
ekez003,control,250906,sleep,2,19,1319.0,1321.0,1261.0,1696.0,LFP0_250906.dat,ekez003_250906,ekez003_250906_ch19
ekez003,control,250906,sleep,2,19,1337.0,1339.0,1261.0,1696.0,LFP0_250906.dat,ekez003_250906,ekez003_250906_ch19
ekez003,control,250906,sleep,2,19,1357.0,1359.0,1261.0,1696.0,LFP0_250906.dat,ekez003_250906,ekez003_250906_ch19
ekez003,control,250906,sleep,2,19,1375.0,1377.0,1261.0,1696.0,LFP0_250906.dat,ekez003_250906,ekez003_250906_ch19
ekez003,control,250906,sleep,2,19,1393.0,1395.0,1261.0,1696.0,LFP0_250906.dat,ekez003_250906,ekez003_250906_ch19
ekez003,control,250906,sleep,2,19,1411.0,1413.0,1261.0,1696.0,LFP0_250906.dat,ekez003_250906,ekez003_250906_ch19
ekez003,control,250906,sleep,2,19,1431.0,1433.0,1261.0,1696.0,LFP0_250906.dat,ekez003_250906,ekez003_250906_ch19
ekez003,control,250906,sleep,2,19,1449.0,1451.0,1261.0,1696.0,LFP0_250906.dat,ekez003_250906,ekez003_250906_ch19
ekez003,control,250906,sleep,2,19,1467.0,1469.0,1261.0,1696.0,LFP0_250906.dat,ekez003_250906,ekez003_250906_ch19
ekez003,control,250906,sleep,2,19,1487.0,1489.0,1261.0,1696.0,LFP0_250906.dat,ekez003_250906,ekez003_250906_ch19
ekez003,control,250906,sleep,2,19,1505.0,1507.0,1261.0,1696.0,LFP0_250906.dat,ekez003_250906,ekez003_250906_ch19
ekez003,control,250906,sleep,2,19,1523.0,1525.0,1261.0,1696.0,LFP0_250906.dat,ekez003_250906,ekez003_250906_ch19
ekez003,control,250906,sleep,2,19,1543.0,1545.0,1261.0,1696.0,LFP0_250906.dat,ekez003_250906,ekez003_250906_ch19
ekez003,control,250906,sleep,2,19,1561.0,1563.0,1261.0,1696.0,LFP0_250906.dat,ekez003_250906,ekez003_250906_ch19
ekez003,control,250906,sleep,2,19,1579.0,1581.0,1261.0,1696.0,LFP0_250906.dat,ekez003_250906,ekez003_250906_ch19
ekez003,control,250906,sleep,2,19,1597.0,1599.0,1261.0,1696.0,LFP0_250906.dat,ekez003_250906,ekez003_250906_ch19
ekez003,control,250906,sleep,2,19,1617.0,1619.0,1261.0,1696.0,LFP0_250906.dat,ekez003_250906,ekez003_250906_ch19
ekez003,control,250906,sleep,2,19,1635.0,1637.0,1261.0,1696.0,LFP0_250906.dat,ekez003_250906,ekez003_250906_ch19
ekez003,control,250906,sleep,2,19,1653.0,1655.0,1261.0,1696.0,LFP0_250906.dat,ekez003_250906,ekez003_250906_ch19
ekez003,control,250906,sleep,2,19,1673.0,1675.0,1261.0,1696.0,LFP0_250906.dat,ekez003_250906,ekez003_250906_ch19
ekez003,control,250906,sleep,2,19,1691.0,1693.0,1261.0,1696.0,LFP0_250906.dat,ekez003_250906,ekez003_250906_ch19
ekez003,control,250906,immobile,1,19,2042.0,2044.0,2040.0,2062.0,LFP0_250906.dat,ekez003_250906,ekez003_250906_ch19
ekez003,control,250906,immobile,1,19,2044.0,2046.0,2040.0,2062.0,LFP0_250906.dat,ekez003_250906,ekez003_250906_ch19
ekez003,control,250906,immobile,1,19,2046.0,2048.0,2040.0,2062.0,LFP0_250906.dat,ekez003_250906,ekez003_250906_ch19
ekez003,control,250906,immobile,1,19,2048.0,2050.0,2040.0,2062.0,LFP0_250906.dat,ekez003_250906,ekez003_250906_ch19
ekez003,control,250906,immobile,1,19,2050.0,2052.0,2040.0,2062.0,LFP0_250906.dat,ekez003_250906,ekez003_250906_ch19
ekez003,control,250906,immobile,1,19,2052.0,2054.0,2040.0,2062.0,LFP0_250906.dat,ekez003_250906,ekez003_250906_ch19
ekez003,control,250906,immobile,1,19,2054.0,2056.0,2040.0,2062.0,LFP0_250906.dat,ekez003_250906,ekez003_250906_ch19
ekez003,control,250906,immobile,1,19,2056.0,2058.0,2040.0,2062.0,LFP0_250906.dat,ekez003_250906,ekez003_250906_ch19
ekez003,control,250906,immobile,1,19,2058.0,2060.0,2040.0,2062.0,LFP0_250906.dat,ekez003_250906,ekez003_250906_ch19
ekez003,control,250909,mobile,0,12,128.0,130.0,126.0,171.0,LFP0_250909.dat,ekez003_250909,ekez003_250909_ch12
ekez003,control,250909,mobile,0,12,130.0,132.0,126.0,171.0,LFP0_250909.dat,ekez003_250909,ekez003_250909_ch12
ekez003,control,250909,mobile,0,12,132.0,134.0,126.0,171.0,LFP0_250909.dat,ekez003_250909,ekez003_250909_ch12
ekez003,control,250909,mobile,0,12,134.0,136.0,126.0,171.0,LFP0_250909.dat,ekez003_250909,ekez003_250909_ch12
ekez003,control,250909,mobile,0,12,136.0,138.0,126.0,171.0,LFP0_250909.dat,ekez003_250909,ekez003_250909_ch12
ekez003,control,250909,mobile,0,12,138.0,140.0,126.0,171.0,LFP0_250909.dat,ekez003_250909,ekez003_250909_ch12
ekez003,control,250909,mobile,0,12,140.0,142.0,126.0,171.0,LFP0_250909.dat,ekez003_250909,ekez003_250909_ch12
ekez003,control,250909,mobile,0,12,142.0,144.0,126.0,171.0,LFP0_250909.dat,ekez003_250909,ekez003_250909_ch12
ekez003,control,250909,mobile,0,12,144.0,146.0,126.0,171.0,LFP0_250909.dat,ekez003_250909,ekez003_250909_ch12
ekez003,control,250909,mobile,0,12,146.0,148.0,126.0,171.0,LFP0_250909.dat,ekez003_250909,ekez003_250909_ch12
ekez003,control,250909,mobile,0,12,148.0,150.0,126.0,171.0,LFP0_250909.dat,ekez003_250909,ekez003_250909_ch12
ekez003,control,250909,mobile,0,12,150.0,152.0,126.0,171.0,LFP0_250909.dat,ekez003_250909,ekez003_250909_ch12
ekez003,control,250909,mobile,0,12,152.0,154.0,126.0,171.0,LFP0_250909.dat,ekez003_250909,ekez003_250909_ch12
ekez003,control,250909,mobile,0,12,154.0,156.0,126.0,171.0,LFP0_250909.dat,ekez003_250909,ekez003_250909_ch12
ekez003,control,250909,mobile,0,12,156.0,158.0,126.0,171.0,LFP0_250909.dat,ekez003_250909,ekez003_250909_ch12
ekez003,control,250909,mobile,0,12,158.0,160.0,126.0,171.0,LFP0_250909.dat,ekez003_250909,ekez003_250909_ch12
ekez003,control,250909,mobile,0,12,160.0,162.0,126.0,171.0,LFP0_250909.dat,ekez003_250909,ekez003_250909_ch12
ekez003,control,250909,mobile,0,12,162.0,164.0,126.0,171.0,LFP0_250909.dat,ekez003_250909,ekez003_250909_ch12
ekez003,control,250909,mobile,0,12,164.0,166.0,126.0,171.0,LFP0_250909.dat,ekez003_250909,ekez003_250909_ch12
ekez003,control,250909,mobile,0,12,166.0,168.0,126.0,171.0,LFP0_250909.dat,ekez003_250909,ekez003_250909_ch12
ekez003,control,250909,immobile,1,12,782.0,784.0,780.0,818.0,LFP0_250909.dat,ekez003_250909,ekez003_250909_ch12
ekez003,control,250909,immobile,1,12,784.0,786.0,780.0,818.0,LFP0_250909.dat,ekez003_250909,ekez003_250909_ch12
ekez003,control,250909,immobile,1,12,786.0,788.0,780.0,818.0,LFP0_250909.dat,ekez003_250909,ekez003_250909_ch12
ekez003,control,250909,immobile,1,12,788.0,790.0,780.0,818.0,LFP0_250909.dat,ekez003_250909,ekez003_250909_ch12
ekez003,control,250909,immobile,1,12,790.0,792.0,780.0,818.0,LFP0_250909.dat,ekez003_250909,ekez003_250909_ch12
ekez003,control,250909,immobile,1,12,792.0,794.0,780.0,818.0,LFP0_250909.dat,ekez003_250909,ekez003_250909_ch12
ekez003,control,250909,immobile,1,12,794.0,796.0,780.0,818.0,LFP0_250909.dat,ekez003_250909,ekez003_250909_ch12
ekez003,control,250909,immobile,1,12,796.0,798.0,780.0,818.0,LFP0_250909.dat,ekez003_250909,ekez003_250909_ch12
ekez003,control,250909,immobile,1,12,798.0,800.0,780.0,818.0,LFP0_250909.dat,ekez003_250909,ekez003_250909_ch12
ekez003,control,250909,immobile,1,12,800.0,802.0,780.0,818.0,LFP0_250909.dat,ekez003_250909,ekez003_250909_ch12
ekez003,control,250909,immobile,1,12,802.0,804.0,780.0,818.0,LFP0_250909.dat,ekez003_250909,ekez003_250909_ch12
ekez003,control,250909,immobile,1,12,804.0,806.0,780.0,818.0,LFP0_250909.dat,ekez003_250909,ekez003_250909_ch12
ekez003,control,250909,immobile,1,12,806.0,808.0,780.0,818.0,LFP0_250909.dat,ekez003_250909,ekez003_250909_ch12
ekez003,control,250909,immobile,1,12,808.0,810.0,780.0,818.0,LFP0_250909.dat,ekez003_250909,ekez003_250909_ch12
ekez003,control,250909,immobile,1,12,810.0,812.0,780.0,818.0,LFP0_250909.dat,ekez003_250909,ekez003_250909_ch12
ekez003,control,250909,immobile,1,12,812.0,814.0,780.0,818.0,LFP0_250909.dat,ekez003_250909,ekez003_250909_ch12
ekez003,control,250909,immobile,1,12,814.0,816.0,780.0,818.0,LFP0_250909.dat,ekez003_250909,ekez003_250909_ch12
ekez003,control,250909,sleep,2,12,2116.0,2118.0,2114.0,2428.0,LFP0_250909.dat,ekez003_250909,ekez003_250909_ch12
ekez003,control,250909,sleep,2,12,2130.0,2132.0,2114.0,2428.0,LFP0_250909.dat,ekez003_250909,ekez003_250909_ch12
ekez003,control,250909,sleep,2,12,2142.0,2144.0,2114.0,2428.0,LFP0_250909.dat,ekez003_250909,ekez003_250909_ch12
ekez003,control,250909,sleep,2,12,2156.0,2158.0,2114.0,2428.0,LFP0_250909.dat,ekez003_250909,ekez003_250909_ch12
ekez003,control,250909,sleep,2,12,2170.0,2172.0,2114.0,2428.0,LFP0_250909.dat,ekez003_250909,ekez003_250909_ch12
ekez003,control,250909,sleep,2,12,2182.0,2184.0,2114.0,2428.0,LFP0_250909.dat,ekez003_250909,ekez003_250909_ch12
ekez003,control,250909,sleep,2,12,2196.0,2198.0,2114.0,2428.0,LFP0_250909.dat,ekez003_250909,ekez003_250909_ch12
ekez003,control,250909,sleep,2,12,2210.0,2212.0,2114.0,2428.0,LFP0_250909.dat,ekez003_250909,ekez003_250909_ch12
ekez003,control,250909,sleep,2,12,2224.0,2226.0,2114.0,2428.0,LFP0_250909.dat,ekez003_250909,ekez003_250909_ch12
ekez003,control,250909,sleep,2,12,2236.0,2238.0,2114.0,2428.0,LFP0_250909.dat,ekez003_250909,ekez003_250909_ch12
ekez003,control,250909,sleep,2,12,2250.0,2252.0,2114.0,2428.0,LFP0_250909.dat,ekez003_250909,ekez003_250909_ch12
ekez003,control,250909,sleep,2,12,2264.0,2266.0,2114.0,2428.0,LFP0_250909.dat,ekez003_250909,ekez003_250909_ch12
ekez003,control,250909,sleep,2,12,2276.0,2278.0,2114.0,2428.0,LFP0_250909.dat,ekez003_250909,ekez003_250909_ch12
ekez003,control,250909,sleep,2,12,2290.0,2292.0,2114.0,2428.0,LFP0_250909.dat,ekez003_250909,ekez003_250909_ch12
ekez003,control,250909,sleep,2,12,2304.0,2306.0,2114.0,2428.0,LFP0_250909.dat,ekez003_250909,ekez003_250909_ch12
ekez003,control,250909,sleep,2,12,2316.0,2318.0,2114.0,2428.0,LFP0_250909.dat,ekez003_250909,ekez003_250909_ch12
ekez003,control,250909,sleep,2,12,2330.0,2332.0,2114.0,2428.0,LFP0_250909.dat,ekez003_250909,ekez003_250909_ch12
ekez003,control,250909,sleep,2,12,2344.0,2346.0,2114.0,2428.0,LFP0_250909.dat,ekez003_250909,ekez003_250909_ch12
ekez003,control,250909,sleep,2,12,2358.0,2360.0,2114.0,2428.0,LFP0_250909.dat,ekez003_250909,ekez003_250909_ch12
ekez003,control,250909,sleep,2,12,2370.0,2372.0,2114.0,2428.0,LFP0_250909.dat,ekez003_250909,ekez003_250909_ch12
ekez003,control,250909,sleep,2,12,2384.0,2386.0,2114.0,2428.0,LFP0_250909.dat,ekez003_250909,ekez003_250909_ch12
ekez003,control,250909,sleep,2,12,2398.0,2400.0,2114.0,2428.0,LFP0_250909.dat,ekez003_250909,ekez003_250909_ch12
ekez003,control,250909,sleep,2,12,2410.0,2412.0,2114.0,2428.0,LFP0_250909.dat,ekez003_250909,ekez003_250909_ch12
ekez003,control,250909,sleep,2,12,2424.0,2426.0,2114.0,2428.0,LFP0_250909.dat,ekez003_250909,ekez003_250909_ch12
ekez003,control,250909,mobile,0,19,128.0,130.0,126.0,171.0,LFP0_250909.dat,ekez003_250909,ekez003_250909_ch19
ekez003,control,250909,mobile,0,19,130.0,132.0,126.0,171.0,LFP0_250909.dat,ekez003_250909,ekez003_250909_ch19
ekez003,control,250909,mobile,0,19,132.0,134.0,126.0,171.0,LFP0_250909.dat,ekez003_250909,ekez003_250909_ch19
ekez003,control,250909,mobile,0,19,134.0,136.0,126.0,171.0,LFP0_250909.dat,ekez003_250909,ekez003_250909_ch19
ekez003,control,250909,mobile,0,19,136.0,138.0,126.0,171.0,LFP0_250909.dat,ekez003_250909,ekez003_250909_ch19
ekez003,control,250909,mobile,0,19,138.0,140.0,126.0,171.0,LFP0_250909.dat,ekez003_250909,ekez003_250909_ch19
ekez003,control,250909,mobile,0,19,140.0,142.0,126.0,171.0,LFP0_250909.dat,ekez003_250909,ekez003_250909_ch19
ekez003,control,250909,mobile,0,19,142.0,144.0,126.0,171.0,LFP0_250909.dat,ekez003_250909,ekez003_250909_ch19
ekez003,control,250909,mobile,0,19,144.0,146.0,126.0,171.0,LFP0_250909.dat,ekez003_250909,ekez003_250909_ch19
ekez003,control,250909,mobile,0,19,146.0,148.0,126.0,171.0,LFP0_250909.dat,ekez003_250909,ekez003_250909_ch19
ekez003,control,250909,mobile,0,19,148.0,150.0,126.0,171.0,LFP0_250909.dat,ekez003_250909,ekez003_250909_ch19
ekez003,control,250909,mobile,0,19,150.0,152.0,126.0,171.0,LFP0_250909.dat,ekez003_250909,ekez003_250909_ch19
ekez003,control,250909,mobile,0,19,152.0,154.0,126.0,171.0,LFP0_250909.dat,ekez003_250909,ekez003_250909_ch19
ekez003,control,250909,mobile,0,19,154.0,156.0,126.0,171.0,LFP0_250909.dat,ekez003_250909,ekez003_250909_ch19
ekez003,control,250909,mobile,0,19,156.0,158.0,126.0,171.0,LFP0_250909.dat,ekez003_250909,ekez003_250909_ch19
ekez003,control,250909,mobile,0,19,158.0,160.0,126.0,171.0,LFP0_250909.dat,ekez003_250909,ekez003_250909_ch19
ekez003,control,250909,mobile,0,19,160.0,162.0,126.0,171.0,LFP0_250909.dat,ekez003_250909,ekez003_250909_ch19
ekez003,control,250909,mobile,0,19,162.0,164.0,126.0,171.0,LFP0_250909.dat,ekez003_250909,ekez003_250909_ch19
ekez003,control,250909,mobile,0,19,164.0,166.0,126.0,171.0,LFP0_250909.dat,ekez003_250909,ekez003_250909_ch19
ekez003,control,250909,mobile,0,19,166.0,168.0,126.0,171.0,LFP0_250909.dat,ekez003_250909,ekez003_250909_ch19
ekez003,control,250909,immobile,1,19,782.0,784.0,780.0,818.0,LFP0_250909.dat,ekez003_250909,ekez003_250909_ch19
ekez003,control,250909,immobile,1,19,784.0,786.0,780.0,818.0,LFP0_250909.dat,ekez003_250909,ekez003_250909_ch19
ekez003,control,250909,immobile,1,19,786.0,788.0,780.0,818.0,LFP0_250909.dat,ekez003_250909,ekez003_250909_ch19
ekez003,control,250909,immobile,1,19,788.0,790.0,780.0,818.0,LFP0_250909.dat,ekez003_250909,ekez003_250909_ch19
ekez003,control,250909,immobile,1,19,790.0,792.0,780.0,818.0,LFP0_250909.dat,ekez003_250909,ekez003_250909_ch19
ekez003,control,250909,immobile,1,19,792.0,794.0,780.0,818.0,LFP0_250909.dat,ekez003_250909,ekez003_250909_ch19
ekez003,control,250909,immobile,1,19,794.0,796.0,780.0,818.0,LFP0_250909.dat,ekez003_250909,ekez003_250909_ch19
ekez003,control,250909,immobile,1,19,796.0,798.0,780.0,818.0,LFP0_250909.dat,ekez003_250909,ekez003_250909_ch19
ekez003,control,250909,immobile,1,19,798.0,800.0,780.0,818.0,LFP0_250909.dat,ekez003_250909,ekez003_250909_ch19
ekez003,control,250909,immobile,1,19,800.0,802.0,780.0,818.0,LFP0_250909.dat,ekez003_250909,ekez003_250909_ch19
ekez003,control,250909,immobile,1,19,802.0,804.0,780.0,818.0,LFP0_250909.dat,ekez003_250909,ekez003_250909_ch19
ekez003,control,250909,immobile,1,19,804.0,806.0,780.0,818.0,LFP0_250909.dat,ekez003_250909,ekez003_250909_ch19
ekez003,control,250909,immobile,1,19,806.0,808.0,780.0,818.0,LFP0_250909.dat,ekez003_250909,ekez003_250909_ch19
ekez003,control,250909,immobile,1,19,808.0,810.0,780.0,818.0,LFP0_250909.dat,ekez003_250909,ekez003_250909_ch19
ekez003,control,250909,immobile,1,19,810.0,812.0,780.0,818.0,LFP0_250909.dat,ekez003_250909,ekez003_250909_ch19
ekez003,control,250909,immobile,1,19,812.0,814.0,780.0,818.0,LFP0_250909.dat,ekez003_250909,ekez003_250909_ch19
ekez003,control,250909,immobile,1,19,814.0,816.0,780.0,818.0,LFP0_250909.dat,ekez003_250909,ekez003_250909_ch19
ekez003,control,250909,sleep,2,19,2116.0,2118.0,2114.0,2428.0,LFP0_250909.dat,ekez003_250909,ekez003_250909_ch19
ekez003,control,250909,sleep,2,19,2130.0,2132.0,2114.0,2428.0,LFP0_250909.dat,ekez003_250909,ekez003_250909_ch19
ekez003,control,250909,sleep,2,19,2142.0,2144.0,2114.0,2428.0,LFP0_250909.dat,ekez003_250909,ekez003_250909_ch19
ekez003,control,250909,sleep,2,19,2156.0,2158.0,2114.0,2428.0,LFP0_250909.dat,ekez003_250909,ekez003_250909_ch19
ekez003,control,250909,sleep,2,19,2170.0,2172.0,2114.0,2428.0,LFP0_250909.dat,ekez003_250909,ekez003_250909_ch19
ekez003,control,250909,sleep,2,19,2182.0,2184.0,2114.0,2428.0,LFP0_250909.dat,ekez003_250909,ekez003_250909_ch19
ekez003,control,250909,sleep,2,19,2196.0,2198.0,2114.0,2428.0,LFP0_250909.dat,ekez003_250909,ekez003_250909_ch19
ekez003,control,250909,sleep,2,19,2210.0,2212.0,2114.0,2428.0,LFP0_250909.dat,ekez003_250909,ekez003_250909_ch19
ekez003,control,250909,sleep,2,19,2224.0,2226.0,2114.0,2428.0,LFP0_250909.dat,ekez003_250909,ekez003_250909_ch19
ekez003,control,250909,sleep,2,19,2236.0,2238.0,2114.0,2428.0,LFP0_250909.dat,ekez003_250909,ekez003_250909_ch19
ekez003,control,250909,sleep,2,19,2250.0,2252.0,2114.0,2428.0,LFP0_250909.dat,ekez003_250909,ekez003_250909_ch19
ekez003,control,250909,sleep,2,19,2264.0,2266.0,2114.0,2428.0,LFP0_250909.dat,ekez003_250909,ekez003_250909_ch19
ekez003,control,250909,sleep,2,19,2276.0,2278.0,2114.0,2428.0,LFP0_250909.dat,ekez003_250909,ekez003_250909_ch19
ekez003,control,250909,sleep,2,19,2290.0,2292.0,2114.0,2428.0,LFP0_250909.dat,ekez003_250909,ekez003_250909_ch19
ekez003,control,250909,sleep,2,19,2304.0,2306.0,2114.0,2428.0,LFP0_250909.dat,ekez003_250909,ekez003_250909_ch19
ekez003,control,250909,sleep,2,19,2316.0,2318.0,2114.0,2428.0,LFP0_250909.dat,ekez003_250909,ekez003_250909_ch19
ekez003,control,250909,sleep,2,19,2330.0,2332.0,2114.0,2428.0,LFP0_250909.dat,ekez003_250909,ekez003_250909_ch19
ekez003,control,250909,sleep,2,19,2344.0,2346.0,2114.0,2428.0,LFP0_250909.dat,ekez003_250909,ekez003_250909_ch19
ekez003,control,250909,sleep,2,19,2358.0,2360.0,2114.0,2428.0,LFP0_250909.dat,ekez003_250909,ekez003_250909_ch19
ekez003,control,250909,sleep,2,19,2370.0,2372.0,2114.0,2428.0,LFP0_250909.dat,ekez003_250909,ekez003_250909_ch19
ekez003,control,250909,sleep,2,19,2384.0,2386.0,2114.0,2428.0,LFP0_250909.dat,ekez003_250909,ekez003_250909_ch19
ekez003,control,250909,sleep,2,19,2398.0,2400.0,2114.0,2428.0,LFP0_250909.dat,ekez003_250909,ekez003_250909_ch19
ekez003,control,250909,sleep,2,19,2410.0,2412.0,2114.0,2428.0,LFP0_250909.dat,ekez003_250909,ekez003_250909_ch19
ekez003,control,250909,sleep,2,19,2424.0,2426.0,2114.0,2428.0,LFP0_250909.dat,ekez003_250909,ekez003_250909_ch19
ekez004,control,250828,mobile,0,12,482.0,484.0,480.0,771.0,LFP0_250828.dat,ekez004_250828,ekez004_250828_ch12
ekez004,control,250828,mobile,0,12,558.0,560.0,480.0,771.0,LFP0_250828.dat,ekez004_250828,ekez004_250828_ch12
ekez004,control,250828,mobile,0,12,636.0,638.0,480.0,771.0,LFP0_250828.dat,ekez004_250828,ekez004_250828_ch12
ekez004,control,250828,mobile,0,12,712.0,714.0,480.0,771.0,LFP0_250828.dat,ekez004_250828,ekez004_250828_ch12
ekez004,control,250828,immobile,1,12,773.0,775.0,771.0,798.0,LFP0_250828.dat,ekez004_250828,ekez004_250828_ch12
ekez004,control,250828,immobile,1,12,775.0,777.0,771.0,798.0,LFP0_250828.dat,ekez004_250828,ekez004_250828_ch12
ekez004,control,250828,immobile,1,12,777.0,779.0,771.0,798.0,LFP0_250828.dat,ekez004_250828,ekez004_250828_ch12
ekez004,control,250828,immobile,1,12,779.0,781.0,771.0,798.0,LFP0_250828.dat,ekez004_250828,ekez004_250828_ch12
ekez004,control,250828,immobile,1,12,781.0,783.0,771.0,798.0,LFP0_250828.dat,ekez004_250828,ekez004_250828_ch12
ekez004,control,250828,immobile,1,12,783.0,785.0,771.0,798.0,LFP0_250828.dat,ekez004_250828,ekez004_250828_ch12
ekez004,control,250828,immobile,1,12,785.0,787.0,771.0,798.0,LFP0_250828.dat,ekez004_250828,ekez004_250828_ch12
ekez004,control,250828,immobile,1,12,787.0,789.0,771.0,798.0,LFP0_250828.dat,ekez004_250828,ekez004_250828_ch12
ekez004,control,250828,immobile,1,12,789.0,791.0,771.0,798.0,LFP0_250828.dat,ekez004_250828,ekez004_250828_ch12
ekez004,control,250828,immobile,1,12,791.0,793.0,771.0,798.0,LFP0_250828.dat,ekez004_250828,ekez004_250828_ch12
ekez004,control,250828,immobile,1,12,793.0,795.0,771.0,798.0,LFP0_250828.dat,ekez004_250828,ekez004_250828_ch12
ekez004,control,250828,mobile,0,12,820.0,822.0,798.0,2280.0,LFP0_250828.dat,ekez004_250828,ekez004_250828_ch12
ekez004,control,250828,mobile,0,12,898.0,900.0,798.0,2280.0,LFP0_250828.dat,ekez004_250828,ekez004_250828_ch12
ekez004,control,250828,mobile,0,12,974.0,976.0,798.0,2280.0,LFP0_250828.dat,ekez004_250828,ekez004_250828_ch12
ekez004,control,250828,mobile,0,12,1050.0,1052.0,798.0,2280.0,LFP0_250828.dat,ekez004_250828,ekez004_250828_ch12
ekez004,control,250828,mobile,0,12,1126.0,1128.0,798.0,2280.0,LFP0_250828.dat,ekez004_250828,ekez004_250828_ch12
ekez004,control,250828,mobile,0,12,1204.0,1206.0,798.0,2280.0,LFP0_250828.dat,ekez004_250828,ekez004_250828_ch12
ekez004,control,250828,mobile,0,12,1280.0,1282.0,798.0,2280.0,LFP0_250828.dat,ekez004_250828,ekez004_250828_ch12
ekez004,control,250828,mobile,0,12,1356.0,1358.0,798.0,2280.0,LFP0_250828.dat,ekez004_250828,ekez004_250828_ch12
ekez004,control,250828,mobile,0,12,1434.0,1436.0,798.0,2280.0,LFP0_250828.dat,ekez004_250828,ekez004_250828_ch12
ekez004,control,250828,mobile,0,12,1510.0,1512.0,798.0,2280.0,LFP0_250828.dat,ekez004_250828,ekez004_250828_ch12
ekez004,control,250828,mobile,0,12,1586.0,1588.0,798.0,2280.0,LFP0_250828.dat,ekez004_250828,ekez004_250828_ch12
ekez004,control,250828,mobile,0,12,1664.0,1666.0,798.0,2280.0,LFP0_250828.dat,ekez004_250828,ekez004_250828_ch12
ekez004,control,250828,mobile,0,12,1740.0,1742.0,798.0,2280.0,LFP0_250828.dat,ekez004_250828,ekez004_250828_ch12
ekez004,control,250828,mobile,0,12,1816.0,1818.0,798.0,2280.0,LFP0_250828.dat,ekez004_250828,ekez004_250828_ch12
ekez004,control,250828,mobile,0,12,1892.0,1894.0,798.0,2280.0,LFP0_250828.dat,ekez004_250828,ekez004_250828_ch12
ekez004,control,250828,mobile,0,12,1970.0,1972.0,798.0,2280.0,LFP0_250828.dat,ekez004_250828,ekez004_250828_ch12
ekez004,control,250828,mobile,0,12,2046.0,2048.0,798.0,2280.0,LFP0_250828.dat,ekez004_250828,ekez004_250828_ch12
ekez004,control,250828,mobile,0,12,2122.0,2124.0,798.0,2280.0,LFP0_250828.dat,ekez004_250828,ekez004_250828_ch12
ekez004,control,250828,mobile,0,12,2200.0,2202.0,798.0,2280.0,LFP0_250828.dat,ekez004_250828,ekez004_250828_ch12
ekez004,control,250828,mobile,0,12,2276.0,2278.0,798.0,2280.0,LFP0_250828.dat,ekez004_250828,ekez004_250828_ch12
ekez004,control,250828,sleep,2,12,2282.0,2284.0,2280.0,2569.0,LFP0_250828.dat,ekez004_250828,ekez004_250828_ch12
ekez004,control,250828,sleep,2,12,2294.0,2296.0,2280.0,2569.0,LFP0_250828.dat,ekez004_250828,ekez004_250828_ch12
ekez004,control,250828,sleep,2,12,2306.0,2308.0,2280.0,2569.0,LFP0_250828.dat,ekez004_250828,ekez004_250828_ch12
ekez004,control,250828,sleep,2,12,2318.0,2320.0,2280.0,2569.0,LFP0_250828.dat,ekez004_250828,ekez004_250828_ch12
ekez004,control,250828,sleep,2,12,2332.0,2334.0,2280.0,2569.0,LFP0_250828.dat,ekez004_250828,ekez004_250828_ch12
ekez004,control,250828,sleep,2,12,2344.0,2346.0,2280.0,2569.0,LFP0_250828.dat,ekez004_250828,ekez004_250828_ch12
ekez004,control,250828,sleep,2,12,2356.0,2358.0,2280.0,2569.0,LFP0_250828.dat,ekez004_250828,ekez004_250828_ch12
ekez004,control,250828,sleep,2,12,2368.0,2370.0,2280.0,2569.0,LFP0_250828.dat,ekez004_250828,ekez004_250828_ch12
ekez004,control,250828,sleep,2,12,2380.0,2382.0,2280.0,2569.0,LFP0_250828.dat,ekez004_250828,ekez004_250828_ch12
ekez004,control,250828,sleep,2,12,2392.0,2394.0,2280.0,2569.0,LFP0_250828.dat,ekez004_250828,ekez004_250828_ch12
ekez004,control,250828,sleep,2,12,2404.0,2406.0,2280.0,2569.0,LFP0_250828.dat,ekez004_250828,ekez004_250828_ch12
ekez004,control,250828,sleep,2,12,2416.0,2418.0,2280.0,2569.0,LFP0_250828.dat,ekez004_250828,ekez004_250828_ch12
ekez004,control,250828,sleep,2,12,2430.0,2432.0,2280.0,2569.0,LFP0_250828.dat,ekez004_250828,ekez004_250828_ch12
ekez004,control,250828,sleep,2,12,2442.0,2444.0,2280.0,2569.0,LFP0_250828.dat,ekez004_250828,ekez004_250828_ch12
ekez004,control,250828,sleep,2,12,2454.0,2456.0,2280.0,2569.0,LFP0_250828.dat,ekez004_250828,ekez004_250828_ch12
ekez004,control,250828,sleep,2,12,2466.0,2468.0,2280.0,2569.0,LFP0_250828.dat,ekez004_250828,ekez004_250828_ch12
ekez004,control,250828,sleep,2,12,2478.0,2480.0,2280.0,2569.0,LFP0_250828.dat,ekez004_250828,ekez004_250828_ch12
ekez004,control,250828,sleep,2,12,2490.0,2492.0,2280.0,2569.0,LFP0_250828.dat,ekez004_250828,ekez004_250828_ch12
ekez004,control,250828,sleep,2,12,2502.0,2504.0,2280.0,2569.0,LFP0_250828.dat,ekez004_250828,ekez004_250828_ch12
ekez004,control,250828,sleep,2,12,2514.0,2516.0,2280.0,2569.0,LFP0_250828.dat,ekez004_250828,ekez004_250828_ch12
ekez004,control,250828,sleep,2,12,2528.0,2530.0,2280.0,2569.0,LFP0_250828.dat,ekez004_250828,ekez004_250828_ch12
ekez004,control,250828,sleep,2,12,2540.0,2542.0,2280.0,2569.0,LFP0_250828.dat,ekez004_250828,ekez004_250828_ch12
ekez004,control,250828,sleep,2,12,2552.0,2554.0,2280.0,2569.0,LFP0_250828.dat,ekez004_250828,ekez004_250828_ch12
ekez004,control,250828,sleep,2,12,2564.0,2566.0,2280.0,2569.0,LFP0_250828.dat,ekez004_250828,ekez004_250828_ch12
ekez004,control,250828,mobile,0,18,482.0,484.0,480.0,771.0,LFP0_250828.dat,ekez004_250828,ekez004_250828_ch18
ekez004,control,250828,mobile,0,18,558.0,560.0,480.0,771.0,LFP0_250828.dat,ekez004_250828,ekez004_250828_ch18
ekez004,control,250828,mobile,0,18,636.0,638.0,480.0,771.0,LFP0_250828.dat,ekez004_250828,ekez004_250828_ch18
ekez004,control,250828,mobile,0,18,712.0,714.0,480.0,771.0,LFP0_250828.dat,ekez004_250828,ekez004_250828_ch18
ekez004,control,250828,immobile,1,18,773.0,775.0,771.0,798.0,LFP0_250828.dat,ekez004_250828,ekez004_250828_ch18
ekez004,control,250828,immobile,1,18,775.0,777.0,771.0,798.0,LFP0_250828.dat,ekez004_250828,ekez004_250828_ch18
ekez004,control,250828,immobile,1,18,777.0,779.0,771.0,798.0,LFP0_250828.dat,ekez004_250828,ekez004_250828_ch18
ekez004,control,250828,immobile,1,18,779.0,781.0,771.0,798.0,LFP0_250828.dat,ekez004_250828,ekez004_250828_ch18
ekez004,control,250828,immobile,1,18,781.0,783.0,771.0,798.0,LFP0_250828.dat,ekez004_250828,ekez004_250828_ch18
ekez004,control,250828,immobile,1,18,783.0,785.0,771.0,798.0,LFP0_250828.dat,ekez004_250828,ekez004_250828_ch18
ekez004,control,250828,immobile,1,18,785.0,787.0,771.0,798.0,LFP0_250828.dat,ekez004_250828,ekez004_250828_ch18
ekez004,control,250828,immobile,1,18,787.0,789.0,771.0,798.0,LFP0_250828.dat,ekez004_250828,ekez004_250828_ch18
ekez004,control,250828,immobile,1,18,789.0,791.0,771.0,798.0,LFP0_250828.dat,ekez004_250828,ekez004_250828_ch18
ekez004,control,250828,immobile,1,18,791.0,793.0,771.0,798.0,LFP0_250828.dat,ekez004_250828,ekez004_250828_ch18
ekez004,control,250828,immobile,1,18,793.0,795.0,771.0,798.0,LFP0_250828.dat,ekez004_250828,ekez004_250828_ch18
ekez004,control,250828,mobile,0,18,820.0,822.0,798.0,2280.0,LFP0_250828.dat,ekez004_250828,ekez004_250828_ch18
ekez004,control,250828,mobile,0,18,898.0,900.0,798.0,2280.0,LFP0_250828.dat,ekez004_250828,ekez004_250828_ch18
ekez004,control,250828,mobile,0,18,974.0,976.0,798.0,2280.0,LFP0_250828.dat,ekez004_250828,ekez004_250828_ch18
ekez004,control,250828,mobile,0,18,1050.0,1052.0,798.0,2280.0,LFP0_250828.dat,ekez004_250828,ekez004_250828_ch18
ekez004,control,250828,mobile,0,18,1126.0,1128.0,798.0,2280.0,LFP0_250828.dat,ekez004_250828,ekez004_250828_ch18
ekez004,control,250828,mobile,0,18,1204.0,1206.0,798.0,2280.0,LFP0_250828.dat,ekez004_250828,ekez004_250828_ch18
ekez004,control,250828,mobile,0,18,1280.0,1282.0,798.0,2280.0,LFP0_250828.dat,ekez004_250828,ekez004_250828_ch18
ekez004,control,250828,mobile,0,18,1356.0,1358.0,798.0,2280.0,LFP0_250828.dat,ekez004_250828,ekez004_250828_ch18
ekez004,control,250828,mobile,0,18,1434.0,1436.0,798.0,2280.0,LFP0_250828.dat,ekez004_250828,ekez004_250828_ch18
ekez004,control,250828,mobile,0,18,1510.0,1512.0,798.0,2280.0,LFP0_250828.dat,ekez004_250828,ekez004_250828_ch18
ekez004,control,250828,mobile,0,18,1586.0,1588.0,798.0,2280.0,LFP0_250828.dat,ekez004_250828,ekez004_250828_ch18
ekez004,control,250828,mobile,0,18,1664.0,1666.0,798.0,2280.0,LFP0_250828.dat,ekez004_250828,ekez004_250828_ch18
ekez004,control,250828,mobile,0,18,1740.0,1742.0,798.0,2280.0,LFP0_250828.dat,ekez004_250828,ekez004_250828_ch18
ekez004,control,250828,mobile,0,18,1816.0,1818.0,798.0,2280.0,LFP0_250828.dat,ekez004_250828,ekez004_250828_ch18
ekez004,control,250828,mobile,0,18,1892.0,1894.0,798.0,2280.0,LFP0_250828.dat,ekez004_250828,ekez004_250828_ch18
ekez004,control,250828,mobile,0,18,1970.0,1972.0,798.0,2280.0,LFP0_250828.dat,ekez004_250828,ekez004_250828_ch18
ekez004,control,250828,mobile,0,18,2046.0,2048.0,798.0,2280.0,LFP0_250828.dat,ekez004_250828,ekez004_250828_ch18
ekez004,control,250828,mobile,0,18,2122.0,2124.0,798.0,2280.0,LFP0_250828.dat,ekez004_250828,ekez004_250828_ch18
ekez004,control,250828,mobile,0,18,2200.0,2202.0,798.0,2280.0,LFP0_250828.dat,ekez004_250828,ekez004_250828_ch18
ekez004,control,250828,mobile,0,18,2276.0,2278.0,798.0,2280.0,LFP0_250828.dat,ekez004_250828,ekez004_250828_ch18
ekez004,control,250828,sleep,2,18,2282.0,2284.0,2280.0,2569.0,LFP0_250828.dat,ekez004_250828,ekez004_250828_ch18
ekez004,control,250828,sleep,2,18,2294.0,2296.0,2280.0,2569.0,LFP0_250828.dat,ekez004_250828,ekez004_250828_ch18
ekez004,control,250828,sleep,2,18,2306.0,2308.0,2280.0,2569.0,LFP0_250828.dat,ekez004_250828,ekez004_250828_ch18
ekez004,control,250828,sleep,2,18,2318.0,2320.0,2280.0,2569.0,LFP0_250828.dat,ekez004_250828,ekez004_250828_ch18
ekez004,control,250828,sleep,2,18,2332.0,2334.0,2280.0,2569.0,LFP0_250828.dat,ekez004_250828,ekez004_250828_ch18
ekez004,control,250828,sleep,2,18,2344.0,2346.0,2280.0,2569.0,LFP0_250828.dat,ekez004_250828,ekez004_250828_ch18
ekez004,control,250828,sleep,2,18,2356.0,2358.0,2280.0,2569.0,LFP0_250828.dat,ekez004_250828,ekez004_250828_ch18
ekez004,control,250828,sleep,2,18,2368.0,2370.0,2280.0,2569.0,LFP0_250828.dat,ekez004_250828,ekez004_250828_ch18
ekez004,control,250828,sleep,2,18,2380.0,2382.0,2280.0,2569.0,LFP0_250828.dat,ekez004_250828,ekez004_250828_ch18
ekez004,control,250828,sleep,2,18,2392.0,2394.0,2280.0,2569.0,LFP0_250828.dat,ekez004_250828,ekez004_250828_ch18
ekez004,control,250828,sleep,2,18,2404.0,2406.0,2280.0,2569.0,LFP0_250828.dat,ekez004_250828,ekez004_250828_ch18
ekez004,control,250828,sleep,2,18,2416.0,2418.0,2280.0,2569.0,LFP0_250828.dat,ekez004_250828,ekez004_250828_ch18
ekez004,control,250828,sleep,2,18,2430.0,2432.0,2280.0,2569.0,LFP0_250828.dat,ekez004_250828,ekez004_250828_ch18
ekez004,control,250828,sleep,2,18,2442.0,2444.0,2280.0,2569.0,LFP0_250828.dat,ekez004_250828,ekez004_250828_ch18
ekez004,control,250828,sleep,2,18,2454.0,2456.0,2280.0,2569.0,LFP0_250828.dat,ekez004_250828,ekez004_250828_ch18
ekez004,control,250828,sleep,2,18,2466.0,2468.0,2280.0,2569.0,LFP0_250828.dat,ekez004_250828,ekez004_250828_ch18
ekez004,control,250828,sleep,2,18,2478.0,2480.0,2280.0,2569.0,LFP0_250828.dat,ekez004_250828,ekez004_250828_ch18
ekez004,control,250828,sleep,2,18,2490.0,2492.0,2280.0,2569.0,LFP0_250828.dat,ekez004_250828,ekez004_250828_ch18
ekez004,control,250828,sleep,2,18,2502.0,2504.0,2280.0,2569.0,LFP0_250828.dat,ekez004_250828,ekez004_250828_ch18
ekez004,control,250828,sleep,2,18,2514.0,2516.0,2280.0,2569.0,LFP0_250828.dat,ekez004_250828,ekez004_250828_ch18
ekez004,control,250828,sleep,2,18,2528.0,2530.0,2280.0,2569.0,LFP0_250828.dat,ekez004_250828,ekez004_250828_ch18
ekez004,control,250828,sleep,2,18,2540.0,2542.0,2280.0,2569.0,LFP0_250828.dat,ekez004_250828,ekez004_250828_ch18
ekez004,control,250828,sleep,2,18,2552.0,2554.0,2280.0,2569.0,LFP0_250828.dat,ekez004_250828,ekez004_250828_ch18
ekez004,control,250828,sleep,2,18,2564.0,2566.0,2280.0,2569.0,LFP0_250828.dat,ekez004_250828,ekez004_250828_ch18
ekez004,control,250828,mobile,0,19,482.0,484.0,480.0,771.0,LFP0_250828.dat,ekez004_250828,ekez004_250828_ch19
ekez004,control,250828,mobile,0,19,558.0,560.0,480.0,771.0,LFP0_250828.dat,ekez004_250828,ekez004_250828_ch19
ekez004,control,250828,mobile,0,19,636.0,638.0,480.0,771.0,LFP0_250828.dat,ekez004_250828,ekez004_250828_ch19
ekez004,control,250828,mobile,0,19,712.0,714.0,480.0,771.0,LFP0_250828.dat,ekez004_250828,ekez004_250828_ch19
ekez004,control,250828,immobile,1,19,773.0,775.0,771.0,798.0,LFP0_250828.dat,ekez004_250828,ekez004_250828_ch19
ekez004,control,250828,immobile,1,19,775.0,777.0,771.0,798.0,LFP0_250828.dat,ekez004_250828,ekez004_250828_ch19
ekez004,control,250828,immobile,1,19,777.0,779.0,771.0,798.0,LFP0_250828.dat,ekez004_250828,ekez004_250828_ch19
ekez004,control,250828,immobile,1,19,779.0,781.0,771.0,798.0,LFP0_250828.dat,ekez004_250828,ekez004_250828_ch19
ekez004,control,250828,immobile,1,19,781.0,783.0,771.0,798.0,LFP0_250828.dat,ekez004_250828,ekez004_250828_ch19
ekez004,control,250828,immobile,1,19,783.0,785.0,771.0,798.0,LFP0_250828.dat,ekez004_250828,ekez004_250828_ch19
ekez004,control,250828,immobile,1,19,785.0,787.0,771.0,798.0,LFP0_250828.dat,ekez004_250828,ekez004_250828_ch19
ekez004,control,250828,immobile,1,19,787.0,789.0,771.0,798.0,LFP0_250828.dat,ekez004_250828,ekez004_250828_ch19
ekez004,control,250828,immobile,1,19,789.0,791.0,771.0,798.0,LFP0_250828.dat,ekez004_250828,ekez004_250828_ch19
ekez004,control,250828,immobile,1,19,791.0,793.0,771.0,798.0,LFP0_250828.dat,ekez004_250828,ekez004_250828_ch19
ekez004,control,250828,immobile,1,19,793.0,795.0,771.0,798.0,LFP0_250828.dat,ekez004_250828,ekez004_250828_ch19
ekez004,control,250828,mobile,0,19,820.0,822.0,798.0,2280.0,LFP0_250828.dat,ekez004_250828,ekez004_250828_ch19
ekez004,control,250828,mobile,0,19,898.0,900.0,798.0,2280.0,LFP0_250828.dat,ekez004_250828,ekez004_250828_ch19
ekez004,control,250828,mobile,0,19,974.0,976.0,798.0,2280.0,LFP0_250828.dat,ekez004_250828,ekez004_250828_ch19
ekez004,control,250828,mobile,0,19,1050.0,1052.0,798.0,2280.0,LFP0_250828.dat,ekez004_250828,ekez004_250828_ch19
ekez004,control,250828,mobile,0,19,1126.0,1128.0,798.0,2280.0,LFP0_250828.dat,ekez004_250828,ekez004_250828_ch19
ekez004,control,250828,mobile,0,19,1204.0,1206.0,798.0,2280.0,LFP0_250828.dat,ekez004_250828,ekez004_250828_ch19
ekez004,control,250828,mobile,0,19,1280.0,1282.0,798.0,2280.0,LFP0_250828.dat,ekez004_250828,ekez004_250828_ch19
ekez004,control,250828,mobile,0,19,1356.0,1358.0,798.0,2280.0,LFP0_250828.dat,ekez004_250828,ekez004_250828_ch19
ekez004,control,250828,mobile,0,19,1434.0,1436.0,798.0,2280.0,LFP0_250828.dat,ekez004_250828,ekez004_250828_ch19
ekez004,control,250828,mobile,0,19,1510.0,1512.0,798.0,2280.0,LFP0_250828.dat,ekez004_250828,ekez004_250828_ch19
ekez004,control,250828,mobile,0,19,1586.0,1588.0,798.0,2280.0,LFP0_250828.dat,ekez004_250828,ekez004_250828_ch19
ekez004,control,250828,mobile,0,19,1664.0,1666.0,798.0,2280.0,LFP0_250828.dat,ekez004_250828,ekez004_250828_ch19
ekez004,control,250828,mobile,0,19,1740.0,1742.0,798.0,2280.0,LFP0_250828.dat,ekez004_250828,ekez004_250828_ch19
ekez004,control,250828,mobile,0,19,1816.0,1818.0,798.0,2280.0,LFP0_250828.dat,ekez004_250828,ekez004_250828_ch19
ekez004,control,250828,mobile,0,19,1892.0,1894.0,798.0,2280.0,LFP0_250828.dat,ekez004_250828,ekez004_250828_ch19
ekez004,control,250828,mobile,0,19,1970.0,1972.0,798.0,2280.0,LFP0_250828.dat,ekez004_250828,ekez004_250828_ch19
ekez004,control,250828,mobile,0,19,2046.0,2048.0,798.0,2280.0,LFP0_250828.dat,ekez004_250828,ekez004_250828_ch19
ekez004,control,250828,mobile,0,19,2122.0,2124.0,798.0,2280.0,LFP0_250828.dat,ekez004_250828,ekez004_250828_ch19
ekez004,control,250828,mobile,0,19,2200.0,2202.0,798.0,2280.0,LFP0_250828.dat,ekez004_250828,ekez004_250828_ch19
ekez004,control,250828,mobile,0,19,2276.0,2278.0,798.0,2280.0,LFP0_250828.dat,ekez004_250828,ekez004_250828_ch19
ekez004,control,250828,sleep,2,19,2282.0,2284.0,2280.0,2569.0,LFP0_250828.dat,ekez004_250828,ekez004_250828_ch19
ekez004,control,250828,sleep,2,19,2294.0,2296.0,2280.0,2569.0,LFP0_250828.dat,ekez004_250828,ekez004_250828_ch19
ekez004,control,250828,sleep,2,19,2306.0,2308.0,2280.0,2569.0,LFP0_250828.dat,ekez004_250828,ekez004_250828_ch19
ekez004,control,250828,sleep,2,19,2318.0,2320.0,2280.0,2569.0,LFP0_250828.dat,ekez004_250828,ekez004_250828_ch19
ekez004,control,250828,sleep,2,19,2332.0,2334.0,2280.0,2569.0,LFP0_250828.dat,ekez004_250828,ekez004_250828_ch19
ekez004,control,250828,sleep,2,19,2344.0,2346.0,2280.0,2569.0,LFP0_250828.dat,ekez004_250828,ekez004_250828_ch19
ekez004,control,250828,sleep,2,19,2356.0,2358.0,2280.0,2569.0,LFP0_250828.dat,ekez004_250828,ekez004_250828_ch19
ekez004,control,250828,sleep,2,19,2368.0,2370.0,2280.0,2569.0,LFP0_250828.dat,ekez004_250828,ekez004_250828_ch19
ekez004,control,250828,sleep,2,19,2380.0,2382.0,2280.0,2569.0,LFP0_250828.dat,ekez004_250828,ekez004_250828_ch19
ekez004,control,250828,sleep,2,19,2392.0,2394.0,2280.0,2569.0,LFP0_250828.dat,ekez004_250828,ekez004_250828_ch19
ekez004,control,250828,sleep,2,19,2404.0,2406.0,2280.0,2569.0,LFP0_250828.dat,ekez004_250828,ekez004_250828_ch19
ekez004,control,250828,sleep,2,19,2416.0,2418.0,2280.0,2569.0,LFP0_250828.dat,ekez004_250828,ekez004_250828_ch19
ekez004,control,250828,sleep,2,19,2430.0,2432.0,2280.0,2569.0,LFP0_250828.dat,ekez004_250828,ekez004_250828_ch19
ekez004,control,250828,sleep,2,19,2442.0,2444.0,2280.0,2569.0,LFP0_250828.dat,ekez004_250828,ekez004_250828_ch19
ekez004,control,250828,sleep,2,19,2454.0,2456.0,2280.0,2569.0,LFP0_250828.dat,ekez004_250828,ekez004_250828_ch19
ekez004,control,250828,sleep,2,19,2466.0,2468.0,2280.0,2569.0,LFP0_250828.dat,ekez004_250828,ekez004_250828_ch19
ekez004,control,250828,sleep,2,19,2478.0,2480.0,2280.0,2569.0,LFP0_250828.dat,ekez004_250828,ekez004_250828_ch19
ekez004,control,250828,sleep,2,19,2490.0,2492.0,2280.0,2569.0,LFP0_250828.dat,ekez004_250828,ekez004_250828_ch19
ekez004,control,250828,sleep,2,19,2502.0,2504.0,2280.0,2569.0,LFP0_250828.dat,ekez004_250828,ekez004_250828_ch19
ekez004,control,250828,sleep,2,19,2514.0,2516.0,2280.0,2569.0,LFP0_250828.dat,ekez004_250828,ekez004_250828_ch19
ekez004,control,250828,sleep,2,19,2528.0,2530.0,2280.0,2569.0,LFP0_250828.dat,ekez004_250828,ekez004_250828_ch19
ekez004,control,250828,sleep,2,19,2540.0,2542.0,2280.0,2569.0,LFP0_250828.dat,ekez004_250828,ekez004_250828_ch19
ekez004,control,250828,sleep,2,19,2552.0,2554.0,2280.0,2569.0,LFP0_250828.dat,ekez004_250828,ekez004_250828_ch19
ekez004,control,250828,sleep,2,19,2564.0,2566.0,2280.0,2569.0,LFP0_250828.dat,ekez004_250828,ekez004_250828_ch19
ekez004,control,250829,mobile,0,12,262.0,264.0,260.0,323.0,LFP0_250829.dat,ekez004_250829,ekez004_250829_ch12
ekez004,control,250829,mobile,0,12,264.0,266.0,260.0,323.0,LFP0_250829.dat,ekez004_250829,ekez004_250829_ch12
ekez004,control,250829,mobile,0,12,266.0,268.0,260.0,323.0,LFP0_250829.dat,ekez004_250829,ekez004_250829_ch12
ekez004,control,250829,mobile,0,12,270.0,272.0,260.0,323.0,LFP0_250829.dat,ekez004_250829,ekez004_250829_ch12
ekez004,control,250829,mobile,0,12,272.0,274.0,260.0,323.0,LFP0_250829.dat,ekez004_250829,ekez004_250829_ch12
ekez004,control,250829,mobile,0,12,274.0,276.0,260.0,323.0,LFP0_250829.dat,ekez004_250829,ekez004_250829_ch12
ekez004,control,250829,mobile,0,12,276.0,278.0,260.0,323.0,LFP0_250829.dat,ekez004_250829,ekez004_250829_ch12
ekez004,control,250829,mobile,0,12,280.0,282.0,260.0,323.0,LFP0_250829.dat,ekez004_250829,ekez004_250829_ch12
ekez004,control,250829,mobile,0,12,282.0,284.0,260.0,323.0,LFP0_250829.dat,ekez004_250829,ekez004_250829_ch12
ekez004,control,250829,mobile,0,12,284.0,286.0,260.0,323.0,LFP0_250829.dat,ekez004_250829,ekez004_250829_ch12
ekez004,control,250829,mobile,0,12,286.0,288.0,260.0,323.0,LFP0_250829.dat,ekez004_250829,ekez004_250829_ch12
ekez004,control,250829,mobile,0,12,288.0,290.0,260.0,323.0,LFP0_250829.dat,ekez004_250829,ekez004_250829_ch12
ekez004,control,250829,mobile,0,12,292.0,294.0,260.0,323.0,LFP0_250829.dat,ekez004_250829,ekez004_250829_ch12
ekez004,control,250829,mobile,0,12,294.0,296.0,260.0,323.0,LFP0_250829.dat,ekez004_250829,ekez004_250829_ch12
ekez004,control,250829,mobile,0,12,296.0,298.0,260.0,323.0,LFP0_250829.dat,ekez004_250829,ekez004_250829_ch12
ekez004,control,250829,mobile,0,12,298.0,300.0,260.0,323.0,LFP0_250829.dat,ekez004_250829,ekez004_250829_ch12
ekez004,control,250829,mobile,0,12,300.0,302.0,260.0,323.0,LFP0_250829.dat,ekez004_250829,ekez004_250829_ch12
ekez004,control,250829,mobile,0,12,304.0,306.0,260.0,323.0,LFP0_250829.dat,ekez004_250829,ekez004_250829_ch12
ekez004,control,250829,mobile,0,12,306.0,308.0,260.0,323.0,LFP0_250829.dat,ekez004_250829,ekez004_250829_ch12
ekez004,control,250829,mobile,0,12,308.0,310.0,260.0,323.0,LFP0_250829.dat,ekez004_250829,ekez004_250829_ch12
ekez004,control,250829,mobile,0,12,310.0,312.0,260.0,323.0,LFP0_250829.dat,ekez004_250829,ekez004_250829_ch12
ekez004,control,250829,mobile,0,12,314.0,316.0,260.0,323.0,LFP0_250829.dat,ekez004_250829,ekez004_250829_ch12
ekez004,control,250829,mobile,0,12,316.0,318.0,260.0,323.0,LFP0_250829.dat,ekez004_250829,ekez004_250829_ch12
ekez004,control,250829,mobile,0,12,318.0,320.0,260.0,323.0,LFP0_250829.dat,ekez004_250829,ekez004_250829_ch12
ekez004,control,250829,immobile,1,12,462.0,464.0,460.0,504.0,LFP0_250829.dat,ekez004_250829,ekez004_250829_ch12
ekez004,control,250829,immobile,1,12,464.0,466.0,460.0,504.0,LFP0_250829.dat,ekez004_250829,ekez004_250829_ch12
ekez004,control,250829,immobile,1,12,466.0,468.0,460.0,504.0,LFP0_250829.dat,ekez004_250829,ekez004_250829_ch12
ekez004,control,250829,immobile,1,12,468.0,470.0,460.0,504.0,LFP0_250829.dat,ekez004_250829,ekez004_250829_ch12
ekez004,control,250829,immobile,1,12,470.0,472.0,460.0,504.0,LFP0_250829.dat,ekez004_250829,ekez004_250829_ch12
ekez004,control,250829,immobile,1,12,472.0,474.0,460.0,504.0,LFP0_250829.dat,ekez004_250829,ekez004_250829_ch12
ekez004,control,250829,immobile,1,12,474.0,476.0,460.0,504.0,LFP0_250829.dat,ekez004_250829,ekez004_250829_ch12
ekez004,control,250829,immobile,1,12,476.0,478.0,460.0,504.0,LFP0_250829.dat,ekez004_250829,ekez004_250829_ch12
ekez004,control,250829,immobile,1,12,478.0,480.0,460.0,504.0,LFP0_250829.dat,ekez004_250829,ekez004_250829_ch12
ekez004,control,250829,immobile,1,12,480.0,482.0,460.0,504.0,LFP0_250829.dat,ekez004_250829,ekez004_250829_ch12
ekez004,control,250829,immobile,1,12,482.0,484.0,460.0,504.0,LFP0_250829.dat,ekez004_250829,ekez004_250829_ch12
ekez004,control,250829,immobile,1,12,484.0,486.0,460.0,504.0,LFP0_250829.dat,ekez004_250829,ekez004_250829_ch12
ekez004,control,250829,immobile,1,12,486.0,488.0,460.0,504.0,LFP0_250829.dat,ekez004_250829,ekez004_250829_ch12
ekez004,control,250829,immobile,1,12,488.0,490.0,460.0,504.0,LFP0_250829.dat,ekez004_250829,ekez004_250829_ch12
ekez004,control,250829,immobile,1,12,490.0,492.0,460.0,504.0,LFP0_250829.dat,ekez004_250829,ekez004_250829_ch12
ekez004,control,250829,immobile,1,12,492.0,494.0,460.0,504.0,LFP0_250829.dat,ekez004_250829,ekez004_250829_ch12
ekez004,control,250829,immobile,1,12,494.0,496.0,460.0,504.0,LFP0_250829.dat,ekez004_250829,ekez004_250829_ch12
ekez004,control,250829,immobile,1,12,496.0,498.0,460.0,504.0,LFP0_250829.dat,ekez004_250829,ekez004_250829_ch12
ekez004,control,250829,immobile,1,12,498.0,500.0,460.0,504.0,LFP0_250829.dat,ekez004_250829,ekez004_250829_ch12
ekez004,control,250829,immobile,1,12,500.0,502.0,460.0,504.0,LFP0_250829.dat,ekez004_250829,ekez004_250829_ch12
ekez004,control,250829,sleep,2,12,2316.0,2318.0,2314.0,2342.0,LFP0_250829.dat,ekez004_250829,ekez004_250829_ch12
ekez004,control,250829,sleep,2,12,2318.0,2320.0,2314.0,2342.0,LFP0_250829.dat,ekez004_250829,ekez004_250829_ch12
ekez004,control,250829,sleep,2,12,2320.0,2322.0,2314.0,2342.0,LFP0_250829.dat,ekez004_250829,ekez004_250829_ch12
ekez004,control,250829,sleep,2,12,2322.0,2324.0,2314.0,2342.0,LFP0_250829.dat,ekez004_250829,ekez004_250829_ch12
ekez004,control,250829,sleep,2,12,2324.0,2326.0,2314.0,2342.0,LFP0_250829.dat,ekez004_250829,ekez004_250829_ch12
ekez004,control,250829,sleep,2,12,2326.0,2328.0,2314.0,2342.0,LFP0_250829.dat,ekez004_250829,ekez004_250829_ch12
ekez004,control,250829,sleep,2,12,2328.0,2330.0,2314.0,2342.0,LFP0_250829.dat,ekez004_250829,ekez004_250829_ch12
ekez004,control,250829,sleep,2,12,2330.0,2332.0,2314.0,2342.0,LFP0_250829.dat,ekez004_250829,ekez004_250829_ch12
ekez004,control,250829,sleep,2,12,2332.0,2334.0,2314.0,2342.0,LFP0_250829.dat,ekez004_250829,ekez004_250829_ch12
ekez004,control,250829,sleep,2,12,2334.0,2336.0,2314.0,2342.0,LFP0_250829.dat,ekez004_250829,ekez004_250829_ch12
ekez004,control,250829,sleep,2,12,2336.0,2338.0,2314.0,2342.0,LFP0_250829.dat,ekez004_250829,ekez004_250829_ch12
ekez004,control,250829,sleep,2,12,2338.0,2340.0,2314.0,2342.0,LFP0_250829.dat,ekez004_250829,ekez004_250829_ch12
ekez004,control,250829,mobile,0,18,262.0,264.0,260.0,323.0,LFP0_250829.dat,ekez004_250829,ekez004_250829_ch18
ekez004,control,250829,mobile,0,18,264.0,266.0,260.0,323.0,LFP0_250829.dat,ekez004_250829,ekez004_250829_ch18
ekez004,control,250829,mobile,0,18,266.0,268.0,260.0,323.0,LFP0_250829.dat,ekez004_250829,ekez004_250829_ch18
ekez004,control,250829,mobile,0,18,270.0,272.0,260.0,323.0,LFP0_250829.dat,ekez004_250829,ekez004_250829_ch18
ekez004,control,250829,mobile,0,18,272.0,274.0,260.0,323.0,LFP0_250829.dat,ekez004_250829,ekez004_250829_ch18
ekez004,control,250829,mobile,0,18,274.0,276.0,260.0,323.0,LFP0_250829.dat,ekez004_250829,ekez004_250829_ch18
ekez004,control,250829,mobile,0,18,276.0,278.0,260.0,323.0,LFP0_250829.dat,ekez004_250829,ekez004_250829_ch18
ekez004,control,250829,mobile,0,18,280.0,282.0,260.0,323.0,LFP0_250829.dat,ekez004_250829,ekez004_250829_ch18
ekez004,control,250829,mobile,0,18,282.0,284.0,260.0,323.0,LFP0_250829.dat,ekez004_250829,ekez004_250829_ch18
ekez004,control,250829,mobile,0,18,284.0,286.0,260.0,323.0,LFP0_250829.dat,ekez004_250829,ekez004_250829_ch18
ekez004,control,250829,mobile,0,18,286.0,288.0,260.0,323.0,LFP0_250829.dat,ekez004_250829,ekez004_250829_ch18
ekez004,control,250829,mobile,0,18,288.0,290.0,260.0,323.0,LFP0_250829.dat,ekez004_250829,ekez004_250829_ch18
ekez004,control,250829,mobile,0,18,292.0,294.0,260.0,323.0,LFP0_250829.dat,ekez004_250829,ekez004_250829_ch18
ekez004,control,250829,mobile,0,18,294.0,296.0,260.0,323.0,LFP0_250829.dat,ekez004_250829,ekez004_250829_ch18
ekez004,control,250829,mobile,0,18,296.0,298.0,260.0,323.0,LFP0_250829.dat,ekez004_250829,ekez004_250829_ch18
ekez004,control,250829,mobile,0,18,298.0,300.0,260.0,323.0,LFP0_250829.dat,ekez004_250829,ekez004_250829_ch18
ekez004,control,250829,mobile,0,18,300.0,302.0,260.0,323.0,LFP0_250829.dat,ekez004_250829,ekez004_250829_ch18
ekez004,control,250829,mobile,0,18,304.0,306.0,260.0,323.0,LFP0_250829.dat,ekez004_250829,ekez004_250829_ch18
ekez004,control,250829,mobile,0,18,306.0,308.0,260.0,323.0,LFP0_250829.dat,ekez004_250829,ekez004_250829_ch18
ekez004,control,250829,mobile,0,18,308.0,310.0,260.0,323.0,LFP0_250829.dat,ekez004_250829,ekez004_250829_ch18
ekez004,control,250829,mobile,0,18,310.0,312.0,260.0,323.0,LFP0_250829.dat,ekez004_250829,ekez004_250829_ch18
ekez004,control,250829,mobile,0,18,314.0,316.0,260.0,323.0,LFP0_250829.dat,ekez004_250829,ekez004_250829_ch18
ekez004,control,250829,mobile,0,18,316.0,318.0,260.0,323.0,LFP0_250829.dat,ekez004_250829,ekez004_250829_ch18
ekez004,control,250829,mobile,0,18,318.0,320.0,260.0,323.0,LFP0_250829.dat,ekez004_250829,ekez004_250829_ch18
ekez004,control,250829,immobile,1,18,462.0,464.0,460.0,504.0,LFP0_250829.dat,ekez004_250829,ekez004_250829_ch18
ekez004,control,250829,immobile,1,18,464.0,466.0,460.0,504.0,LFP0_250829.dat,ekez004_250829,ekez004_250829_ch18
ekez004,control,250829,immobile,1,18,466.0,468.0,460.0,504.0,LFP0_250829.dat,ekez004_250829,ekez004_250829_ch18
ekez004,control,250829,immobile,1,18,468.0,470.0,460.0,504.0,LFP0_250829.dat,ekez004_250829,ekez004_250829_ch18
ekez004,control,250829,immobile,1,18,470.0,472.0,460.0,504.0,LFP0_250829.dat,ekez004_250829,ekez004_250829_ch18
ekez004,control,250829,immobile,1,18,472.0,474.0,460.0,504.0,LFP0_250829.dat,ekez004_250829,ekez004_250829_ch18
ekez004,control,250829,immobile,1,18,474.0,476.0,460.0,504.0,LFP0_250829.dat,ekez004_250829,ekez004_250829_ch18
ekez004,control,250829,immobile,1,18,476.0,478.0,460.0,504.0,LFP0_250829.dat,ekez004_250829,ekez004_250829_ch18
ekez004,control,250829,immobile,1,18,478.0,480.0,460.0,504.0,LFP0_250829.dat,ekez004_250829,ekez004_250829_ch18
ekez004,control,250829,immobile,1,18,480.0,482.0,460.0,504.0,LFP0_250829.dat,ekez004_250829,ekez004_250829_ch18
ekez004,control,250829,immobile,1,18,482.0,484.0,460.0,504.0,LFP0_250829.dat,ekez004_250829,ekez004_250829_ch18
ekez004,control,250829,immobile,1,18,484.0,486.0,460.0,504.0,LFP0_250829.dat,ekez004_250829,ekez004_250829_ch18
ekez004,control,250829,immobile,1,18,486.0,488.0,460.0,504.0,LFP0_250829.dat,ekez004_250829,ekez004_250829_ch18
ekez004,control,250829,immobile,1,18,488.0,490.0,460.0,504.0,LFP0_250829.dat,ekez004_250829,ekez004_250829_ch18
ekez004,control,250829,immobile,1,18,490.0,492.0,460.0,504.0,LFP0_250829.dat,ekez004_250829,ekez004_250829_ch18
ekez004,control,250829,immobile,1,18,492.0,494.0,460.0,504.0,LFP0_250829.dat,ekez004_250829,ekez004_250829_ch18
ekez004,control,250829,immobile,1,18,494.0,496.0,460.0,504.0,LFP0_250829.dat,ekez004_250829,ekez004_250829_ch18
ekez004,control,250829,immobile,1,18,496.0,498.0,460.0,504.0,LFP0_250829.dat,ekez004_250829,ekez004_250829_ch18
ekez004,control,250829,immobile,1,18,498.0,500.0,460.0,504.0,LFP0_250829.dat,ekez004_250829,ekez004_250829_ch18
ekez004,control,250829,immobile,1,18,500.0,502.0,460.0,504.0,LFP0_250829.dat,ekez004_250829,ekez004_250829_ch18
ekez004,control,250829,sleep,2,18,2316.0,2318.0,2314.0,2342.0,LFP0_250829.dat,ekez004_250829,ekez004_250829_ch18
ekez004,control,250829,sleep,2,18,2318.0,2320.0,2314.0,2342.0,LFP0_250829.dat,ekez004_250829,ekez004_250829_ch18
ekez004,control,250829,sleep,2,18,2320.0,2322.0,2314.0,2342.0,LFP0_250829.dat,ekez004_250829,ekez004_250829_ch18
ekez004,control,250829,sleep,2,18,2322.0,2324.0,2314.0,2342.0,LFP0_250829.dat,ekez004_250829,ekez004_250829_ch18
ekez004,control,250829,sleep,2,18,2324.0,2326.0,2314.0,2342.0,LFP0_250829.dat,ekez004_250829,ekez004_250829_ch18
ekez004,control,250829,sleep,2,18,2326.0,2328.0,2314.0,2342.0,LFP0_250829.dat,ekez004_250829,ekez004_250829_ch18
ekez004,control,250829,sleep,2,18,2328.0,2330.0,2314.0,2342.0,LFP0_250829.dat,ekez004_250829,ekez004_250829_ch18
ekez004,control,250829,sleep,2,18,2330.0,2332.0,2314.0,2342.0,LFP0_250829.dat,ekez004_250829,ekez004_250829_ch18
ekez004,control,250829,sleep,2,18,2332.0,2334.0,2314.0,2342.0,LFP0_250829.dat,ekez004_250829,ekez004_250829_ch18
ekez004,control,250829,sleep,2,18,2334.0,2336.0,2314.0,2342.0,LFP0_250829.dat,ekez004_250829,ekez004_250829_ch18
ekez004,control,250829,sleep,2,18,2336.0,2338.0,2314.0,2342.0,LFP0_250829.dat,ekez004_250829,ekez004_250829_ch18
ekez004,control,250829,sleep,2,18,2338.0,2340.0,2314.0,2342.0,LFP0_250829.dat,ekez004_250829,ekez004_250829_ch18
ekez004,control,250829,mobile,0,19,262.0,264.0,260.0,323.0,LFP0_250829.dat,ekez004_250829,ekez004_250829_ch19
ekez004,control,250829,mobile,0,19,264.0,266.0,260.0,323.0,LFP0_250829.dat,ekez004_250829,ekez004_250829_ch19
ekez004,control,250829,mobile,0,19,266.0,268.0,260.0,323.0,LFP0_250829.dat,ekez004_250829,ekez004_250829_ch19
ekez004,control,250829,mobile,0,19,270.0,272.0,260.0,323.0,LFP0_250829.dat,ekez004_250829,ekez004_250829_ch19
ekez004,control,250829,mobile,0,19,272.0,274.0,260.0,323.0,LFP0_250829.dat,ekez004_250829,ekez004_250829_ch19
ekez004,control,250829,mobile,0,19,274.0,276.0,260.0,323.0,LFP0_250829.dat,ekez004_250829,ekez004_250829_ch19
ekez004,control,250829,mobile,0,19,276.0,278.0,260.0,323.0,LFP0_250829.dat,ekez004_250829,ekez004_250829_ch19
ekez004,control,250829,mobile,0,19,280.0,282.0,260.0,323.0,LFP0_250829.dat,ekez004_250829,ekez004_250829_ch19
ekez004,control,250829,mobile,0,19,282.0,284.0,260.0,323.0,LFP0_250829.dat,ekez004_250829,ekez004_250829_ch19
ekez004,control,250829,mobile,0,19,284.0,286.0,260.0,323.0,LFP0_250829.dat,ekez004_250829,ekez004_250829_ch19
ekez004,control,250829,mobile,0,19,286.0,288.0,260.0,323.0,LFP0_250829.dat,ekez004_250829,ekez004_250829_ch19
ekez004,control,250829,mobile,0,19,288.0,290.0,260.0,323.0,LFP0_250829.dat,ekez004_250829,ekez004_250829_ch19
ekez004,control,250829,mobile,0,19,292.0,294.0,260.0,323.0,LFP0_250829.dat,ekez004_250829,ekez004_250829_ch19
ekez004,control,250829,mobile,0,19,294.0,296.0,260.0,323.0,LFP0_250829.dat,ekez004_250829,ekez004_250829_ch19
ekez004,control,250829,mobile,0,19,296.0,298.0,260.0,323.0,LFP0_250829.dat,ekez004_250829,ekez004_250829_ch19
ekez004,control,250829,mobile,0,19,298.0,300.0,260.0,323.0,LFP0_250829.dat,ekez004_250829,ekez004_250829_ch19
ekez004,control,250829,mobile,0,19,300.0,302.0,260.0,323.0,LFP0_250829.dat,ekez004_250829,ekez004_250829_ch19
ekez004,control,250829,mobile,0,19,304.0,306.0,260.0,323.0,LFP0_250829.dat,ekez004_250829,ekez004_250829_ch19
ekez004,control,250829,mobile,0,19,306.0,308.0,260.0,323.0,LFP0_250829.dat,ekez004_250829,ekez004_250829_ch19
ekez004,control,250829,mobile,0,19,308.0,310.0,260.0,323.0,LFP0_250829.dat,ekez004_250829,ekez004_250829_ch19
ekez004,control,250829,mobile,0,19,310.0,312.0,260.0,323.0,LFP0_250829.dat,ekez004_250829,ekez004_250829_ch19
ekez004,control,250829,mobile,0,19,314.0,316.0,260.0,323.0,LFP0_250829.dat,ekez004_250829,ekez004_250829_ch19
ekez004,control,250829,mobile,0,19,316.0,318.0,260.0,323.0,LFP0_250829.dat,ekez004_250829,ekez004_250829_ch19
ekez004,control,250829,mobile,0,19,318.0,320.0,260.0,323.0,LFP0_250829.dat,ekez004_250829,ekez004_250829_ch19
ekez004,control,250829,immobile,1,19,462.0,464.0,460.0,504.0,LFP0_250829.dat,ekez004_250829,ekez004_250829_ch19
ekez004,control,250829,immobile,1,19,464.0,466.0,460.0,504.0,LFP0_250829.dat,ekez004_250829,ekez004_250829_ch19
ekez004,control,250829,immobile,1,19,466.0,468.0,460.0,504.0,LFP0_250829.dat,ekez004_250829,ekez004_250829_ch19
ekez004,control,250829,immobile,1,19,468.0,470.0,460.0,504.0,LFP0_250829.dat,ekez004_250829,ekez004_250829_ch19
ekez004,control,250829,immobile,1,19,470.0,472.0,460.0,504.0,LFP0_250829.dat,ekez004_250829,ekez004_250829_ch19
ekez004,control,250829,immobile,1,19,472.0,474.0,460.0,504.0,LFP0_250829.dat,ekez004_250829,ekez004_250829_ch19
ekez004,control,250829,immobile,1,19,474.0,476.0,460.0,504.0,LFP0_250829.dat,ekez004_250829,ekez004_250829_ch19
ekez004,control,250829,immobile,1,19,476.0,478.0,460.0,504.0,LFP0_250829.dat,ekez004_250829,ekez004_250829_ch19
ekez004,control,250829,immobile,1,19,478.0,480.0,460.0,504.0,LFP0_250829.dat,ekez004_250829,ekez004_250829_ch19
ekez004,control,250829,immobile,1,19,480.0,482.0,460.0,504.0,LFP0_250829.dat,ekez004_250829,ekez004_250829_ch19
ekez004,control,250829,immobile,1,19,482.0,484.0,460.0,504.0,LFP0_250829.dat,ekez004_250829,ekez004_250829_ch19
ekez004,control,250829,immobile,1,19,484.0,486.0,460.0,504.0,LFP0_250829.dat,ekez004_250829,ekez004_250829_ch19
ekez004,control,250829,immobile,1,19,486.0,488.0,460.0,504.0,LFP0_250829.dat,ekez004_250829,ekez004_250829_ch19
ekez004,control,250829,immobile,1,19,488.0,490.0,460.0,504.0,LFP0_250829.dat,ekez004_250829,ekez004_250829_ch19
ekez004,control,250829,immobile,1,19,490.0,492.0,460.0,504.0,LFP0_250829.dat,ekez004_250829,ekez004_250829_ch19
ekez004,control,250829,immobile,1,19,492.0,494.0,460.0,504.0,LFP0_250829.dat,ekez004_250829,ekez004_250829_ch19
ekez004,control,250829,immobile,1,19,494.0,496.0,460.0,504.0,LFP0_250829.dat,ekez004_250829,ekez004_250829_ch19
ekez004,control,250829,immobile,1,19,496.0,498.0,460.0,504.0,LFP0_250829.dat,ekez004_250829,ekez004_250829_ch19
ekez004,control,250829,immobile,1,19,498.0,500.0,460.0,504.0,LFP0_250829.dat,ekez004_250829,ekez004_250829_ch19
ekez004,control,250829,immobile,1,19,500.0,502.0,460.0,504.0,LFP0_250829.dat,ekez004_250829,ekez004_250829_ch19
ekez004,control,250829,sleep,2,19,2316.0,2318.0,2314.0,2342.0,LFP0_250829.dat,ekez004_250829,ekez004_250829_ch19
ekez004,control,250829,sleep,2,19,2318.0,2320.0,2314.0,2342.0,LFP0_250829.dat,ekez004_250829,ekez004_250829_ch19
ekez004,control,250829,sleep,2,19,2320.0,2322.0,2314.0,2342.0,LFP0_250829.dat,ekez004_250829,ekez004_250829_ch19
ekez004,control,250829,sleep,2,19,2322.0,2324.0,2314.0,2342.0,LFP0_250829.dat,ekez004_250829,ekez004_250829_ch19
ekez004,control,250829,sleep,2,19,2324.0,2326.0,2314.0,2342.0,LFP0_250829.dat,ekez004_250829,ekez004_250829_ch19
ekez004,control,250829,sleep,2,19,2326.0,2328.0,2314.0,2342.0,LFP0_250829.dat,ekez004_250829,ekez004_250829_ch19
ekez004,control,250829,sleep,2,19,2328.0,2330.0,2314.0,2342.0,LFP0_250829.dat,ekez004_250829,ekez004_250829_ch19
ekez004,control,250829,sleep,2,19,2330.0,2332.0,2314.0,2342.0,LFP0_250829.dat,ekez004_250829,ekez004_250829_ch19
ekez004,control,250829,sleep,2,19,2332.0,2334.0,2314.0,2342.0,LFP0_250829.dat,ekez004_250829,ekez004_250829_ch19
ekez004,control,250829,sleep,2,19,2334.0,2336.0,2314.0,2342.0,LFP0_250829.dat,ekez004_250829,ekez004_250829_ch19
ekez004,control,250829,sleep,2,19,2336.0,2338.0,2314.0,2342.0,LFP0_250829.dat,ekez004_250829,ekez004_250829_ch19
ekez004,control,250829,sleep,2,19,2338.0,2340.0,2314.0,2342.0,LFP0_250829.dat,ekez004_250829,ekez004_250829_ch19
ekez004,control,250911,mobile,0,12,84.0,86.0,82.0,98.0,LFP0_250911.dat,ekez004_250911,ekez004_250911_ch12
ekez004,control,250911,mobile,0,12,86.0,88.0,82.0,98.0,LFP0_250911.dat,ekez004_250911,ekez004_250911_ch12
ekez004,control,250911,mobile,0,12,88.0,90.0,82.0,98.0,LFP0_250911.dat,ekez004_250911,ekez004_250911_ch12
ekez004,control,250911,mobile,0,12,90.0,92.0,82.0,98.0,LFP0_250911.dat,ekez004_250911,ekez004_250911_ch12
ekez004,control,250911,mobile,0,12,92.0,94.0,82.0,98.0,LFP0_250911.dat,ekez004_250911,ekez004_250911_ch12
ekez004,control,250911,mobile,0,12,94.0,96.0,82.0,98.0,LFP0_250911.dat,ekez004_250911,ekez004_250911_ch12
ekez004,control,250911,immobile,1,12,102.0,104.0,100.0,150.0,LFP0_250911.dat,ekez004_250911,ekez004_250911_ch12
ekez004,control,250911,immobile,1,12,104.0,106.0,100.0,150.0,LFP0_250911.dat,ekez004_250911,ekez004_250911_ch12
ekez004,control,250911,immobile,1,12,106.0,108.0,100.0,150.0,LFP0_250911.dat,ekez004_250911,ekez004_250911_ch12
ekez004,control,250911,immobile,1,12,108.0,110.0,100.0,150.0,LFP0_250911.dat,ekez004_250911,ekez004_250911_ch12
ekez004,control,250911,immobile,1,12,110.0,112.0,100.0,150.0,LFP0_250911.dat,ekez004_250911,ekez004_250911_ch12
ekez004,control,250911,immobile,1,12,112.0,114.0,100.0,150.0,LFP0_250911.dat,ekez004_250911,ekez004_250911_ch12
ekez004,control,250911,immobile,1,12,114.0,116.0,100.0,150.0,LFP0_250911.dat,ekez004_250911,ekez004_250911_ch12
ekez004,control,250911,immobile,1,12,116.0,118.0,100.0,150.0,LFP0_250911.dat,ekez004_250911,ekez004_250911_ch12
ekez004,control,250911,immobile,1,12,118.0,120.0,100.0,150.0,LFP0_250911.dat,ekez004_250911,ekez004_250911_ch12
ekez004,control,250911,immobile,1,12,120.0,122.0,100.0,150.0,LFP0_250911.dat,ekez004_250911,ekez004_250911_ch12
ekez004,control,250911,immobile,1,12,122.0,124.0,100.0,150.0,LFP0_250911.dat,ekez004_250911,ekez004_250911_ch12
ekez004,control,250911,immobile,1,12,124.0,126.0,100.0,150.0,LFP0_250911.dat,ekez004_250911,ekez004_250911_ch12
ekez004,control,250911,immobile,1,12,126.0,128.0,100.0,150.0,LFP0_250911.dat,ekez004_250911,ekez004_250911_ch12
ekez004,control,250911,immobile,1,12,128.0,130.0,100.0,150.0,LFP0_250911.dat,ekez004_250911,ekez004_250911_ch12
ekez004,control,250911,immobile,1,12,130.0,132.0,100.0,150.0,LFP0_250911.dat,ekez004_250911,ekez004_250911_ch12
ekez004,control,250911,immobile,1,12,132.0,134.0,100.0,150.0,LFP0_250911.dat,ekez004_250911,ekez004_250911_ch12
ekez004,control,250911,immobile,1,12,134.0,136.0,100.0,150.0,LFP0_250911.dat,ekez004_250911,ekez004_250911_ch12
ekez004,control,250911,immobile,1,12,136.0,138.0,100.0,150.0,LFP0_250911.dat,ekez004_250911,ekez004_250911_ch12
ekez004,control,250911,immobile,1,12,138.0,140.0,100.0,150.0,LFP0_250911.dat,ekez004_250911,ekez004_250911_ch12
ekez004,control,250911,immobile,1,12,140.0,142.0,100.0,150.0,LFP0_250911.dat,ekez004_250911,ekez004_250911_ch12
ekez004,control,250911,immobile,1,12,142.0,144.0,100.0,150.0,LFP0_250911.dat,ekez004_250911,ekez004_250911_ch12
ekez004,control,250911,immobile,1,12,144.0,146.0,100.0,150.0,LFP0_250911.dat,ekez004_250911,ekez004_250911_ch12
ekez004,control,250911,immobile,1,12,146.0,148.0,100.0,150.0,LFP0_250911.dat,ekez004_250911,ekez004_250911_ch12
ekez004,control,250911,sleep,2,12,755.0,757.0,753.0,1363.0,LFP0_250911.dat,ekez004_250911,ekez004_250911_ch12
ekez004,control,250911,sleep,2,12,781.0,783.0,753.0,1363.0,LFP0_250911.dat,ekez004_250911,ekez004_250911_ch12
ekez004,control,250911,sleep,2,12,807.0,809.0,753.0,1363.0,LFP0_250911.dat,ekez004_250911,ekez004_250911_ch12
ekez004,control,250911,sleep,2,12,833.0,835.0,753.0,1363.0,LFP0_250911.dat,ekez004_250911,ekez004_250911_ch12
ekez004,control,250911,sleep,2,12,861.0,863.0,753.0,1363.0,LFP0_250911.dat,ekez004_250911,ekez004_250911_ch12
ekez004,control,250911,sleep,2,12,887.0,889.0,753.0,1363.0,LFP0_250911.dat,ekez004_250911,ekez004_250911_ch12
ekez004,control,250911,sleep,2,12,913.0,915.0,753.0,1363.0,LFP0_250911.dat,ekez004_250911,ekez004_250911_ch12
ekez004,control,250911,sleep,2,12,939.0,941.0,753.0,1363.0,LFP0_250911.dat,ekez004_250911,ekez004_250911_ch12
ekez004,control,250911,sleep,2,12,965.0,967.0,753.0,1363.0,LFP0_250911.dat,ekez004_250911,ekez004_250911_ch12
ekez004,control,250911,sleep,2,12,991.0,993.0,753.0,1363.0,LFP0_250911.dat,ekez004_250911,ekez004_250911_ch12
ekez004,control,250911,sleep,2,12,1017.0,1019.0,753.0,1363.0,LFP0_250911.dat,ekez004_250911,ekez004_250911_ch12
ekez004,control,250911,sleep,2,12,1043.0,1045.0,753.0,1363.0,LFP0_250911.dat,ekez004_250911,ekez004_250911_ch12
ekez004,control,250911,sleep,2,12,1071.0,1073.0,753.0,1363.0,LFP0_250911.dat,ekez004_250911,ekez004_250911_ch12
ekez004,control,250911,sleep,2,12,1097.0,1099.0,753.0,1363.0,LFP0_250911.dat,ekez004_250911,ekez004_250911_ch12
ekez004,control,250911,sleep,2,12,1123.0,1125.0,753.0,1363.0,LFP0_250911.dat,ekez004_250911,ekez004_250911_ch12
ekez004,control,250911,sleep,2,12,1149.0,1151.0,753.0,1363.0,LFP0_250911.dat,ekez004_250911,ekez004_250911_ch12
ekez004,control,250911,sleep,2,12,1175.0,1177.0,753.0,1363.0,LFP0_250911.dat,ekez004_250911,ekez004_250911_ch12
ekez004,control,250911,sleep,2,12,1201.0,1203.0,753.0,1363.0,LFP0_250911.dat,ekez004_250911,ekez004_250911_ch12
ekez004,control,250911,sleep,2,12,1227.0,1229.0,753.0,1363.0,LFP0_250911.dat,ekez004_250911,ekez004_250911_ch12
ekez004,control,250911,sleep,2,12,1253.0,1255.0,753.0,1363.0,LFP0_250911.dat,ekez004_250911,ekez004_250911_ch12
ekez004,control,250911,sleep,2,12,1281.0,1283.0,753.0,1363.0,LFP0_250911.dat,ekez004_250911,ekez004_250911_ch12
ekez004,control,250911,sleep,2,12,1307.0,1309.0,753.0,1363.0,LFP0_250911.dat,ekez004_250911,ekez004_250911_ch12
ekez004,control,250911,sleep,2,12,1333.0,1335.0,753.0,1363.0,LFP0_250911.dat,ekez004_250911,ekez004_250911_ch12
ekez004,control,250911,sleep,2,12,1359.0,1361.0,753.0,1363.0,LFP0_250911.dat,ekez004_250911,ekez004_250911_ch12
ekez004,control,250911,mobile,0,18,84.0,86.0,82.0,98.0,LFP0_250911.dat,ekez004_250911,ekez004_250911_ch18
ekez004,control,250911,mobile,0,18,86.0,88.0,82.0,98.0,LFP0_250911.dat,ekez004_250911,ekez004_250911_ch18
ekez004,control,250911,mobile,0,18,88.0,90.0,82.0,98.0,LFP0_250911.dat,ekez004_250911,ekez004_250911_ch18
ekez004,control,250911,mobile,0,18,90.0,92.0,82.0,98.0,LFP0_250911.dat,ekez004_250911,ekez004_250911_ch18
ekez004,control,250911,mobile,0,18,92.0,94.0,82.0,98.0,LFP0_250911.dat,ekez004_250911,ekez004_250911_ch18
ekez004,control,250911,mobile,0,18,94.0,96.0,82.0,98.0,LFP0_250911.dat,ekez004_250911,ekez004_250911_ch18
ekez004,control,250911,immobile,1,18,102.0,104.0,100.0,150.0,LFP0_250911.dat,ekez004_250911,ekez004_250911_ch18
ekez004,control,250911,immobile,1,18,104.0,106.0,100.0,150.0,LFP0_250911.dat,ekez004_250911,ekez004_250911_ch18
ekez004,control,250911,immobile,1,18,106.0,108.0,100.0,150.0,LFP0_250911.dat,ekez004_250911,ekez004_250911_ch18
ekez004,control,250911,immobile,1,18,108.0,110.0,100.0,150.0,LFP0_250911.dat,ekez004_250911,ekez004_250911_ch18
ekez004,control,250911,immobile,1,18,110.0,112.0,100.0,150.0,LFP0_250911.dat,ekez004_250911,ekez004_250911_ch18
ekez004,control,250911,immobile,1,18,112.0,114.0,100.0,150.0,LFP0_250911.dat,ekez004_250911,ekez004_250911_ch18
ekez004,control,250911,immobile,1,18,114.0,116.0,100.0,150.0,LFP0_250911.dat,ekez004_250911,ekez004_250911_ch18
ekez004,control,250911,immobile,1,18,116.0,118.0,100.0,150.0,LFP0_250911.dat,ekez004_250911,ekez004_250911_ch18
ekez004,control,250911,immobile,1,18,118.0,120.0,100.0,150.0,LFP0_250911.dat,ekez004_250911,ekez004_250911_ch18
ekez004,control,250911,immobile,1,18,120.0,122.0,100.0,150.0,LFP0_250911.dat,ekez004_250911,ekez004_250911_ch18
ekez004,control,250911,immobile,1,18,122.0,124.0,100.0,150.0,LFP0_250911.dat,ekez004_250911,ekez004_250911_ch18
ekez004,control,250911,immobile,1,18,124.0,126.0,100.0,150.0,LFP0_250911.dat,ekez004_250911,ekez004_250911_ch18
ekez004,control,250911,immobile,1,18,126.0,128.0,100.0,150.0,LFP0_250911.dat,ekez004_250911,ekez004_250911_ch18
ekez004,control,250911,immobile,1,18,128.0,130.0,100.0,150.0,LFP0_250911.dat,ekez004_250911,ekez004_250911_ch18
ekez004,control,250911,immobile,1,18,130.0,132.0,100.0,150.0,LFP0_250911.dat,ekez004_250911,ekez004_250911_ch18
ekez004,control,250911,immobile,1,18,132.0,134.0,100.0,150.0,LFP0_250911.dat,ekez004_250911,ekez004_250911_ch18
ekez004,control,250911,immobile,1,18,134.0,136.0,100.0,150.0,LFP0_250911.dat,ekez004_250911,ekez004_250911_ch18
ekez004,control,250911,immobile,1,18,136.0,138.0,100.0,150.0,LFP0_250911.dat,ekez004_250911,ekez004_250911_ch18
ekez004,control,250911,immobile,1,18,138.0,140.0,100.0,150.0,LFP0_250911.dat,ekez004_250911,ekez004_250911_ch18
ekez004,control,250911,immobile,1,18,140.0,142.0,100.0,150.0,LFP0_250911.dat,ekez004_250911,ekez004_250911_ch18
ekez004,control,250911,immobile,1,18,142.0,144.0,100.0,150.0,LFP0_250911.dat,ekez004_250911,ekez004_250911_ch18
ekez004,control,250911,immobile,1,18,144.0,146.0,100.0,150.0,LFP0_250911.dat,ekez004_250911,ekez004_250911_ch18
ekez004,control,250911,immobile,1,18,146.0,148.0,100.0,150.0,LFP0_250911.dat,ekez004_250911,ekez004_250911_ch18
ekez004,control,250911,sleep,2,18,755.0,757.0,753.0,1363.0,LFP0_250911.dat,ekez004_250911,ekez004_250911_ch18
ekez004,control,250911,sleep,2,18,781.0,783.0,753.0,1363.0,LFP0_250911.dat,ekez004_250911,ekez004_250911_ch18
ekez004,control,250911,sleep,2,18,807.0,809.0,753.0,1363.0,LFP0_250911.dat,ekez004_250911,ekez004_250911_ch18
ekez004,control,250911,sleep,2,18,833.0,835.0,753.0,1363.0,LFP0_250911.dat,ekez004_250911,ekez004_250911_ch18
ekez004,control,250911,sleep,2,18,861.0,863.0,753.0,1363.0,LFP0_250911.dat,ekez004_250911,ekez004_250911_ch18
ekez004,control,250911,sleep,2,18,887.0,889.0,753.0,1363.0,LFP0_250911.dat,ekez004_250911,ekez004_250911_ch18
ekez004,control,250911,sleep,2,18,913.0,915.0,753.0,1363.0,LFP0_250911.dat,ekez004_250911,ekez004_250911_ch18
ekez004,control,250911,sleep,2,18,939.0,941.0,753.0,1363.0,LFP0_250911.dat,ekez004_250911,ekez004_250911_ch18
ekez004,control,250911,sleep,2,18,965.0,967.0,753.0,1363.0,LFP0_250911.dat,ekez004_250911,ekez004_250911_ch18
ekez004,control,250911,sleep,2,18,991.0,993.0,753.0,1363.0,LFP0_250911.dat,ekez004_250911,ekez004_250911_ch18
ekez004,control,250911,sleep,2,18,1017.0,1019.0,753.0,1363.0,LFP0_250911.dat,ekez004_250911,ekez004_250911_ch18
ekez004,control,250911,sleep,2,18,1043.0,1045.0,753.0,1363.0,LFP0_250911.dat,ekez004_250911,ekez004_250911_ch18
ekez004,control,250911,sleep,2,18,1071.0,1073.0,753.0,1363.0,LFP0_250911.dat,ekez004_250911,ekez004_250911_ch18
ekez004,control,250911,sleep,2,18,1097.0,1099.0,753.0,1363.0,LFP0_250911.dat,ekez004_250911,ekez004_250911_ch18
ekez004,control,250911,sleep,2,18,1123.0,1125.0,753.0,1363.0,LFP0_250911.dat,ekez004_250911,ekez004_250911_ch18
ekez004,control,250911,sleep,2,18,1149.0,1151.0,753.0,1363.0,LFP0_250911.dat,ekez004_250911,ekez004_250911_ch18
ekez004,control,250911,sleep,2,18,1175.0,1177.0,753.0,1363.0,LFP0_250911.dat,ekez004_250911,ekez004_250911_ch18
ekez004,control,250911,sleep,2,18,1201.0,1203.0,753.0,1363.0,LFP0_250911.dat,ekez004_250911,ekez004_250911_ch18
ekez004,control,250911,sleep,2,18,1227.0,1229.0,753.0,1363.0,LFP0_250911.dat,ekez004_250911,ekez004_250911_ch18
ekez004,control,250911,sleep,2,18,1253.0,1255.0,753.0,1363.0,LFP0_250911.dat,ekez004_250911,ekez004_250911_ch18
ekez004,control,250911,sleep,2,18,1281.0,1283.0,753.0,1363.0,LFP0_250911.dat,ekez004_250911,ekez004_250911_ch18
ekez004,control,250911,sleep,2,18,1307.0,1309.0,753.0,1363.0,LFP0_250911.dat,ekez004_250911,ekez004_250911_ch18
ekez004,control,250911,sleep,2,18,1333.0,1335.0,753.0,1363.0,LFP0_250911.dat,ekez004_250911,ekez004_250911_ch18
ekez004,control,250911,sleep,2,18,1359.0,1361.0,753.0,1363.0,LFP0_250911.dat,ekez004_250911,ekez004_250911_ch18
ekez004,control,250911,mobile,0,19,84.0,86.0,82.0,98.0,LFP0_250911.dat,ekez004_250911,ekez004_250911_ch19
ekez004,control,250911,mobile,0,19,86.0,88.0,82.0,98.0,LFP0_250911.dat,ekez004_250911,ekez004_250911_ch19
ekez004,control,250911,mobile,0,19,88.0,90.0,82.0,98.0,LFP0_250911.dat,ekez004_250911,ekez004_250911_ch19
ekez004,control,250911,mobile,0,19,90.0,92.0,82.0,98.0,LFP0_250911.dat,ekez004_250911,ekez004_250911_ch19
ekez004,control,250911,mobile,0,19,92.0,94.0,82.0,98.0,LFP0_250911.dat,ekez004_250911,ekez004_250911_ch19
ekez004,control,250911,mobile,0,19,94.0,96.0,82.0,98.0,LFP0_250911.dat,ekez004_250911,ekez004_250911_ch19
ekez004,control,250911,immobile,1,19,102.0,104.0,100.0,150.0,LFP0_250911.dat,ekez004_250911,ekez004_250911_ch19
ekez004,control,250911,immobile,1,19,104.0,106.0,100.0,150.0,LFP0_250911.dat,ekez004_250911,ekez004_250911_ch19
ekez004,control,250911,immobile,1,19,106.0,108.0,100.0,150.0,LFP0_250911.dat,ekez004_250911,ekez004_250911_ch19
ekez004,control,250911,immobile,1,19,108.0,110.0,100.0,150.0,LFP0_250911.dat,ekez004_250911,ekez004_250911_ch19
ekez004,control,250911,immobile,1,19,110.0,112.0,100.0,150.0,LFP0_250911.dat,ekez004_250911,ekez004_250911_ch19
ekez004,control,250911,immobile,1,19,112.0,114.0,100.0,150.0,LFP0_250911.dat,ekez004_250911,ekez004_250911_ch19
ekez004,control,250911,immobile,1,19,114.0,116.0,100.0,150.0,LFP0_250911.dat,ekez004_250911,ekez004_250911_ch19
ekez004,control,250911,immobile,1,19,116.0,118.0,100.0,150.0,LFP0_250911.dat,ekez004_250911,ekez004_250911_ch19
ekez004,control,250911,immobile,1,19,118.0,120.0,100.0,150.0,LFP0_250911.dat,ekez004_250911,ekez004_250911_ch19
ekez004,control,250911,immobile,1,19,120.0,122.0,100.0,150.0,LFP0_250911.dat,ekez004_250911,ekez004_250911_ch19
ekez004,control,250911,immobile,1,19,122.0,124.0,100.0,150.0,LFP0_250911.dat,ekez004_250911,ekez004_250911_ch19
ekez004,control,250911,immobile,1,19,124.0,126.0,100.0,150.0,LFP0_250911.dat,ekez004_250911,ekez004_250911_ch19
ekez004,control,250911,immobile,1,19,126.0,128.0,100.0,150.0,LFP0_250911.dat,ekez004_250911,ekez004_250911_ch19
ekez004,control,250911,immobile,1,19,128.0,130.0,100.0,150.0,LFP0_250911.dat,ekez004_250911,ekez004_250911_ch19
ekez004,control,250911,immobile,1,19,130.0,132.0,100.0,150.0,LFP0_250911.dat,ekez004_250911,ekez004_250911_ch19
ekez004,control,250911,immobile,1,19,132.0,134.0,100.0,150.0,LFP0_250911.dat,ekez004_250911,ekez004_250911_ch19
ekez004,control,250911,immobile,1,19,134.0,136.0,100.0,150.0,LFP0_250911.dat,ekez004_250911,ekez004_250911_ch19
ekez004,control,250911,immobile,1,19,136.0,138.0,100.0,150.0,LFP0_250911.dat,ekez004_250911,ekez004_250911_ch19
ekez004,control,250911,immobile,1,19,138.0,140.0,100.0,150.0,LFP0_250911.dat,ekez004_250911,ekez004_250911_ch19
ekez004,control,250911,immobile,1,19,140.0,142.0,100.0,150.0,LFP0_250911.dat,ekez004_250911,ekez004_250911_ch19
ekez004,control,250911,immobile,1,19,142.0,144.0,100.0,150.0,LFP0_250911.dat,ekez004_250911,ekez004_250911_ch19
ekez004,control,250911,immobile,1,19,144.0,146.0,100.0,150.0,LFP0_250911.dat,ekez004_250911,ekez004_250911_ch19
ekez004,control,250911,immobile,1,19,146.0,148.0,100.0,150.0,LFP0_250911.dat,ekez004_250911,ekez004_250911_ch19
ekez004,control,250911,sleep,2,19,755.0,757.0,753.0,1363.0,LFP0_250911.dat,ekez004_250911,ekez004_250911_ch19
ekez004,control,250911,sleep,2,19,781.0,783.0,753.0,1363.0,LFP0_250911.dat,ekez004_250911,ekez004_250911_ch19
ekez004,control,250911,sleep,2,19,807.0,809.0,753.0,1363.0,LFP0_250911.dat,ekez004_250911,ekez004_250911_ch19
ekez004,control,250911,sleep,2,19,833.0,835.0,753.0,1363.0,LFP0_250911.dat,ekez004_250911,ekez004_250911_ch19
ekez004,control,250911,sleep,2,19,861.0,863.0,753.0,1363.0,LFP0_250911.dat,ekez004_250911,ekez004_250911_ch19
ekez004,control,250911,sleep,2,19,887.0,889.0,753.0,1363.0,LFP0_250911.dat,ekez004_250911,ekez004_250911_ch19
ekez004,control,250911,sleep,2,19,913.0,915.0,753.0,1363.0,LFP0_250911.dat,ekez004_250911,ekez004_250911_ch19
ekez004,control,250911,sleep,2,19,939.0,941.0,753.0,1363.0,LFP0_250911.dat,ekez004_250911,ekez004_250911_ch19
ekez004,control,250911,sleep,2,19,965.0,967.0,753.0,1363.0,LFP0_250911.dat,ekez004_250911,ekez004_250911_ch19
ekez004,control,250911,sleep,2,19,991.0,993.0,753.0,1363.0,LFP0_250911.dat,ekez004_250911,ekez004_250911_ch19
ekez004,control,250911,sleep,2,19,1017.0,1019.0,753.0,1363.0,LFP0_250911.dat,ekez004_250911,ekez004_250911_ch19
ekez004,control,250911,sleep,2,19,1043.0,1045.0,753.0,1363.0,LFP0_250911.dat,ekez004_250911,ekez004_250911_ch19
ekez004,control,250911,sleep,2,19,1071.0,1073.0,753.0,1363.0,LFP0_250911.dat,ekez004_250911,ekez004_250911_ch19
ekez004,control,250911,sleep,2,19,1097.0,1099.0,753.0,1363.0,LFP0_250911.dat,ekez004_250911,ekez004_250911_ch19
ekez004,control,250911,sleep,2,19,1123.0,1125.0,753.0,1363.0,LFP0_250911.dat,ekez004_250911,ekez004_250911_ch19
ekez004,control,250911,sleep,2,19,1149.0,1151.0,753.0,1363.0,LFP0_250911.dat,ekez004_250911,ekez004_250911_ch19
ekez004,control,250911,sleep,2,19,1175.0,1177.0,753.0,1363.0,LFP0_250911.dat,ekez004_250911,ekez004_250911_ch19
ekez004,control,250911,sleep,2,19,1201.0,1203.0,753.0,1363.0,LFP0_250911.dat,ekez004_250911,ekez004_250911_ch19
ekez004,control,250911,sleep,2,19,1227.0,1229.0,753.0,1363.0,LFP0_250911.dat,ekez004_250911,ekez004_250911_ch19
ekez004,control,250911,sleep,2,19,1253.0,1255.0,753.0,1363.0,LFP0_250911.dat,ekez004_250911,ekez004_250911_ch19
ekez004,control,250911,sleep,2,19,1281.0,1283.0,753.0,1363.0,LFP0_250911.dat,ekez004_250911,ekez004_250911_ch19
ekez004,control,250911,sleep,2,19,1307.0,1309.0,753.0,1363.0,LFP0_250911.dat,ekez004_250911,ekez004_250911_ch19
ekez004,control,250911,sleep,2,19,1333.0,1335.0,753.0,1363.0,LFP0_250911.dat,ekez004_250911,ekez004_250911_ch19
ekez004,control,250911,sleep,2,19,1359.0,1361.0,753.0,1363.0,LFP0_250911.dat,ekez004_250911,ekez004_250911_ch19
