feature_set,null_kind,rep,macro_f1
native_spectrum,label_permutation,0,0.2565857648369373
native_spectrum,label_permutation,1,0.38509027986175576
native_spectrum,label_permutation,2,0.3486108352541854
native_spectrum,label_permutation,3,0.24282620291424606
native_spectrum,label_permutation,4,0.3105084199523219
native_spectrum,label_permutation,5,0.29384839813641095
native_spectrum,label_permutation,6,0.3241448696206521
native_spectrum,label_permutation,7,0.31652171640674087
native_spectrum,label_permutation,8,0.2616132287293624
native_spectrum,label_permutation,9,0.30895973192370857
native_spectrum,label_permutation,10,0.24876396273708443
native_spectrum,label_permutation,11,0.41614340833584035
native_spectrum,label_permutation,12,0.30204975676454704
native_spectrum,label_permutation,13,0.2914061354922863
native_spectrum,label_permutation,14,0.31425400119520536
native_spectrum,label_permutation,15,0.24964449207492032
native_spectrum,label_permutation,16,0.267709904962386
native_spectrum,label_permutation,17,0.22345267768125351
native_spectrum,label_permutation,18,0.2370964618804056
native_spectrum,label_permutation,19,0.3838929668836389
native_spectrum,label_permutation,20,0.2845249469027183
native_spectrum,label_permutation,21,0.28541241133020495
native_spectrum,label_permutation,22,0.3337306332140473
native_spectrum,label_permutation,23,0.2589292262241795
native_spectrum,label_permutation,24,0.2732430682055815
native_spectrum,label_permutation,25,0.23158818460083974
native_spectrum,label_permutation,26,0.401060256991554
native_spectrum,label_permutation,27,0.24617109656689454
native_spectrum,label_permutation,28,0.2915468095805009
native_spectrum,label_permutation,29,0.25688104548499974
native_spectrum,label_permutation,30,0.3589576243295936
native_spectrum,label_permutation,31,0.33995054806512387
native_spectrum,label_permutation,32,0.2803886978605473
native_spectrum,label_permutation,33,0.3889659031856183
native_spectrum,label_permutation,34,0.25776454533472315
native_spectrum,label_permutation,35,0.3533928622225071
native_spectrum,label_permutation,36,0.2873786755472046
native_spectrum,label_permutation,37,0.3327206202036765
native_spectrum,label_permutation,38,0.3239532570010715
native_spectrum,label_permutation,39,0.3495287733456471
native_spectrum,label_permutation,40,0.347564019032012
native_spectrum,label_permutation,41,0.2948753869887177
native_spectrum,label_permutation,42,0.22519380658629284
native_spectrum,label_permutation,43,0.3939740726224239
native_spectrum,label_permutation,44,0.3442690780140558
native_spectrum,label_permutation,45,0.2889976003889641
native_spectrum,label_permutation,46,0.31442279690362557
native_spectrum,label_permutation,47,0.33878149469873214
native_spectrum,label_permutation,48,0.25936018957923657
native_spectrum,label_permutation,49,0.2968736698187778
native_spectrum,label_permutation,50,0.31579805767270663
native_spectrum,label_permutation,51,0.33953674302892284
native_spectrum,label_permutation,52,0.40863064356893025
native_spectrum,label_permutation,53,0.2972786203933861
native_spectrum,label_permutation,54,0.34298217902725575
native_spectrum,label_permutation,55,0.23047571338906803
native_spectrum,label_permutation,56,0.27363638590092193
native_spectrum,label_permutation,57,0.31828288386053477
native_spectrum,label_permutation,58,0.37798099233962607
native_spectrum,label_permutation,59,0.368971405210961
native_spectrum,label_permutation,60,0.3416713982413852
native_spectrum,label_permutation,61,0.4017226057691206
native_spectrum,label_permutation,62,0.4476154137044503
native_spectrum,label_permutation,63,0.3645228969982604
native_spectrum,label_permutation,64,0.22815343452746598
native_spectrum,label_permutation,65,0.30325240832581796
native_spectrum,label_permutation,66,0.2723154505360205
native_spectrum,label_permutation,67,0.31446416441847785
native_spectrum,label_permutation,68,0.3071134719580938
native_spectrum,label_permutation,69,0.2101999862388523
native_spectrum,label_permutation,70,0.32549264744036693
native_spectrum,label_permutation,71,0.3015169662876437
native_spectrum,label_permutation,72,0.4376734744097488
native_spectrum,label_permutation,73,0.32382601656446586
native_spectrum,label_permutation,74,0.30452126150187414
native_spectrum,label_permutation,75,0.3420615154116784
native_spectrum,label_permutation,76,0.3466014484699442
native_spectrum,label_permutation,77,0.381851685414586
native_spectrum,label_permutation,78,0.3718342863128797
native_spectrum,label_permutation,79,0.21577334371023793
native_spectrum,label_permutation,80,0.3364629145406739
native_spectrum,label_permutation,81,0.32837186171227534
native_spectrum,label_permutation,82,0.2621182529640723
native_spectrum,label_permutation,83,0.29489168104684216
native_spectrum,label_permutation,84,0.3036476496625308
native_spectrum,label_permutation,85,0.3483979857916594
native_spectrum,label_permutation,86,0.2796602869861106
native_spectrum,label_permutation,87,0.2959468238173393
native_spectrum,label_permutation,88,0.29872979556534174
native_spectrum,label_permutation,89,0.28952799836642096
native_spectrum,label_permutation,90,0.3006844800849673
native_spectrum,label_permutation,91,0.34137379596425427
native_spectrum,label_permutation,92,0.31847265851763257
native_spectrum,label_permutation,93,0.26464744851892613
native_spectrum,label_permutation,94,0.29452077405037896
native_spectrum,label_permutation,95,0.27596330965625654
native_spectrum,label_permutation,96,0.28633514504316143
native_spectrum,label_permutation,97,0.32386973309695766
native_spectrum,label_permutation,98,0.25244790021066627
native_spectrum,label_permutation,99,0.42867897298477425
native_spectrum,session_channel_circular_shift,0,0.36277761485426435
native_spectrum,session_channel_circular_shift,1,0.2608139617441258
native_spectrum,session_channel_circular_shift,2,0.3329561857356677
native_spectrum,session_channel_circular_shift,3,0.49785928405939606
native_spectrum,session_channel_circular_shift,4,0.25234816494860346
native_spectrum,session_channel_circular_shift,5,0.17799892519373137
native_spectrum,session_channel_circular_shift,6,0.32637192050959385
native_spectrum,session_channel_circular_shift,7,0.38763096813667114
native_spectrum,session_channel_circular_shift,8,0.36957558333169316
native_spectrum,session_channel_circular_shift,9,0.4858280644504054
native_spectrum,session_channel_circular_shift,10,0.4025683530590099
native_spectrum,session_channel_circular_shift,11,0.24186352987916135
native_spectrum,session_channel_circular_shift,12,0.22764913692478975
native_spectrum,session_channel_circular_shift,13,0.4625185060080481
native_spectrum,session_channel_circular_shift,14,0.22535572732070697
native_spectrum,session_channel_circular_shift,15,0.4472709134194674
native_spectrum,session_channel_circular_shift,16,0.31879568525966284
native_spectrum,session_channel_circular_shift,17,0.3424888652857219
native_spectrum,session_channel_circular_shift,18,0.4046734387121165
native_spectrum,session_channel_circular_shift,19,0.30014722378433306
native_spectrum,session_channel_circular_shift,20,0.28903172527779203
native_spectrum,session_channel_circular_shift,21,0.3049818327314008
native_spectrum,session_channel_circular_shift,22,0.2899619710317612
native_spectrum,session_channel_circular_shift,23,0.2770826775644699
native_spectrum,session_channel_circular_shift,24,0.3426911289343972
native_spectrum,session_channel_circular_shift,25,0.3567347165525742
native_spectrum,session_channel_circular_shift,26,0.3284525170486461
native_spectrum,session_channel_circular_shift,27,0.3508524483175253
native_spectrum,session_channel_circular_shift,28,0.4296033310079667
native_spectrum,session_channel_circular_shift,29,0.18968997690353206
native_spectrum,session_channel_circular_shift,30,0.4832613256430631
native_spectrum,session_channel_circular_shift,31,0.41263938079498136
native_spectrum,session_channel_circular_shift,32,0.4155550097092368
native_spectrum,session_channel_circular_shift,33,0.36047385455966635
native_spectrum,session_channel_circular_shift,34,0.5023417440512469
native_spectrum,session_channel_circular_shift,35,0.3147127340013088
native_spectrum,session_channel_circular_shift,36,0.2140960566985991
native_spectrum,session_channel_circular_shift,37,0.37085963520252063
native_spectrum,session_channel_circular_shift,38,0.4050131217932799
native_spectrum,session_channel_circular_shift,39,0.15971943872478445
native_spectrum,session_channel_circular_shift,40,0.46898334284981186
native_spectrum,session_channel_circular_shift,41,0.49592858915543186
native_spectrum,session_channel_circular_shift,42,0.2999484744295846
native_spectrum,session_channel_circular_shift,43,0.2771712288752452
native_spectrum,session_channel_circular_shift,44,0.1829334904329097
native_spectrum,session_channel_circular_shift,45,0.4042114389693519
native_spectrum,session_channel_circular_shift,46,0.3542055302745874
native_spectrum,session_channel_circular_shift,47,0.24667123119048504
native_spectrum,session_channel_circular_shift,48,0.3455358497277854
native_spectrum,session_channel_circular_shift,49,0.3121637867065172
native_spectrum,session_channel_circular_shift,50,0.4543900114140231
native_spectrum,session_channel_circular_shift,51,0.29560470751152795
native_spectrum,session_channel_circular_shift,52,0.4539184486222139
native_spectrum,session_channel_circular_shift,53,0.49201931957068323
native_spectrum,session_channel_circular_shift,54,0.24096005348420027
native_spectrum,session_channel_circular_shift,55,0.353513172033572
native_spectrum,session_channel_circular_shift,56,0.5306914250226529
native_spectrum,session_channel_circular_shift,57,0.38275671262574207
native_spectrum,session_channel_circular_shift,58,0.2548848358753359
native_spectrum,session_channel_circular_shift,59,0.43665361398249375
native_spectrum,session_channel_circular_shift,60,0.41732634002570484
native_spectrum,session_channel_circular_shift,61,0.3610740289971292
native_spectrum,session_channel_circular_shift,62,0.36152115890649
native_spectrum,session_channel_circular_shift,63,0.4762811117004179
native_spectrum,session_channel_circular_shift,64,0.3130646599028893
native_spectrum,session_channel_circular_shift,65,0.2455077502768502
native_spectrum,session_channel_circular_shift,66,0.5318576239619096
native_spectrum,session_channel_circular_shift,67,0.2456363759361824
native_spectrum,session_channel_circular_shift,68,0.24714370703578512
native_spectrum,session_channel_circular_shift,69,0.24120884271857815
native_spectrum,session_channel_circular_shift,70,0.3640692448589989
native_spectrum,session_channel_circular_shift,71,0.42333938301469454
native_spectrum,session_channel_circular_shift,72,0.27639162313096244
native_spectrum,session_channel_circular_shift,73,0.25538510057788577
native_spectrum,session_channel_circular_shift,74,0.2753866871946506
native_spectrum,session_channel_circular_shift,75,0.3706705547107365
native_spectrum,session_channel_circular_shift,76,0.273818558130219
native_spectrum,session_channel_circular_shift,77,0.48233181186507323
native_spectrum,session_channel_circular_shift,78,0.3702192041071597
native_spectrum,session_channel_circular_shift,79,0.3228952815784317
native_spectrum,session_channel_circular_shift,80,0.37219882767306584
native_spectrum,session_channel_circular_shift,81,0.328764881501684
native_spectrum,session_channel_circular_shift,82,0.3295886935970301
native_spectrum,session_channel_circular_shift,83,0.264677351043704
native_spectrum,session_channel_circular_shift,84,0.25702520948000024
native_spectrum,session_channel_circular_shift,85,0.27952957247070265
native_spectrum,session_channel_circular_shift,86,0.4337143951465972
native_spectrum,session_channel_circular_shift,87,0.3513065854306551
native_spectrum,session_channel_circular_shift,88,0.5357940711226857
native_spectrum,session_channel_circular_shift,89,0.3224264500672888
native_spectrum,session_channel_circular_shift,90,0.27813167606400846
native_spectrum,session_channel_circular_shift,91,0.21731280833005853
native_spectrum,session_channel_circular_shift,92,0.3203269418512259
native_spectrum,session_channel_circular_shift,93,0.29421650130906424
native_spectrum,session_channel_circular_shift,94,0.3486675170928358
native_spectrum,session_channel_circular_shift,95,0.38001217879533855
native_spectrum,session_channel_circular_shift,96,0.174822607926314
native_spectrum,session_channel_circular_shift,97,0.29165349608169794
native_spectrum,session_channel_circular_shift,98,0.39562840810158234
native_spectrum,session_channel_circular_shift,99,0.2946362620979963
torus_shape,label_permutation,0,0.31021755120801303
torus_shape,label_permutation,1,0.3060080431022293
torus_shape,label_permutation,2,0.28871034738597257
torus_shape,label_permutation,3,0.26707369237190154
torus_shape,label_permutation,4,0.2336660359223396
torus_shape,label_permutation,5,0.26796238405612943
torus_shape,label_permutation,6,0.24910810547166248
torus_shape,label_permutation,7,0.2658288321786989
torus_shape,label_permutation,8,0.2168232477753055
torus_shape,label_permutation,9,0.3878543525613541
torus_shape,label_permutation,10,0.29323617667809315
torus_shape,label_permutation,11,0.331500375582827
torus_shape,label_permutation,12,0.3173719085777435
torus_shape,label_permutation,13,0.32461483034882027
torus_shape,label_permutation,14,0.3822823335631467
torus_shape,label_permutation,15,0.29478761154961036
torus_shape,label_permutation,16,0.3829579867319157
torus_shape,label_permutation,17,0.4441008489572258
torus_shape,label_permutation,18,0.3067357063947875
torus_shape,label_permutation,19,0.3138823763928222
torus_shape,label_permutation,20,0.26202950896742533
torus_shape,label_permutation,21,0.3914197826273569
torus_shape,label_permutation,22,0.25526897731567216
torus_shape,label_permutation,23,0.3855300218882585
torus_shape,label_permutation,24,0.23532254838196928
torus_shape,label_permutation,25,0.25950360164664243
torus_shape,label_permutation,26,0.4386800025232744
torus_shape,label_permutation,27,0.281336617885133
torus_shape,label_permutation,28,0.27965344764516425
torus_shape,label_permutation,29,0.2732541447869997
torus_shape,label_permutation,30,0.3263280177010418
torus_shape,label_permutation,31,0.3845625650194417
torus_shape,label_permutation,32,0.21925611230722175
torus_shape,label_permutation,33,0.36887181382553885
torus_shape,label_permutation,34,0.26279916327435915
torus_shape,label_permutation,35,0.36112838228676036
torus_shape,label_permutation,36,0.37948245623189775
torus_shape,label_permutation,37,0.29639058700376525
torus_shape,label_permutation,38,0.4341995915400046
torus_shape,label_permutation,39,0.36934333768402344
torus_shape,label_permutation,40,0.3163277899855008
torus_shape,label_permutation,41,0.33748147197730066
torus_shape,label_permutation,42,0.3837534651378875
torus_shape,label_permutation,43,0.28299363497082436
torus_shape,label_permutation,44,0.45094252406167684
torus_shape,label_permutation,45,0.3480233391064163
torus_shape,label_permutation,46,0.31725476964500565
torus_shape,label_permutation,47,0.3903816468029126
torus_shape,label_permutation,48,0.21082022370084738
torus_shape,label_permutation,49,0.23637715068208917
torus_shape,label_permutation,50,0.3528449111533935
torus_shape,label_permutation,51,0.2781164130688774
torus_shape,label_permutation,52,0.23543632183897875
torus_shape,label_permutation,53,0.30888589289357765
torus_shape,label_permutation,54,0.33532816423000567
torus_shape,label_permutation,55,0.29259672017283583
torus_shape,label_permutation,56,0.30200103925884497
torus_shape,label_permutation,57,0.31608282762731404
torus_shape,label_permutation,58,0.4020342769287555
torus_shape,label_permutation,59,0.27179451008133165
torus_shape,label_permutation,60,0.25002853913942086
torus_shape,label_permutation,61,0.3473729150476929
torus_shape,label_permutation,62,0.2852371969411967
torus_shape,label_permutation,63,0.24467130674621596
torus_shape,label_permutation,64,0.2743416173757262
torus_shape,label_permutation,65,0.23088375699704036
torus_shape,label_permutation,66,0.30560282667048505
torus_shape,label_permutation,67,0.2867081861634229
torus_shape,label_permutation,68,0.3156923428955097
torus_shape,label_permutation,69,0.2551282366454604
torus_shape,label_permutation,70,0.2962674384755372
torus_shape,label_permutation,71,0.3709283176276032
torus_shape,label_permutation,72,0.25437849996477113
torus_shape,label_permutation,73,0.26809975079491993
torus_shape,label_permutation,74,0.2997799994085893
torus_shape,label_permutation,75,0.2879934163154592
torus_shape,label_permutation,76,0.3625209304780918
torus_shape,label_permutation,77,0.27471921525886617
torus_shape,label_permutation,78,0.25499521750325976
torus_shape,label_permutation,79,0.33083378481711506
torus_shape,label_permutation,80,0.3479570269156184
torus_shape,label_permutation,81,0.2478513855666206
torus_shape,label_permutation,82,0.20089927484933115
torus_shape,label_permutation,83,0.24849772455349936
torus_shape,label_permutation,84,0.2916991808564078
torus_shape,label_permutation,85,0.3140069997377171
torus_shape,label_permutation,86,0.2752454258091627
torus_shape,label_permutation,87,0.3008715680404248
torus_shape,label_permutation,88,0.27613295182684433
torus_shape,label_permutation,89,0.3598435498019388
torus_shape,label_permutation,90,0.39031975377483313
torus_shape,label_permutation,91,0.33803190634216446
torus_shape,label_permutation,92,0.3977275742245676
torus_shape,label_permutation,93,0.42467668077572435
torus_shape,label_permutation,94,0.365998126581424
torus_shape,label_permutation,95,0.2904660482403368
torus_shape,label_permutation,96,0.3734472212373106
torus_shape,label_permutation,97,0.21104082365770704
torus_shape,label_permutation,98,0.2789970894793516
torus_shape,label_permutation,99,0.24786072452932192
torus_shape,session_channel_circular_shift,0,0.2840092347409414
torus_shape,session_channel_circular_shift,1,0.3778292590596659
torus_shape,session_channel_circular_shift,2,0.20644693440118314
torus_shape,session_channel_circular_shift,3,0.44010110506392514
torus_shape,session_channel_circular_shift,4,0.3576704250924241
torus_shape,session_channel_circular_shift,5,0.3413195515698826
torus_shape,session_channel_circular_shift,6,0.4651429937825063
torus_shape,session_channel_circular_shift,7,0.23470364067970853
torus_shape,session_channel_circular_shift,8,0.43877833025327306
torus_shape,session_channel_circular_shift,9,0.3749428369320274
torus_shape,session_channel_circular_shift,10,0.3454276305941233
torus_shape,session_channel_circular_shift,11,0.3401840976873089
torus_shape,session_channel_circular_shift,12,0.41229587581687266
torus_shape,session_channel_circular_shift,13,0.25636512922263627
torus_shape,session_channel_circular_shift,14,0.38985718991978535
torus_shape,session_channel_circular_shift,15,0.30170113399109894
torus_shape,session_channel_circular_shift,16,0.32514610194615007
torus_shape,session_channel_circular_shift,17,0.3162738837331613
torus_shape,session_channel_circular_shift,18,0.4318313395798705
torus_shape,session_channel_circular_shift,19,0.2537761965102304
torus_shape,session_channel_circular_shift,20,0.4022827288374118
torus_shape,session_channel_circular_shift,21,0.2552066044991685
torus_shape,session_channel_circular_shift,22,0.38986792520451347
torus_shape,session_channel_circular_shift,23,0.4137049801240223
torus_shape,session_channel_circular_shift,24,0.3079283114272668
torus_shape,session_channel_circular_shift,25,0.3477423835397864
torus_shape,session_channel_circular_shift,26,0.4709398174791503
torus_shape,session_channel_circular_shift,27,0.24467840060365634
torus_shape,session_channel_circular_shift,28,0.5092560433771848
torus_shape,session_channel_circular_shift,29,0.4532636164861013
torus_shape,session_channel_circular_shift,30,0.4875020754016794
torus_shape,session_channel_circular_shift,31,0.27701508503745476
torus_shape,session_channel_circular_shift,32,0.37123870331544584
torus_shape,session_channel_circular_shift,33,0.3022956958197032
torus_shape,session_channel_circular_shift,34,0.3650195382961527
torus_shape,session_channel_circular_shift,35,0.324617380381984
torus_shape,session_channel_circular_shift,36,0.42407024739394455
torus_shape,session_channel_circular_shift,37,0.2687326876854955
torus_shape,session_channel_circular_shift,38,0.2878602355683681
torus_shape,session_channel_circular_shift,39,0.2622577808128605
torus_shape,session_channel_circular_shift,40,0.22221076721148947
torus_shape,session_channel_circular_shift,41,0.3498193316809874
torus_shape,session_channel_circular_shift,42,0.4266336663863611
torus_shape,session_channel_circular_shift,43,0.4656034276182099
torus_shape,session_channel_circular_shift,44,0.3392349160895595
torus_shape,session_channel_circular_shift,45,0.27622721772539965
torus_shape,session_channel_circular_shift,46,0.3337371740164965
torus_shape,session_channel_circular_shift,47,0.21216432325189893
torus_shape,session_channel_circular_shift,48,0.2118162558489186
torus_shape,session_channel_circular_shift,49,0.37456285708588166
torus_shape,session_channel_circular_shift,50,0.35407739606743976
torus_shape,session_channel_circular_shift,51,0.3323256800837822
torus_shape,session_channel_circular_shift,52,0.2818305449644054
torus_shape,session_channel_circular_shift,53,0.22681138664652858
torus_shape,session_channel_circular_shift,54,0.3788387645407372
torus_shape,session_channel_circular_shift,55,0.5308180730929923
torus_shape,session_channel_circular_shift,56,0.3593330063813536
torus_shape,session_channel_circular_shift,57,0.2914076998248258
torus_shape,session_channel_circular_shift,58,0.4380092874690984
torus_shape,session_channel_circular_shift,59,0.20705523839791393
torus_shape,session_channel_circular_shift,60,0.39151476225701315
torus_shape,session_channel_circular_shift,61,0.354598695557191
torus_shape,session_channel_circular_shift,62,0.23834620136142534
torus_shape,session_channel_circular_shift,63,0.20788148554471178
torus_shape,session_channel_circular_shift,64,0.38489772057579197
torus_shape,session_channel_circular_shift,65,0.4318213939310322
torus_shape,session_channel_circular_shift,66,0.2573845000962619
torus_shape,session_channel_circular_shift,67,0.5297666813457381
torus_shape,session_channel_circular_shift,68,0.3534905200466976
torus_shape,session_channel_circular_shift,69,0.34750102156433926
torus_shape,session_channel_circular_shift,70,0.42135984037703617
torus_shape,session_channel_circular_shift,71,0.2883168806382844
torus_shape,session_channel_circular_shift,72,0.3890268438472439
torus_shape,session_channel_circular_shift,73,0.311797256472194
torus_shape,session_channel_circular_shift,74,0.2996292643388873
torus_shape,session_channel_circular_shift,75,0.5560080131430883
torus_shape,session_channel_circular_shift,76,0.4100422779709451
torus_shape,session_channel_circular_shift,77,0.34565030883709175
torus_shape,session_channel_circular_shift,78,0.3093355969145665
torus_shape,session_channel_circular_shift,79,0.26399480197119346
torus_shape,session_channel_circular_shift,80,0.40828688456668766
torus_shape,session_channel_circular_shift,81,0.31349430388355426
torus_shape,session_channel_circular_shift,82,0.2566259244460725
torus_shape,session_channel_circular_shift,83,0.2577944097581764
torus_shape,session_channel_circular_shift,84,0.4975722816122797
torus_shape,session_channel_circular_shift,85,0.23487338165402982
torus_shape,session_channel_circular_shift,86,0.4420728759056673
torus_shape,session_channel_circular_shift,87,0.2717737829843518
torus_shape,session_channel_circular_shift,88,0.2713732138510936
torus_shape,session_channel_circular_shift,89,0.40987389349922276
torus_shape,session_channel_circular_shift,90,0.5130252804228498
torus_shape,session_channel_circular_shift,91,0.3232557425758608
torus_shape,session_channel_circular_shift,92,0.31485511238449976
torus_shape,session_channel_circular_shift,93,0.28356398771644903
torus_shape,session_channel_circular_shift,94,0.23551231236899037
torus_shape,session_channel_circular_shift,95,0.504511575785875
torus_shape,session_channel_circular_shift,96,0.3921390465329359
torus_shape,session_channel_circular_shift,97,0.32309681433087717
torus_shape,session_channel_circular_shift,98,0.3835560688557276
torus_shape,session_channel_circular_shift,99,0.34853038953284526
spectrum_plus_torus,label_permutation,0,0.27812088600807156
spectrum_plus_torus,label_permutation,1,0.2808109347880761
spectrum_plus_torus,label_permutation,2,0.34219981916182274
spectrum_plus_torus,label_permutation,3,0.29244770894647765
spectrum_plus_torus,label_permutation,4,0.30478070531802687
spectrum_plus_torus,label_permutation,5,0.39741743510835476
spectrum_plus_torus,label_permutation,6,0.3155769947067118
spectrum_plus_torus,label_permutation,7,0.35122191959790944
spectrum_plus_torus,label_permutation,8,0.3192460208078172
spectrum_plus_torus,label_permutation,9,0.35295994911442113
spectrum_plus_torus,label_permutation,10,0.32692133195846923
spectrum_plus_torus,label_permutation,11,0.4098178805866002
spectrum_plus_torus,label_permutation,12,0.2813197181771755
spectrum_plus_torus,label_permutation,13,0.3254600326017473
spectrum_plus_torus,label_permutation,14,0.31778188003600977
spectrum_plus_torus,label_permutation,15,0.35293776838348484
spectrum_plus_torus,label_permutation,16,0.27192086872694315
spectrum_plus_torus,label_permutation,17,0.33787829822831644
spectrum_plus_torus,label_permutation,18,0.31387094221789
spectrum_plus_torus,label_permutation,19,0.3269795898747493
spectrum_plus_torus,label_permutation,20,0.3077454161364038
spectrum_plus_torus,label_permutation,21,0.343615786155278
spectrum_plus_torus,label_permutation,22,0.28254221342203273
spectrum_plus_torus,label_permutation,23,0.27963068918288164
spectrum_plus_torus,label_permutation,24,0.374623678782342
spectrum_plus_torus,label_permutation,25,0.3610817219844753
spectrum_plus_torus,label_permutation,26,0.3344552414389
spectrum_plus_torus,label_permutation,27,0.3204321966329694
spectrum_plus_torus,label_permutation,28,0.29831245163430076
spectrum_plus_torus,label_permutation,29,0.2504958188999136
spectrum_plus_torus,label_permutation,30,0.29601951778426544
spectrum_plus_torus,label_permutation,31,0.29767710565175437
spectrum_plus_torus,label_permutation,32,0.378728609193913
spectrum_plus_torus,label_permutation,33,0.2797608036214832
spectrum_plus_torus,label_permutation,34,0.31048612860025787
spectrum_plus_torus,label_permutation,35,0.3504217944133452
spectrum_plus_torus,label_permutation,36,0.2711800373354793
spectrum_plus_torus,label_permutation,37,0.27734710052329004
spectrum_plus_torus,label_permutation,38,0.26351801088178095
spectrum_plus_torus,label_permutation,39,0.2649978085019998
spectrum_plus_torus,label_permutation,40,0.2429846177625651
spectrum_plus_torus,label_permutation,41,0.3512335339276496
spectrum_plus_torus,label_permutation,42,0.29645413089379513
spectrum_plus_torus,label_permutation,43,0.35432114249765073
spectrum_plus_torus,label_permutation,44,0.34409649744452503
spectrum_plus_torus,label_permutation,45,0.33203695977893083
spectrum_plus_torus,label_permutation,46,0.3109487198600241
spectrum_plus_torus,label_permutation,47,0.3002803481221705
spectrum_plus_torus,label_permutation,48,0.284344377431103
spectrum_plus_torus,label_permutation,49,0.35277330400054635
spectrum_plus_torus,label_permutation,50,0.3030226192180417
spectrum_plus_torus,label_permutation,51,0.29223080824565906
spectrum_plus_torus,label_permutation,52,0.27754016106107243
spectrum_plus_torus,label_permutation,53,0.3172420740707697
spectrum_plus_torus,label_permutation,54,0.2757992162567861
spectrum_plus_torus,label_permutation,55,0.25811953314248975
spectrum_plus_torus,label_permutation,56,0.3251547990956401
spectrum_plus_torus,label_permutation,57,0.3521855935362659
spectrum_plus_torus,label_permutation,58,0.2794351478441759
spectrum_plus_torus,label_permutation,59,0.2747083114487296
spectrum_plus_torus,label_permutation,60,0.33161956688604793
spectrum_plus_torus,label_permutation,61,0.34446439875148344
spectrum_plus_torus,label_permutation,62,0.2824006746515301
spectrum_plus_torus,label_permutation,63,0.28628133459398547
spectrum_plus_torus,label_permutation,64,0.4384135060855034
spectrum_plus_torus,label_permutation,65,0.3025966679119651
spectrum_plus_torus,label_permutation,66,0.2943209172594431
spectrum_plus_torus,label_permutation,67,0.38142520306661565
spectrum_plus_torus,label_permutation,68,0.3354650636130983
spectrum_plus_torus,label_permutation,69,0.29782189540221427
spectrum_plus_torus,label_permutation,70,0.3087556681302212
spectrum_plus_torus,label_permutation,71,0.3355638699406796
spectrum_plus_torus,label_permutation,72,0.28756836758541665
spectrum_plus_torus,label_permutation,73,0.2779889704342993
spectrum_plus_torus,label_permutation,74,0.2840794321136714
spectrum_plus_torus,label_permutation,75,0.2443878949738142
spectrum_plus_torus,label_permutation,76,0.2521058773703451
spectrum_plus_torus,label_permutation,77,0.32863641061777704
spectrum_plus_torus,label_permutation,78,0.36047258801351134
spectrum_plus_torus,label_permutation,79,0.35943118030109916
spectrum_plus_torus,label_permutation,80,0.38180387662305876
spectrum_plus_torus,label_permutation,81,0.3521300798372493
spectrum_plus_torus,label_permutation,82,0.25989077754398443
spectrum_plus_torus,label_permutation,83,0.2859306448898767
spectrum_plus_torus,label_permutation,84,0.30842017444955333
spectrum_plus_torus,label_permutation,85,0.24808661089449605
spectrum_plus_torus,label_permutation,86,0.30795814264367705
spectrum_plus_torus,label_permutation,87,0.27525913342919894
spectrum_plus_torus,label_permutation,88,0.34000380178032125
spectrum_plus_torus,label_permutation,89,0.36089442762336804
spectrum_plus_torus,label_permutation,90,0.2856625827782335
spectrum_plus_torus,label_permutation,91,0.343463553159878
spectrum_plus_torus,label_permutation,92,0.36248355160888046
spectrum_plus_torus,label_permutation,93,0.3244905750557799
spectrum_plus_torus,label_permutation,94,0.2752462832411028
spectrum_plus_torus,label_permutation,95,0.32562360257428585
spectrum_plus_torus,label_permutation,96,0.2720094654289058
spectrum_plus_torus,label_permutation,97,0.27010780766445985
spectrum_plus_torus,label_permutation,98,0.35806776978886967
spectrum_plus_torus,label_permutation,99,0.31583924074502195
spectrum_plus_torus,session_channel_circular_shift,0,0.37136846530460504
spectrum_plus_torus,session_channel_circular_shift,1,0.367963359835096
spectrum_plus_torus,session_channel_circular_shift,2,0.2011564696287985
spectrum_plus_torus,session_channel_circular_shift,3,0.24289814437006166
spectrum_plus_torus,session_channel_circular_shift,4,0.36683219346317597
spectrum_plus_torus,session_channel_circular_shift,5,0.26322641073168446
spectrum_plus_torus,session_channel_circular_shift,6,0.3096423262796737
spectrum_plus_torus,session_channel_circular_shift,7,0.44021271896069464
spectrum_plus_torus,session_channel_circular_shift,8,0.268305309519089
spectrum_plus_torus,session_channel_circular_shift,9,0.37026453765598416
spectrum_plus_torus,session_channel_circular_shift,10,0.3634733975440341
spectrum_plus_torus,session_channel_circular_shift,11,0.3273782477793277
spectrum_plus_torus,session_channel_circular_shift,12,0.4109522808368853
spectrum_plus_torus,session_channel_circular_shift,13,0.3820116437868526
spectrum_plus_torus,session_channel_circular_shift,14,0.15401760565024014
spectrum_plus_torus,session_channel_circular_shift,15,0.3468487197634173
spectrum_plus_torus,session_channel_circular_shift,16,0.34982373901518815
spectrum_plus_torus,session_channel_circular_shift,17,0.2712648142786421
spectrum_plus_torus,session_channel_circular_shift,18,0.31313640556927375
spectrum_plus_torus,session_channel_circular_shift,19,0.44341161690506703
spectrum_plus_torus,session_channel_circular_shift,20,0.2273565133327715
spectrum_plus_torus,session_channel_circular_shift,21,0.26639740821070795
spectrum_plus_torus,session_channel_circular_shift,22,0.37944739858202814
spectrum_plus_torus,session_channel_circular_shift,23,0.4306213315675396
spectrum_plus_torus,session_channel_circular_shift,24,0.5190548948543711
spectrum_plus_torus,session_channel_circular_shift,25,0.45412397672927796
spectrum_plus_torus,session_channel_circular_shift,26,0.4712621280099894
spectrum_plus_torus,session_channel_circular_shift,27,0.3077806428630375
spectrum_plus_torus,session_channel_circular_shift,28,0.35517912294013043
spectrum_plus_torus,session_channel_circular_shift,29,0.21005716997886525
spectrum_plus_torus,session_channel_circular_shift,30,0.3873759523922388
spectrum_plus_torus,session_channel_circular_shift,31,0.32423386228938456
spectrum_plus_torus,session_channel_circular_shift,32,0.3070198660468563
spectrum_plus_torus,session_channel_circular_shift,33,0.371990835805782
spectrum_plus_torus,session_channel_circular_shift,34,0.21875030923370095
spectrum_plus_torus,session_channel_circular_shift,35,0.38591177550018285
spectrum_plus_torus,session_channel_circular_shift,36,0.3079898388069962
spectrum_plus_torus,session_channel_circular_shift,37,0.4635743272027593
spectrum_plus_torus,session_channel_circular_shift,38,0.3566217934088811
spectrum_plus_torus,session_channel_circular_shift,39,0.48781786189710435
spectrum_plus_torus,session_channel_circular_shift,40,0.23943825480383815
spectrum_plus_torus,session_channel_circular_shift,41,0.37203624090495563
spectrum_plus_torus,session_channel_circular_shift,42,0.2879757700602172
spectrum_plus_torus,session_channel_circular_shift,43,0.29950498976579315
spectrum_plus_torus,session_channel_circular_shift,44,0.30915405760976233
spectrum_plus_torus,session_channel_circular_shift,45,0.4803370320337997
spectrum_plus_torus,session_channel_circular_shift,46,0.37121839097830467
spectrum_plus_torus,session_channel_circular_shift,47,0.3438138660407695
spectrum_plus_torus,session_channel_circular_shift,48,0.2814058161206532
spectrum_plus_torus,session_channel_circular_shift,49,0.2980922540640132
spectrum_plus_torus,session_channel_circular_shift,50,0.41439640511474357
spectrum_plus_torus,session_channel_circular_shift,51,0.2957273182878748
spectrum_plus_torus,session_channel_circular_shift,52,0.3779593306472466
spectrum_plus_torus,session_channel_circular_shift,53,0.4026812853788213
spectrum_plus_torus,session_channel_circular_shift,54,0.3101991757704855
spectrum_plus_torus,session_channel_circular_shift,55,0.38298000990165315
spectrum_plus_torus,session_channel_circular_shift,56,0.20052976344509996
spectrum_plus_torus,session_channel_circular_shift,57,0.23727909709097694
spectrum_plus_torus,session_channel_circular_shift,58,0.4533777514363031
spectrum_plus_torus,session_channel_circular_shift,59,0.47248660248192836
spectrum_plus_torus,session_channel_circular_shift,60,0.3738644095739793
spectrum_plus_torus,session_channel_circular_shift,61,0.3413029386443647
spectrum_plus_torus,session_channel_circular_shift,62,0.2057021216304733
spectrum_plus_torus,session_channel_circular_shift,63,0.37944133136776403
spectrum_plus_torus,session_channel_circular_shift,64,0.2459496888353989
spectrum_plus_torus,session_channel_circular_shift,65,0.497257891510474
spectrum_plus_torus,session_channel_circular_shift,66,0.3552847096744731
spectrum_plus_torus,session_channel_circular_shift,67,0.26027935498567173
spectrum_plus_torus,session_channel_circular_shift,68,0.3425356404988265
spectrum_plus_torus,session_channel_circular_shift,69,0.35437938461606994
spectrum_plus_torus,session_channel_circular_shift,70,0.38454492696220743
spectrum_plus_torus,session_channel_circular_shift,71,0.2666552832118633
spectrum_plus_torus,session_channel_circular_shift,72,0.463305135134148
spectrum_plus_torus,session_channel_circular_shift,73,0.31330868114062876
spectrum_plus_torus,session_channel_circular_shift,74,0.5009872416979176
spectrum_plus_torus,session_channel_circular_shift,75,0.3632820458553753
spectrum_plus_torus,session_channel_circular_shift,76,0.21634740685076206
spectrum_plus_torus,session_channel_circular_shift,77,0.1872573538075614
spectrum_plus_torus,session_channel_circular_shift,78,0.3566220375471231
spectrum_plus_torus,session_channel_circular_shift,79,0.2957193360756078
spectrum_plus_torus,session_channel_circular_shift,80,0.441683514782173
spectrum_plus_torus,session_channel_circular_shift,81,0.3740402603447022
spectrum_plus_torus,session_channel_circular_shift,82,0.37693343474160684
spectrum_plus_torus,session_channel_circular_shift,83,0.2457761393145306
spectrum_plus_torus,session_channel_circular_shift,84,0.2881562973251141
spectrum_plus_torus,session_channel_circular_shift,85,0.3165584763869171
spectrum_plus_torus,session_channel_circular_shift,86,0.2634949448207286
spectrum_plus_torus,session_channel_circular_shift,87,0.398311712298002
spectrum_plus_torus,session_channel_circular_shift,88,0.31952964656838856
spectrum_plus_torus,session_channel_circular_shift,89,0.42493389001841547
spectrum_plus_torus,session_channel_circular_shift,90,0.2494563992912674
spectrum_plus_torus,session_channel_circular_shift,91,0.2803118883757038
spectrum_plus_torus,session_channel_circular_shift,92,0.6211794593619749
spectrum_plus_torus,session_channel_circular_shift,93,0.3304897619257915
spectrum_plus_torus,session_channel_circular_shift,94,0.3122531207835956
spectrum_plus_torus,session_channel_circular_shift,95,0.5140704283797961
spectrum_plus_torus,session_channel_circular_shift,96,0.32813716124982406
spectrum_plus_torus,session_channel_circular_shift,97,0.3376815727098372
spectrum_plus_torus,session_channel_circular_shift,98,0.29627557069881844
spectrum_plus_torus,session_channel_circular_shift,99,0.45192168830913965
