split,fold,held_out,n_train,n_test,accuracy,macro_f1,f1_mobile,f1_immobile,f1_sleep,confusion,feature_set
leave_session_out,0,ekez003_250830,642,68,0.6176470588235294,0.5505516705516705,0.64,0.24242424242424243,0.7692307692307693,"[[1.0, 0.0, 0.0], [0.6666666666666666, 0.3333333333333333, 0.0], [0.020833333333333332, 0.3541666666666667, 0.625]]",native_spectrum
leave_session_out,1,ekez003_250906,624,106,0.7641509433962265,0.6279194567547406,0.9620253164556962,0.14814814814814814,0.7735849056603774,"[[0.95, 0.025, 0.025], [0.0, 0.1111111111111111, 0.8888888888888888], [0.020833333333333332, 0.125, 0.8541666666666666]]",native_spectrum
leave_session_out,2,ekez003_250909,576,122,0.680327868852459,0.6364450961225154,0.7956989247311828,0.36363636363636365,0.75,"[[0.925, 0.025, 0.05], [0.4117647058823529, 0.29411764705882354, 0.29411764705882354], [0.041666666666666664, 0.20833333333333334, 0.75]]",native_spectrum
leave_session_out,3,ekez004_250828,534,177,0.576271186440678,0.5000776916899333,0.5154639175257731,0.2727272727272727,0.7120418848167539,"[[0.3472222222222222, 0.2777777777777778, 0.375], [0.0, 0.2727272727272727, 0.7272727272727273], [0.0, 0.05555555555555555, 0.9444444444444444]]",native_spectrum
leave_session_out,4,ekez004_250829,498,168,0.7857142857142857,0.7343039474187015,0.951048951048951,0.7272727272727273,0.5245901639344263,"[[0.9444444444444444, 0.05555555555555555, 0.0], [0.05, 0.8, 0.15], [0.0, 0.5555555555555556, 0.4444444444444444]]",native_spectrum
leave_session_out,5,ekez004_250911,471,159,0.7987421383647799,0.8087037507408348,0.8387096774193549,0.8,0.7874015748031497,"[[0.7222222222222222, 0.2777777777777778, 0.0], [0.0, 0.927536231884058, 0.07246376811594203], [0.0, 0.3055555555555556, 0.6944444444444444]]",native_spectrum
leave_session_out,0,ekez003_250830,642,68,0.5882352941176471,0.48629531388152075,0.5517241379310345,0.13793103448275862,0.7692307692307693,"[[1.0, 0.0, 0.0], [0.8333333333333334, 0.16666666666666666, 0.0], [0.0625, 0.3125, 0.625]]",highrate_dynamics
leave_session_out,1,ekez003_250906,624,106,0.7452830188679245,0.6551433004746258,0.891566265060241,0.30303030303030304,0.7708333333333334,"[[0.925, 0.05, 0.025], [0.16666666666666666, 0.2777777777777778, 0.5555555555555556], [0.0625, 0.16666666666666666, 0.7708333333333334]]",highrate_dynamics
leave_session_out,2,ekez003_250909,576,122,0.6475409836065574,0.6062271062271063,0.7115384615384616,0.32142857142857145,0.7857142857142857,"[[0.925, 0.0, 0.075], [0.7352941176470589, 0.2647058823529412, 0.0], [0.041666666666666664, 0.2708333333333333, 0.6875]]",highrate_dynamics
leave_session_out,3,ekez004_250828,534,177,0.519774011299435,0.49739242919389975,0.6029411764705882,0.3111111111111111,0.578125,"[[0.5694444444444444, 0.2916666666666667, 0.1388888888888889], [0.30303030303030304, 0.42424242424242425, 0.2727272727272727], [0.18055555555555555, 0.3055555555555556, 0.5138888888888888]]",highrate_dynamics
leave_session_out,4,ekez004_250829,498,168,0.7738095238095238,0.7442716200585154,0.9066666666666666,0.6782608695652174,0.647887323943662,"[[0.9444444444444444, 0.05555555555555555, 0.0], [0.15, 0.65, 0.2], [0.027777777777777776, 0.3333333333333333, 0.6388888888888888]]",highrate_dynamics
leave_session_out,5,ekez004_250911,471,159,0.5031446540880503,0.6021719393812418,0.918918918918919,0.3875968992248062,0.5,"[[0.9444444444444444, 0.05555555555555555, 0.0], [0.028985507246376812, 0.36231884057971014, 0.6086956521739131], [0.0, 0.4722222222222222, 0.5277777777777778]]",highrate_dynamics
leave_session_out,0,ekez003_250830,642,68,0.5882352941176471,0.4983974358974359,0.5384615384615384,0.1875,0.7692307692307693,"[[0.875, 0.125, 0.0], [0.75, 0.25, 0.0], [0.041666666666666664, 0.3333333333333333, 0.625]]",torus_shape
leave_session_out,1,ekez003_250906,624,106,0.6792452830188679,0.5845911812896022,0.8860759493670886,0.16666666666666666,0.7010309278350515,"[[0.875, 0.125, 0.0], [0.0, 0.16666666666666666, 0.8333333333333334], [0.08333333333333333, 0.20833333333333334, 0.7083333333333334]]",torus_shape
leave_session_out,2,ekez003_250909,576,122,0.6721311475409836,0.6534284429021271,0.7368421052631579,0.46153846153846156,0.7619047619047619,"[[0.875, 0.05, 0.075], [0.5294117647058824, 0.4411764705882353, 0.029411764705882353], [0.041666666666666664, 0.2916666666666667, 0.6666666666666666]]",torus_shape
leave_session_out,3,ekez004_250828,534,177,0.3728813559322034,0.3745911455294688,0.5272727272727272,0.366412213740458,0.23008849557522124,"[[0.4027777777777778, 0.3055555555555556, 0.2916666666666667], [0.06060606060606061, 0.7272727272727273, 0.21212121212121213], [0.09722222222222222, 0.7222222222222222, 0.18055555555555555]]",torus_shape
leave_session_out,4,ekez004_250829,498,168,0.7619047619047619,0.7348648597672532,0.8759124087591241,0.7286821705426356,0.6,"[[0.8333333333333334, 0.125, 0.041666666666666664], [0.05, 0.7833333333333333, 0.16666666666666666], [0.05555555555555555, 0.3611111111111111, 0.5833333333333334]]",torus_shape
leave_session_out,5,ekez004_250911,471,159,0.6729559748427673,0.7334121277783249,0.9090909090909091,0.6573426573426573,0.6338028169014085,"[[0.8333333333333334, 0.0, 0.16666666666666666], [0.0, 0.6811594202898551, 0.3188405797101449], [0.0, 0.375, 0.625]]",torus_shape
leave_session_out,0,ekez003_250830,642,68,0.6617647058823529,0.5930555555555556,0.6666666666666666,0.3125,0.8,"[[1.0, 0.0, 0.0], [0.5833333333333334, 0.4166666666666667, 0.0], [0.020833333333333332, 0.3125, 0.6666666666666666]]",spectrum_plus_torus
leave_session_out,1,ekez003_250906,624,106,0.7547169811320755,0.6251082251082251,0.961038961038961,0.13333333333333333,0.780952380952381,"[[0.925, 0.075, 0.0], [0.0, 0.1111111111111111, 0.8888888888888888], [0.0, 0.14583333333333334, 0.8541666666666666]]",spectrum_plus_torus
leave_session_out,2,ekez003_250909,576,122,0.7540983606557377,0.7245061578677877,0.7956989247311828,0.5357142857142857,0.8421052631578947,"[[0.925, 0.025, 0.05], [0.4117647058823529, 0.4411764705882353, 0.14705882352941177], [0.041666666666666664, 0.125, 0.8333333333333334]]",spectrum_plus_torus
leave_session_out,3,ekez004_250828,534,177,0.5875706214689266,0.5363408521303258,0.5,0.39473684210526316,0.7142857142857143,"[[0.3333333333333333, 0.2916666666666667, 0.375], [0.0, 0.45454545454545453, 0.5454545454545454], [0.0, 0.09722222222222222, 0.9027777777777778]]",spectrum_plus_torus
leave_session_out,4,ekez004_250829,498,168,0.8452380952380952,0.8096863026819924,0.9655172413793104,0.796875,0.6666666666666666,"[[0.9722222222222222, 0.027777777777777776, 0.0], [0.05, 0.85, 0.1], [0.0, 0.4166666666666667, 0.5833333333333334]]",spectrum_plus_torus
leave_session_out,5,ekez004_250911,471,159,0.7735849056603774,0.7737047898338222,0.7741935483870968,0.7741935483870968,0.7727272727272727,"[[0.6666666666666666, 0.2777777777777778, 0.05555555555555555], [0.014492753623188406, 0.8695652173913043, 0.11594202898550725], [0.0, 0.2916666666666667, 0.7083333333333334]]",spectrum_plus_torus
leave_session_out,0,ekez003_250830,642,68,0.6617647058823529,0.5930555555555556,0.6666666666666666,0.3125,0.8,"[[1.0, 0.0, 0.0], [0.5833333333333334, 0.4166666666666667, 0.0], [0.020833333333333332, 0.3125, 0.6666666666666666]]",all_features
leave_session_out,1,ekez003_250906,624,106,0.7641509433962265,0.6457264957264957,0.9487179487179487,0.2,0.7884615384615384,"[[0.925, 0.075, 0.0], [0.0, 0.16666666666666666, 0.8333333333333334], [0.020833333333333332, 0.125, 0.8541666666666666]]",all_features
leave_session_out,2,ekez003_250909,576,122,0.7622950819672131,0.7319488275815264,0.7872340425531915,0.5454545454545454,0.8631578947368421,"[[0.925, 0.025, 0.05], [0.4411764705882353, 0.4411764705882353, 0.11764705882352941], [0.041666666666666664, 0.10416666666666667, 0.8541666666666666]]",all_features
leave_session_out,3,ekez004_250828,534,177,0.5819209039548022,0.5061199969963205,0.43478260869565216,0.34782608695652173,0.7357512953367875,"[[0.2777777777777778, 0.3194444444444444, 0.4027777777777778], [0.0, 0.36363636363636365, 0.6363636363636364], [0.0, 0.013888888888888888, 0.9861111111111112]]",all_features
leave_session_out,4,ekez004_250829,498,168,0.8392857142857143,0.8181690422337761,0.9251700680272109,0.7874015748031497,0.7419354838709677,"[[0.9444444444444444, 0.05555555555555555, 0.0], [0.11666666666666667, 0.8333333333333334, 0.05], [0.0, 0.3611111111111111, 0.6388888888888888]]",all_features
leave_session_out,5,ekez004_250911,471,159,0.7421383647798742,0.7600118912424496,0.8125,0.7388535031847133,0.7286821705426356,"[[0.7222222222222222, 0.2777777777777778, 0.0], [0.014492753623188406, 0.8405797101449275, 0.14492753623188406], [0.0, 0.3472222222222222, 0.6527777777777778]]",all_features
leave_channel_out,0,12,420,316,0.7658227848101266,0.7629059357305215,0.8645833333333334,0.6519337016574586,0.7722007722007722,"[[0.8469387755102041, 0.061224489795918366, 0.09183673469387756], [0.10465116279069768, 0.686046511627907, 0.20930232558139536], [0.015151515151515152, 0.22727272727272727, 0.7575757575757576]]",native_spectrum
leave_channel_out,1,18,516,168,0.7083333333333334,0.7072057759848293,0.6987951807228916,0.7244094488188977,0.6984126984126984,"[[0.5370370370370371, 0.2037037037037037, 0.25925925925925924], [0.0, 0.8518518518518519, 0.14814814814814814], [0.0, 0.26666666666666666, 0.7333333333333333]]",native_spectrum
leave_channel_out,2,19,420,316,0.7753164556962026,0.7692655172165757,0.8631578947368421,0.6549707602339181,0.7896678966789668,"[[0.8367346938775511, 0.05102040816326531, 0.11224489795918367], [0.10465116279069768, 0.6511627906976745, 0.2441860465116279], [0.007575757575757576, 0.18181818181818182, 0.8106060606060606]]",native_spectrum
leave_channel_out,0,12,420,316,0.6708860759493671,0.6572478238607271,0.783410138248848,0.48,0.7083333333333334,"[[0.8673469387755102, 0.07142857142857142, 0.061224489795918366], [0.313953488372093, 0.4883720930232558, 0.19767441860465115], [0.05303030303030303, 0.30303030303030304, 0.6439393939393939]]",highrate_dynamics
leave_channel_out,1,18,516,168,0.5773809523809523,0.5594771241830065,0.7450980392156863,0.6,0.3333333333333333,"[[0.7037037037037037, 0.24074074074074073, 0.05555555555555555], [0.037037037037037035, 0.8333333333333334, 0.12962962962962962], [0.13333333333333333, 0.6333333333333333, 0.23333333333333334]]",highrate_dynamics
leave_channel_out,2,19,420,316,0.6962025316455697,0.6831263224389282,0.8018433179723502,0.5232558139534884,0.7242798353909465,"[[0.8877551020408163, 0.04081632653061224, 0.07142857142857142], [0.29069767441860467, 0.5232558139534884, 0.18604651162790697], [0.05303030303030303, 0.2803030303030303, 0.6666666666666666]]",highrate_dynamics
leave_channel_out,0,12,420,316,0.6740506329113924,0.6688724784373955,0.78125,0.5303867403314917,0.694980694980695,"[[0.7653061224489796, 0.08163265306122448, 0.15306122448979592], [0.18604651162790697, 0.5581395348837209, 0.2558139534883721], [0.022727272727272728, 0.29545454545454547, 0.6818181818181818]]",torus_shape
leave_channel_out,1,18,516,168,0.5595238095238095,0.5331344935447414,0.6744186046511628,0.6091954022988506,0.3157894736842105,"[[0.5370370370370371, 0.4074074074074074, 0.05555555555555555], [0.0, 0.9814814814814815, 0.018518518518518517], [0.05, 0.75, 0.2]]",torus_shape
leave_channel_out,2,19,420,316,0.680379746835443,0.6701034268495324,0.7850467289719626,0.5139664804469274,0.7112970711297071,"[[0.8571428571428571, 0.09183673469387756, 0.05102040816326531], [0.26744186046511625, 0.5348837209302325, 0.19767441860465115], [0.06818181818181818, 0.2878787878787879, 0.6439393939393939]]",torus_shape
leave_channel_out,0,12,420,316,0.8132911392405063,0.8105922759934839,0.8842105263157894,0.7213114754098361,0.8262548262548263,"[[0.8571428571428571, 0.08163265306122448, 0.061224489795918366], [0.06976744186046512, 0.7674418604651163, 0.16279069767441862], [0.015151515151515152, 0.17424242424242425, 0.8106060606060606]]",spectrum_plus_torus
leave_channel_out,1,18,516,168,0.7380952380952381,0.7385482734319945,0.7441860465116279,0.7441860465116279,0.7272727272727273,"[[0.5925925925925926, 0.2037037037037037, 0.2037037037037037], [0.0, 0.8888888888888888, 0.1111111111111111], [0.0, 0.26666666666666666, 0.7333333333333333]]",spectrum_plus_torus
leave_channel_out,2,19,420,316,0.8164556962025317,0.80830192239169,0.865979381443299,0.7093023255813954,0.849624060150376,"[[0.8571428571428571, 0.061224489795918366, 0.08163265306122448], [0.13953488372093023, 0.7093023255813954, 0.1511627906976744], [0.0, 0.14393939393939395, 0.8560606060606061]]",spectrum_plus_torus
leave_channel_out,0,12,420,316,0.8069620253164557,0.8029912783015751,0.8704663212435233,0.7103825136612022,0.828125,"[[0.8571428571428571, 0.08163265306122448, 0.061224489795918366], [0.10465116279069768, 0.7558139534883721, 0.13953488372093023], [0.015151515151515152, 0.18181818181818182, 0.803030303030303]]",all_features
leave_channel_out,1,18,516,168,0.7321428571428571,0.7347230255839822,0.7586206896551724,0.752,0.6935483870967742,"[[0.6111111111111112, 0.12962962962962962, 0.25925925925925924], [0.0, 0.8703703703703703, 0.12962962962962962], [0.0, 0.2833333333333333, 0.7166666666666667]]",all_features
leave_channel_out,2,19,420,316,0.819620253164557,0.8121910962303266,0.8808290155440415,0.7093023255813954,0.846441947565543,"[[0.8673469387755102, 0.061224489795918366, 0.07142857142857142], [0.11627906976744186, 0.7093023255813954, 0.1744186046511628], [0.0, 0.14393939393939395, 0.8560606060606061]]",all_features
leave_mouse_out,0,ekez003,486,296,0.6858108108108109,0.593176835112319,0.8076923076923077,0.19047619047619047,0.7813620071684588,"[[0.9545454545454546, 0.0, 0.045454545454545456], [0.5, 0.15625, 0.34375], [0.027777777777777776, 0.2152777777777778, 0.7569444444444444]]",native_spectrum
leave_mouse_out,1,ekez004,192,504,0.4583333333333333,0.4588574974656321,0.65,0.1986754966887417,0.5278969957081545,"[[0.48148148148148145, 0.3271604938271605, 0.19135802469135801], [0.0, 0.18518518518518517, 0.8148148148148148], [0.0, 0.31666666666666665, 0.6833333333333333]]",native_spectrum
leave_mouse_out,0,ekez003,486,296,0.652027027027027,0.5687173541329961,0.7757009345794392,0.17857142857142858,0.7518796992481203,"[[0.9431818181818182, 0.011363636363636364, 0.045454545454545456], [0.5625, 0.15625, 0.28125], [0.04861111111111111, 0.2569444444444444, 0.6944444444444444]]",highrate_dynamics
leave_mouse_out,1,ekez004,192,504,0.46825396825396826,0.4876071001071001,0.7622377622377622,0.2897727272727273,0.41081081081081083,"[[0.6728395061728395, 0.2654320987654321, 0.06172839506172839], [0.043209876543209874, 0.3148148148148148, 0.6419753086419753], [0.044444444444444446, 0.5333333333333333, 0.4222222222222222]]",highrate_dynamics
leave_mouse_out,0,ekez003,486,296,0.6554054054054054,0.5757083309322115,0.7860696517412935,0.1981981981981982,0.7428571428571429,"[[0.8977272727272727, 0.045454545454545456, 0.056818181818181816], [0.40625, 0.171875, 0.421875], [0.05555555555555555, 0.2222222222222222, 0.7222222222222222]]",torus_shape
leave_mouse_out,1,ekez004,192,504,0.501984126984127,0.516281236670638,0.6870229007633588,0.3468208092485549,0.515,"[[0.5555555555555556, 0.3333333333333333, 0.1111111111111111], [0.018518518518518517, 0.37037037037037035, 0.6111111111111112], [0.03888888888888889, 0.3888888888888889, 0.5722222222222222]]",torus_shape
leave_mouse_out,0,ekez003,486,296,0.7094594594594594,0.6257421192905064,0.8076923076923077,0.26666666666666666,0.8028673835125448,"[[0.9545454545454546, 0.0, 0.045454545454545456], [0.484375, 0.21875, 0.296875], [0.034722222222222224, 0.1875, 0.7777777777777778]]",spectrum_plus_torus
leave_mouse_out,1,ekez004,192,504,0.4781746031746032,0.4809347004429154,0.6271186440677966,0.273015873015873,0.5426695842450766,"[[0.4567901234567901, 0.3333333333333333, 0.20987654320987653], [0.0, 0.2654320987654321, 0.7345679012345679], [0.0, 0.3111111111111111, 0.6888888888888889]]",spectrum_plus_torus
leave_mouse_out,0,ekez003,486,296,0.6858108108108109,0.6092592592592593,0.8,0.25,0.7777777777777778,"[[0.9545454545454546, 0.011363636363636364, 0.03409090909090909], [0.5, 0.21875, 0.28125], [0.041666666666666664, 0.22916666666666666, 0.7291666666666666]]",all_features
leave_mouse_out,1,ekez004,192,504,0.5198412698412699,0.5241371020860182,0.6443514644351465,0.3475609756097561,0.5804988662131519,"[[0.47530864197530864, 0.35185185185185186, 0.1728395061728395], [0.0, 0.35185185185185186, 0.6481481481481481], [0.0, 0.28888888888888886, 0.7111111111111111]]",all_features
blocked_stratified_cv,0,all,540,160,0.7375,0.7384682900146817,0.8131868131868132,0.6597938144329897,0.7424242424242424,"[[0.74, 0.1, 0.16], [0.06521739130434782, 0.6956521739130435, 0.2391304347826087], [0.015625, 0.21875, 0.765625]]",native_spectrum
blocked_stratified_cv,1,all,543,160,0.73125,0.7205336113562737,0.8235294117647058,0.5747126436781609,0.7633587786259542,"[[0.84, 0.04, 0.12], [0.2222222222222222, 0.5555555555555556, 0.2222222222222222], [0.0, 0.23076923076923078, 0.7692307692307693]]",native_spectrum
blocked_stratified_cv,2,all,543,160,0.7625,0.7550172265288544,0.8222222222222222,0.6511627906976745,0.7916666666666666,"[[0.74, 0.1, 0.16], [0.06666666666666667, 0.6222222222222222, 0.3111111111111111], [0.0, 0.12307692307692308, 0.8769230769230769]]",native_spectrum
blocked_stratified_cv,3,all,543,160,0.8,0.8040962621607782,0.8571428571428571,0.780952380952381,0.7741935483870968,"[[0.78, 0.08, 0.14], [0.0, 0.9111111111111111, 0.08888888888888889], [0.03076923076923077, 0.23076923076923078, 0.7384615384615385]]",native_spectrum
blocked_stratified_cv,4,all,543,160,0.81875,0.8204063540309741,0.8936170212765957,0.7551020408163265,0.8125,"[[0.84, 0.06, 0.1], [0.044444444444444446, 0.8222222222222222, 0.13333333333333333], [0.0, 0.2, 0.8]]",native_spectrum
blocked_stratified_cv,0,all,540,160,0.68125,0.6770346022101587,0.7407407407407407,0.5773195876288659,0.7130434782608696,"[[0.8, 0.14, 0.06], [0.2391304347826087, 0.6086956521739131, 0.15217391304347827], [0.109375, 0.25, 0.640625]]",highrate_dynamics
blocked_stratified_cv,1,all,543,160,0.66875,0.6567221042324266,0.773109243697479,0.46808510638297873,0.7289719626168224,"[[0.92, 0.06, 0.02], [0.4666666666666667, 0.4888888888888889, 0.044444444444444446], [0.03076923076923077, 0.36923076923076925, 0.6]]",highrate_dynamics
blocked_stratified_cv,2,all,543,160,0.68125,0.6771672885159269,0.7735849056603774,0.5510204081632653,0.7068965517241379,"[[0.82, 0.12, 0.06], [0.24444444444444444, 0.6, 0.15555555555555556], [0.06153846153846154, 0.3076923076923077, 0.6307692307692307]]",highrate_dynamics
blocked_stratified_cv,3,all,543,160,0.65625,0.6603397377168173,0.7959183673469388,0.5471698113207547,0.6379310344827587,"[[0.78, 0.16, 0.06], [0.1111111111111111, 0.6444444444444445, 0.24444444444444444], [0.06153846153846154, 0.36923076923076925, 0.5692307692307692]]",highrate_dynamics
blocked_stratified_cv,4,all,543,160,0.675,0.6732188312091459,0.8653846153846154,0.5102040816326531,0.6440677966101694,"[[0.9, 0.08, 0.02], [0.13333333333333333, 0.5555555555555556, 0.3111111111111111], [0.046153846153846156, 0.36923076923076925, 0.5846153846153846]]",highrate_dynamics
blocked_stratified_cv,0,all,540,160,0.675,0.6789540138224348,0.7708333333333334,0.5818181818181818,0.6842105263157895,"[[0.74, 0.2, 0.06], [0.13043478260869565, 0.6956521739130435, 0.17391304347826086], [0.046875, 0.34375, 0.609375]]",torus_shape
blocked_stratified_cv,1,all,543,160,0.625,0.629090909090909,0.76,0.4909090909090909,0.6363636363636364,"[[0.76, 0.18, 0.06], [0.24444444444444444, 0.6, 0.15555555555555556], [0.015384615384615385, 0.4461538461538462, 0.5384615384615384]]",torus_shape
blocked_stratified_cv,2,all,543,160,0.65,0.6617220375025906,0.7954545454545454,0.5964912280701754,0.5932203389830508,"[[0.7, 0.14, 0.16], [0.022222222222222223, 0.7555555555555555, 0.2222222222222222], [0.03076923076923077, 0.4307692307692308, 0.5384615384615384]]",torus_shape
blocked_stratified_cv,3,all,543,160,0.625,0.6351962245404869,0.75,0.5737704918032787,0.5818181818181818,"[[0.66, 0.26, 0.08], [0.022222222222222223, 0.7777777777777778, 0.2], [0.06153846153846154, 0.4461538461538462, 0.49230769230769234]]",torus_shape
blocked_stratified_cv,4,all,543,160,0.68125,0.686406859330415,0.8247422680412371,0.5849056603773585,0.6495726495726496,"[[0.8, 0.08, 0.12], [0.13333333333333333, 0.6888888888888889, 0.17777777777777778], [0.015384615384615385, 0.4, 0.5846153846153846]]",torus_shape
blocked_stratified_cv,0,all,540,160,0.78125,0.777707986504751,0.8043478260869565,0.7070707070707071,0.8217054263565892,"[[0.74, 0.16, 0.1], [0.08695652173913043, 0.7608695652173914, 0.15217391304347827], [0.015625, 0.15625, 0.828125]]",spectrum_plus_torus
blocked_stratified_cv,1,all,543,160,0.71875,0.7177727945089338,0.8247422680412371,0.6041666666666666,0.7244094488188977,"[[0.8, 0.06, 0.14], [0.15555555555555556, 0.6444444444444445, 0.2], [0.0, 0.2923076923076923, 0.7076923076923077]]",spectrum_plus_torus
blocked_stratified_cv,2,all,543,160,0.76875,0.7669887278582931,0.8444444444444444,0.6739130434782609,0.782608695652174,"[[0.76, 0.1, 0.14], [0.044444444444444446, 0.6888888888888889, 0.26666666666666666], [0.0, 0.16923076923076924, 0.8307692307692308]]",spectrum_plus_torus
blocked_stratified_cv,3,all,543,160,0.825,0.8276960784313726,0.8666666666666667,0.803921568627451,0.8125,"[[0.78, 0.08, 0.14], [0.0, 0.9111111111111111, 0.08888888888888889], [0.015384615384615385, 0.18461538461538463, 0.8]]",spectrum_plus_torus
blocked_stratified_cv,4,all,543,160,0.84375,0.8444284628745115,0.8936170212765957,0.7959183673469388,0.84375,"[[0.84, 0.06, 0.1], [0.044444444444444446, 0.8666666666666667, 0.08888888888888889], [0.0, 0.16923076923076924, 0.8307692307692308]]",spectrum_plus_torus
blocked_stratified_cv,0,all,540,160,0.79375,0.7903806338588947,0.8260869565217391,0.7142857142857143,0.8307692307692308,"[[0.76, 0.14, 0.1], [0.08695652173913043, 0.7608695652173914, 0.15217391304347827], [0.0, 0.15625, 0.84375]]",all_features
blocked_stratified_cv,1,all,543,160,0.78125,0.7778947368421053,0.86,0.6736842105263158,0.8,"[[0.86, 0.06, 0.08], [0.15555555555555556, 0.7111111111111111, 0.13333333333333333], [0.0, 0.23076923076923078, 0.7692307692307693]]",all_features
blocked_stratified_cv,2,all,543,160,0.79375,0.78994708994709,0.8444444444444444,0.7111111111111111,0.8142857142857143,"[[0.76, 0.1, 0.14], [0.044444444444444446, 0.7111111111111111, 0.24444444444444444], [0.0, 0.12307692307692308, 0.8769230769230769]]",all_features
blocked_stratified_cv,3,all,543,160,0.825,0.8276960784313726,0.8666666666666667,0.803921568627451,0.8125,"[[0.78, 0.08, 0.14], [0.0, 0.9111111111111111, 0.08888888888888889], [0.015384615384615385, 0.18461538461538463, 0.8]]",all_features
blocked_stratified_cv,4,all,543,160,0.85625,0.8570613595980916,0.9166666666666666,0.8041237113402062,0.8503937007874016,"[[0.88, 0.04, 0.08], [0.044444444444444446, 0.8666666666666667, 0.08888888888888889], [0.0, 0.16923076923076924, 0.8307692307692308]]",all_features
leave_day_out_ekez003,0,250830,642,68,0.6176470588235294,0.5505516705516705,0.64,0.24242424242424243,0.7692307692307693,"[[1.0, 0.0, 0.0], [0.6666666666666666, 0.3333333333333333, 0.0], [0.020833333333333332, 0.3541666666666667, 0.625]]",native_spectrum
leave_day_out_ekez003,1,250906,624,106,0.7641509433962265,0.6279194567547406,0.9620253164556962,0.14814814814814814,0.7735849056603774,"[[0.95, 0.025, 0.025], [0.0, 0.1111111111111111, 0.8888888888888888], [0.020833333333333332, 0.125, 0.8541666666666666]]",native_spectrum
leave_day_out_ekez003,2,250909,576,122,0.680327868852459,0.6364450961225154,0.7956989247311828,0.36363636363636365,0.75,"[[0.925, 0.025, 0.05], [0.4117647058823529, 0.29411764705882354, 0.29411764705882354], [0.041666666666666664, 0.20833333333333334, 0.75]]",native_spectrum
leave_day_out_ekez003,3,not_ekez003,192,504,0.45436507936507936,0.46002162270871555,0.6271186440677966,0.23197492163009403,0.5209713024282561,"[[0.4567901234567901, 0.35802469135802467, 0.18518518518518517], [0.0, 0.22839506172839505, 0.7716049382716049], [0.0, 0.34444444444444444, 0.6555555555555556]]",native_spectrum
leave_day_out_ekez003,0,250830,642,68,0.5882352941176471,0.48629531388152075,0.5517241379310345,0.13793103448275862,0.7692307692307693,"[[1.0, 0.0, 0.0], [0.8333333333333334, 0.16666666666666666, 0.0], [0.0625, 0.3125, 0.625]]",highrate_dynamics
leave_day_out_ekez003,1,250906,624,106,0.7452830188679245,0.6551433004746258,0.891566265060241,0.30303030303030304,0.7708333333333334,"[[0.925, 0.05, 0.025], [0.16666666666666666, 0.2777777777777778, 0.5555555555555556], [0.0625, 0.16666666666666666, 0.7708333333333334]]",highrate_dynamics
leave_day_out_ekez003,2,250909,576,122,0.6475409836065574,0.6062271062271063,0.7115384615384616,0.32142857142857145,0.7857142857142857,"[[0.925, 0.0, 0.075], [0.7352941176470589, 0.2647058823529412, 0.0], [0.041666666666666664, 0.2708333333333333, 0.6875]]",highrate_dynamics
leave_day_out_ekez003,3,not_ekez003,192,504,0.4523809523809524,0.47303568768743726,0.7456445993031359,0.3129973474801061,0.36046511627906974,"[[0.6604938271604939, 0.2839506172839506, 0.05555555555555555], [0.06172839506172839, 0.36419753086419754, 0.5740740740740741], [0.044444444444444446, 0.6111111111111112, 0.34444444444444444]]",highrate_dynamics
leave_day_out_ekez003,0,250830,642,68,0.5882352941176471,0.4983974358974359,0.5384615384615384,0.1875,0.7692307692307693,"[[0.875, 0.125, 0.0], [0.75, 0.25, 0.0], [0.041666666666666664, 0.3333333333333333, 0.625]]",torus_shape
leave_day_out_ekez003,1,250906,624,106,0.6792452830188679,0.5845911812896022,0.8860759493670886,0.16666666666666666,0.7010309278350515,"[[0.875, 0.125, 0.0], [0.0, 0.16666666666666666, 0.8333333333333334], [0.08333333333333333, 0.20833333333333334, 0.7083333333333334]]",torus_shape
leave_day_out_ekez003,2,250909,576,122,0.6721311475409836,0.6534284429021271,0.7368421052631579,0.46153846153846156,0.7619047619047619,"[[0.875, 0.05, 0.075], [0.5294117647058824, 0.4411764705882353, 0.029411764705882353], [0.041666666666666664, 0.2916666666666667, 0.6666666666666666]]",torus_shape
leave_day_out_ekez003,3,not_ekez003,192,504,0.4801587301587302,0.5005290969682711,0.6422764227642277,0.379746835443038,0.47956403269754766,"[[0.4876543209876543, 0.43209876543209874, 0.08024691358024691], [0.006172839506172839, 0.46296296296296297, 0.5308641975308642], [0.022222222222222223, 0.4888888888888889, 0.4888888888888889]]",torus_shape
leave_day_out_ekez003,0,250830,642,68,0.6617647058823529,0.5930555555555556,0.6666666666666666,0.3125,0.8,"[[1.0, 0.0, 0.0], [0.5833333333333334, 0.4166666666666667, 0.0], [0.020833333333333332, 0.3125, 0.6666666666666666]]",spectrum_plus_torus
leave_day_out_ekez003,1,250906,624,106,0.7547169811320755,0.6251082251082251,0.961038961038961,0.13333333333333333,0.780952380952381,"[[0.925, 0.075, 0.0], [0.0, 0.1111111111111111, 0.8888888888888888], [0.0, 0.14583333333333334, 0.8541666666666666]]",spectrum_plus_torus
leave_day_out_ekez003,2,250909,576,122,0.7540983606557377,0.7245061578677877,0.7956989247311828,0.5357142857142857,0.8421052631578947,"[[0.925, 0.025, 0.05], [0.4117647058823529, 0.4411764705882353, 0.14705882352941177], [0.041666666666666664, 0.125, 0.8333333333333334]]",spectrum_plus_torus
leave_day_out_ekez003,3,not_ekez003,192,504,0.48214285714285715,0.48909925924187553,0.6443514644351465,0.2848297213622291,0.5381165919282511,"[[0.47530864197530864, 0.3395061728395062, 0.18518518518518517], [0.0, 0.2839506172839506, 0.7160493827160493], [0.0, 0.3333333333333333, 0.6666666666666666]]",spectrum_plus_torus
leave_day_out_ekez003,0,250830,642,68,0.6617647058823529,0.5930555555555556,0.6666666666666666,0.3125,0.8,"[[1.0, 0.0, 0.0], [0.5833333333333334, 0.4166666666666667, 0.0], [0.020833333333333332, 0.3125, 0.6666666666666666]]",all_features
leave_day_out_ekez003,1,250906,624,106,0.7641509433962265,0.6457264957264957,0.9487179487179487,0.2,0.7884615384615384,"[[0.925, 0.075, 0.0], [0.0, 0.16666666666666666, 0.8333333333333334], [0.020833333333333332, 0.125, 0.8541666666666666]]",all_features
leave_day_out_ekez003,2,250909,576,122,0.7622950819672131,0.7319488275815264,0.7872340425531915,0.5454545454545454,0.8631578947368421,"[[0.925, 0.025, 0.05], [0.4411764705882353, 0.4411764705882353, 0.11764705882352941], [0.041666666666666664, 0.10416666666666667, 0.8541666666666666]]",all_features
leave_day_out_ekez003,3,not_ekez003,192,504,0.5079365079365079,0.5189838438361188,0.6390041493775933,0.37249283667621774,0.5454545454545454,"[[0.47530864197530864, 0.35802469135802467, 0.16666666666666666], [0.0, 0.4012345679012346, 0.5987654320987654], [0.011111111111111112, 0.35555555555555557, 0.6333333333333333]]",all_features
leave_day_out_ekez004,0,250828,534,177,0.5649717514124294,0.49585749792874906,0.5,0.28169014084507044,0.7058823529411765,"[[0.3333333333333333, 0.3055555555555556, 0.3611111111111111], [0.0, 0.30303030303030304, 0.696969696969697], [0.0, 0.08333333333333333, 0.9166666666666666]]",native_spectrum
leave_day_out_ekez004,1,250829,498,168,0.7797619047619048,0.7217604080507307,0.9583333333333334,0.7230769230769231,0.4838709677419355,"[[0.9583333333333334, 0.041666666666666664, 0.0], [0.03333333333333333, 0.7833333333333333, 0.18333333333333332], [0.027777777777777776, 0.5555555555555556, 0.4166666666666667]]",native_spectrum
leave_day_out_ekez004,2,250911,471,159,0.779874213836478,0.774619671387224,0.7586206896551724,0.7741935483870968,0.7910447761194029,"[[0.6111111111111112, 0.3888888888888889, 0.0], [0.0, 0.8695652173913043, 0.13043478260869565], [0.0, 0.2638888888888889, 0.7361111111111112]]",native_spectrum
leave_day_out_ekez004,3,not_ekez004,486,296,0.6858108108108109,0.593176835112319,0.8076923076923077,0.19047619047619047,0.7813620071684588,"[[0.9545454545454546, 0.0, 0.045454545454545456], [0.5, 0.15625, 0.34375], [0.027777777777777776, 0.2152777777777778, 0.7569444444444444]]",native_spectrum
leave_day_out_ekez004,0,250828,534,177,0.4971751412429379,0.4841383962206944,0.5985401459854015,0.33663366336633666,0.5172413793103449,"[[0.5694444444444444, 0.3194444444444444, 0.1111111111111111], [0.30303030303030304, 0.5151515151515151, 0.18181818181818182], [0.19444444444444445, 0.3888888888888889, 0.4166666666666667]]",highrate_dynamics
leave_day_out_ekez004,1,250829,498,168,0.7797619047619048,0.7561208267090619,0.8918918918918919,0.7,0.6764705882352942,"[[0.9166666666666666, 0.08333333333333333, 0.0], [0.15, 0.7, 0.15], [0.027777777777777776, 0.3333333333333333, 0.6388888888888888]]",highrate_dynamics
leave_day_out_ekez004,2,250911,471,159,0.49056603773584906,0.5903063063063063,0.918918918918919,0.352,0.5,"[[0.9444444444444444, 0.05555555555555555, 0.0], [0.028985507246376812, 0.3188405797101449, 0.6521739130434783], [0.0, 0.4583333333333333, 0.5416666666666666]]",highrate_dynamics
leave_day_out_ekez004,3,not_ekez004,486,296,0.6452702702702703,0.5641049088437837,0.7757009345794392,0.17699115044247787,0.7396226415094339,"[[0.9431818181818182, 0.011363636363636364, 0.045454545454545456], [0.546875, 0.15625, 0.296875], [0.05555555555555555, 0.2638888888888889, 0.6805555555555556]]",highrate_dynamics
leave_day_out_ekez004,0,250828,534,177,0.384180790960452,0.3800625123302604,0.5535714285714286,0.36879432624113473,0.21782178217821782,"[[0.4305555555555556, 0.3888888888888889, 0.18055555555555555], [0.06060606060606061, 0.7878787878787878, 0.15151515151515152], [0.09722222222222222, 0.75, 0.1527777777777778]]",torus_shape
leave_day_out_ekez004,1,250829,498,168,0.7440476190476191,0.71386897213476,0.8695652173913043,0.7086614173228346,0.5633802816901409,"[[0.8333333333333334, 0.1111111111111111, 0.05555555555555555], [0.06666666666666667, 0.75, 0.18333333333333332], [0.05555555555555555, 0.3888888888888889, 0.5555555555555556]]",torus_shape
leave_day_out_ekez004,2,250911,471,159,0.6792452830188679,0.7375982042648709,0.9090909090909091,0.6370370370370371,0.6666666666666666,"[[0.8333333333333334, 0.05555555555555555, 0.1111111111111111], [0.0, 0.6231884057971014, 0.37681159420289856], [0.0, 0.3055555555555556, 0.6944444444444444]]",torus_shape
leave_day_out_ekez004,3,not_ekez004,486,296,0.6486486486486487,0.5718883795915887,0.7878787878787878,0.19469026548672566,0.7330960854092526,"[[0.8863636363636364, 0.045454545454545456, 0.06818181818181818], [0.390625, 0.171875, 0.4375], [0.04861111111111111, 0.2361111111111111, 0.7152777777777778]]",torus_shape
leave_day_out_ekez004,0,250828,534,177,0.5649717514124294,0.5178609806269381,0.46808510638297873,0.38095238095238093,0.7045454545454546,"[[0.3055555555555556, 0.3472222222222222, 0.3472222222222222], [0.0, 0.48484848484848486, 0.5151515151515151], [0.0, 0.1388888888888889, 0.8611111111111112]]",spectrum_plus_torus
leave_day_out_ekez004,1,250829,498,168,0.8392857142857143,0.7992801771871539,0.9722222222222222,0.7906976744186046,0.6349206349206349,"[[0.9722222222222222, 0.027777777777777776, 0.0], [0.03333333333333333, 0.85, 0.11666666666666667], [0.0, 0.4444444444444444, 0.5555555555555556]]",spectrum_plus_torus
leave_day_out_ekez004,2,250911,471,159,0.779874213836478,0.7947065793655304,0.8387096774193549,0.782051282051282,0.7633587786259542,"[[0.7222222222222222, 0.2222222222222222, 0.05555555555555555], [0.0, 0.8840579710144928, 0.11594202898550725], [0.0, 0.3055555555555556, 0.6944444444444444]]",spectrum_plus_torus
leave_day_out_ekez004,3,not_ekez004,486,296,0.7027027027027027,0.6207252537398498,0.8019323671497585,0.2616822429906542,0.7985611510791367,"[[0.9431818181818182, 0.011363636363636364, 0.045454545454545456], [0.484375, 0.21875, 0.296875], [0.034722222222222224, 0.19444444444444445, 0.7708333333333334]]",spectrum_plus_torus
leave_day_out_ekez004,0,250828,534,177,0.559322033898305,0.49722728192673554,0.4,0.37037037037037035,0.7213114754098361,"[[0.25, 0.375, 0.375], [0.0, 0.45454545454545453, 0.5454545454545454], [0.0, 0.08333333333333333, 0.9166666666666666]]",all_features
leave_day_out_ekez004,1,250829,498,168,0.8333333333333334,0.808282786508593,0.9305555555555556,0.7846153846153846,0.7096774193548387,"[[0.9305555555555556, 0.06944444444444445, 0.0], [0.08333333333333333, 0.85, 0.06666666666666667], [0.0, 0.3888888888888889, 0.6111111111111112]]",all_features
leave_day_out_ekez004,2,250911,471,159,0.7484276729559748,0.7801951476793249,0.875,0.7468354430379747,0.71875,"[[0.7777777777777778, 0.2222222222222222, 0.0], [0.0, 0.855072463768116, 0.14492753623188406], [0.0, 0.3611111111111111, 0.6388888888888888]]",all_features
leave_day_out_ekez004,3,not_ekez004,486,296,0.6959459459459459,0.616080938526194,0.7980769230769231,0.2545454545454545,0.7956204379562044,"[[0.9431818181818182, 0.022727272727272728, 0.03409090909090909], [0.5, 0.21875, 0.28125], [0.034722222222222224, 0.20833333333333334, 0.7569444444444444]]",all_features
