mouse_ID,date,channel,phase,window_start_s,resid_torus_pc1,resid_torus_pc2
ekez003,250830,12,mobile,260.0,-1.4777492944143649,0.2768450644715775
ekez003,250830,12,mobile,262.0,-2.557920807924037,-1.6626057283464213
ekez003,250830,12,mobile,264.0,0.9696136871847433,0.4179132491697193
ekez003,250830,12,mobile,266.0,1.2656050237713525,0.3595984133876149
ekez003,250830,12,immobile,726.0,-2.836234669174868,-1.0342363568115682
ekez003,250830,12,immobile,728.0,1.0626315039277392,-2.7044492210404893
ekez003,250830,12,immobile,730.0,-3.185813308551422,1.0037708206127354
ekez003,250830,12,immobile,732.0,-2.9700299554565968,-1.579588563790675
ekez003,250830,12,immobile,734.0,-0.2538701712144911,-2.238939472882374
ekez003,250830,12,immobile,736.0,-1.1864815465701233,-2.412939186637102
ekez003,250830,12,sleep,2385.0,2.627547541066901,-1.8465117377678717
ekez003,250830,12,sleep,2397.0,-2.719043137520464,0.6298875304251353
ekez003,250830,12,sleep,2409.0,-0.5213728994294157,0.24176781804171962
ekez003,250830,12,sleep,2421.0,2.553251099433657,-0.3375474434150496
ekez003,250830,12,sleep,2433.0,2.2355200195407363,-1.4270285360730266
ekez003,250830,12,sleep,2445.0,1.5844696000683374,-0.9211762591770785
ekez003,250830,12,sleep,2459.0,2.186322414107071,-0.6765177659152798
ekez003,250830,12,sleep,2471.0,-2.455151826905664,0.7934623591708732
ekez003,250830,12,sleep,2483.0,-2.800217308775388,0.36261714501610487
ekez003,250830,12,sleep,2495.0,2.3724107098924336,-1.2946656167479615
ekez003,250830,12,sleep,2507.0,-0.3955454525986516,-0.29410365680179584
ekez003,250830,12,sleep,2519.0,-1.0222425189693654,-1.0739141409549
ekez003,250830,12,sleep,2531.0,-2.2933765279968577,1.4753212082672709
ekez003,250830,12,sleep,2543.0,-2.9162187565657125,0.009172211869202154
ekez003,250830,12,sleep,2555.0,2.2661195268837693,-0.7994901398570925
ekez003,250830,12,sleep,2567.0,2.2316285831371085,-0.962333767530026
ekez003,250830,12,sleep,2579.0,-2.7697816095771524,0.5364093936181865
ekez003,250830,12,sleep,2591.0,2.05578037528864,-2.067782681109195
ekez003,250830,12,sleep,2605.0,2.706739707589255,1.1907748088058847
ekez003,250830,12,sleep,2617.0,1.9812593497724882,-0.9060330303416767
ekez003,250830,12,sleep,2629.0,1.7007131615896585,1.4836830528576086
ekez003,250830,12,sleep,2641.0,2.6623590022199974,-0.2748512855511655
ekez003,250830,12,sleep,2653.0,-0.12999445531912004,0.05240198306854609
ekez003,250830,12,sleep,2665.0,-1.777823072646002,5.784277214553864
ekez003,250830,19,mobile,260.0,-2.1580943794938627,9.938231163400667
ekez003,250830,19,mobile,262.0,1.6889057498049385,0.9665117114237272
ekez003,250830,19,mobile,264.0,0.6226309891590107,0.5428561769712599
ekez003,250830,19,mobile,266.0,1.098000311880037,0.1713480358526144
ekez003,250830,19,immobile,726.0,-2.851109458367744,0.4317640792618534
ekez003,250830,19,immobile,728.0,2.64725212566503,-1.3768118164685483
ekez003,250830,19,immobile,730.0,-2.147368309730637,2.9286713595204725
ekez003,250830,19,immobile,732.0,-2.6212079301104954,-0.03745637032051761
ekez003,250830,19,immobile,734.0,1.5528355192647483,-2.0060634315358272
ekez003,250830,19,immobile,736.0,1.6867398864431515,-1.740701979020718
ekez003,250830,19,sleep,2385.0,2.5987550321503017,-0.3625082566297668
ekez003,250830,19,sleep,2397.0,-0.2096245192898121,-0.2990560872346472
ekez003,250830,19,sleep,2409.0,2.909161313634379,2.8458216534211216
ekez003,250830,19,sleep,2421.0,2.234591564806084,-0.7038244496530887
ekez003,250830,19,sleep,2433.0,2.348495353324905,-0.9996556472486079
ekez003,250830,19,sleep,2445.0,1.969374350474091,0.28211120175222226
ekez003,250830,19,sleep,2459.0,1.961951206971002,-0.6564748715219486
ekez003,250830,19,sleep,2471.0,-2.972230628943835,-1.2100594626416041
ekez003,250830,19,sleep,2483.0,-2.4232169339952923,-0.018438325419052545
ekez003,250830,19,sleep,2495.0,2.7865195875510134,0.4217585512753243
ekez003,250830,19,sleep,2507.0,-0.4341839537245189,-0.11690524200713762
ekez003,250830,19,sleep,2519.0,1.979700109461429,0.08146893849236299
ekez003,250830,19,sleep,2531.0,-2.5422468835353063,-0.1349399297794398
ekez003,250830,19,sleep,2543.0,-2.363801084633371,0.12970923681007587
ekez003,250830,19,sleep,2555.0,2.4707964760642853,-0.6722361124168055
ekez003,250830,19,sleep,2567.0,2.403279530889701,-0.9131764308251447
ekez003,250830,19,sleep,2579.0,-2.5542957422257992,-0.6220027133536312
ekez003,250830,19,sleep,2591.0,2.5722159638597093,-1.934180007900542
ekez003,250830,19,sleep,2605.0,2.9921219417259994,-0.1525640066371352
ekez003,250830,19,sleep,2617.0,1.9447168466852973,-1.4094695724101622
ekez003,250830,19,sleep,2629.0,1.8852334213737478,5.159292979184967
ekez003,250830,19,sleep,2641.0,1.459848080426242,-2.1033592503645417
ekez003,250830,19,sleep,2653.0,-1.0004241685274666,-1.4113103343999467
ekez003,250830,19,sleep,2665.0,1.5710706673866264,8.701165103115695
ekez003,250906,12,mobile,782.0,-0.015087616513118376,0.2512300609966105
ekez003,250906,12,mobile,784.0,1.411332217110679,0.9650767705908342
ekez003,250906,12,mobile,786.0,0.8289864150506406,1.0341147207309844
ekez003,250906,12,mobile,788.0,0.8152888269726258,1.1422839271499683
ekez003,250906,12,mobile,790.0,-3.9527794982034385,0.2634692154810563
ekez003,250906,12,mobile,792.0,0.4198679299953259,1.021804267834051
ekez003,250906,12,mobile,794.0,0.5286846617193539,0.4810572218970084
ekez003,250906,12,mobile,796.0,-3.499559525671376,-2.3038952065631855
ekez003,250906,12,mobile,798.0,1.3480969851635127,-0.12230163179025257
ekez003,250906,12,mobile,800.0,0.7453455838150601,0.8922535692672974
ekez003,250906,12,mobile,802.0,0.8457139190173435,0.7031365600701205
ekez003,250906,12,mobile,804.0,-1.869653566562729,0.5954643882900398
ekez003,250906,12,mobile,806.0,0.22952175318174836,0.725993897391371
ekez003,250906,12,mobile,808.0,2.2131861522104836,-2.428321045053143
ekez003,250906,12,mobile,810.0,1.0850751270228536,0.5725192636732784
ekez003,250906,12,mobile,812.0,-3.450388572640601,-1.868701430195794
ekez003,250906,12,mobile,814.0,-3.0140523135844783,1.7274652940590118
ekez003,250906,12,mobile,816.0,0.3996720590976349,0.36313865146649477
ekez003,250906,12,mobile,818.0,-1.6503412507638522,-1.0630836027805548
ekez003,250906,12,mobile,820.0,-0.6590014709335862,0.6071305922117589
ekez003,250906,12,sleep,1263.0,2.7079948694428686,0.05516907001563916
ekez003,250906,12,sleep,1281.0,1.6345897753436753,-3.7334204251965692
ekez003,250906,12,sleep,1301.0,-2.756508369969149,1.2922728763584757
ekez003,250906,12,sleep,1319.0,1.8767791909448186,-0.11939039664960925
ekez003,250906,12,sleep,1337.0,-3.4505446553500394,-1.5145545291079314
ekez003,250906,12,sleep,1357.0,-0.7877117527565907,-1.46316530277153
ekez003,250906,12,sleep,1375.0,-3.2590159618438315,-1.507274141673601
ekez003,250906,12,sleep,1393.0,-3.465280343627703,0.6028399394577
ekez003,250906,12,sleep,1411.0,2.460140006225406,1.6987997511507937
ekez003,250906,12,sleep,1431.0,-0.6731762690831214,-0.05177102479688835
ekez003,250906,12,sleep,1449.0,0.07422633259487142,-0.41936988764237765
ekez003,250906,12,sleep,1467.0,-0.5079441219112191,-0.03731274848809203
ekez003,250906,12,sleep,1487.0,-3.0636383155388405,-1.3215277674803836
ekez003,250906,12,sleep,1505.0,-2.9156012880576623,-1.4678864521198345
ekez003,250906,12,sleep,1523.0,0.3211361771623131,1.5916444026832754
ekez003,250906,12,sleep,1543.0,2.179250674307605,-0.3853171870680015
ekez003,250906,12,sleep,1561.0,1.7597838806400268,-1.092603907282365
ekez003,250906,12,sleep,1579.0,-2.7892443915022764,-0.17137038523006778
ekez003,250906,12,sleep,1597.0,-3.465929856472479,-0.8027736835159512
ekez003,250906,12,sleep,1617.0,-0.6975531170188638,-0.7016707367858922
ekez003,250906,12,sleep,1635.0,1.9499147924678693,-1.2058462044769533
ekez003,250906,12,sleep,1653.0,-0.8687245805997417,-2.8446051793106686
ekez003,250906,12,sleep,1673.0,2.981954111580398,1.7858601734691697
ekez003,250906,12,sleep,1691.0,-2.546207254561664,0.3028705978704208
ekez003,250906,12,immobile,2042.0,1.7730891345815551,-1.2902186167736112
ekez003,250906,12,immobile,2044.0,-0.28467359378100615,-0.09092071187024597
ekez003,250906,12,immobile,2046.0,2.396896430742407,-1.8271365637955213
ekez003,250906,12,immobile,2048.0,-0.7375729763865004,2.258146411543723
ekez003,250906,12,immobile,2050.0,-2.977471417555311,-0.6235036323848427
ekez003,250906,12,immobile,2052.0,-2.709450474514163,0.5835980642548707
ekez003,250906,12,immobile,2054.0,-3.0288751746462492,-1.8652865729929349
ekez003,250906,12,immobile,2056.0,2.803415151222816,-0.9894537110574888
ekez003,250906,12,immobile,2058.0,-0.049627725609391896,-1.7319408157431264
ekez003,250906,19,mobile,782.0,0.4050633189497793,0.7696183762311195
ekez003,250906,19,mobile,784.0,1.6619214539996217,0.9010962205428864
ekez003,250906,19,mobile,786.0,1.1703957424803948,1.1393157677425167
ekez003,250906,19,mobile,788.0,1.0558451096214536,1.2656480064026054
ekez003,250906,19,mobile,790.0,1.225288500192892,1.0336909470764537
ekez003,250906,19,mobile,792.0,0.6483714477850152,1.219238829167508
ekez003,250906,19,mobile,794.0,0.34172855953379144,0.33468655844522494
ekez003,250906,19,mobile,796.0,1.9778261228536074,1.1203329796964743
ekez003,250906,19,mobile,798.0,1.7831001122621095,1.7139092915174656
ekez003,250906,19,mobile,800.0,0.8670621971671111,1.000968648254214
ekez003,250906,19,mobile,802.0,-3.022475498548595,14.845346653486075
ekez003,250906,19,mobile,804.0,-1.9949580659715418,-0.16088043951100464
ekez003,250906,19,mobile,806.0,0.2485151845278268,1.0175020456910882
ekez003,250906,19,mobile,808.0,1.9285086217022744,0.8874349007019284
ekez003,250906,19,mobile,810.0,-3.2059154073564318,-1.41371127797839
ekez003,250906,19,mobile,812.0,-2.6303186907280223,-2.471695632332182
ekez003,250906,19,mobile,814.0,2.0112360042316353,1.2589870510336358
ekez003,250906,19,mobile,816.0,-0.32186792660964814,-0.007592573858929595
ekez003,250906,19,mobile,818.0,-2.3821456987207017,0.3117482236078269
ekez003,250906,19,mobile,820.0,-0.8771353206722076,0.5023666378028416
ekez003,250906,19,sleep,1263.0,2.2610314871786863,-0.5383538192859683
ekez003,250906,19,sleep,1281.0,2.0681832289576887,-1.5646144459628846
ekez003,250906,19,sleep,1301.0,-3.3733801792685476,-1.2524032556647886
ekez003,250906,19,sleep,1319.0,2.037053884281249,0.11245188921201842
ekez003,250906,19,sleep,1337.0,-1.1622043362403571,-1.588413034975052
ekez003,250906,19,sleep,1357.0,-0.7116851123315281,-1.1215265373620014
ekez003,250906,19,sleep,1375.0,-3.54026070788813,-2.2739579715000153
ekez003,250906,19,sleep,1393.0,-3.1416377554650374,-0.026528892064365425
ekez003,250906,19,sleep,1411.0,-0.6100261433471301,1.1196631100847834
ekez003,250906,19,sleep,1431.0,-0.3811567680265047,-0.27185071058909055
ekez003,250906,19,sleep,1449.0,-0.2650897658332429,0.09291331688253023
ekez003,250906,19,sleep,1467.0,-2.766329747176033,-1.037970390682172
ekez003,250906,19,sleep,1487.0,1.9487080709117022,-2.615671127452741
ekez003,250906,19,sleep,1505.0,-0.3563804752403582,-2.0810182383707034
ekez003,250906,19,sleep,1523.0,0.1723612391636542,1.5888258766360113
ekez003,250906,19,sleep,1543.0,2.2282674101423665,1.9645793568268253
ekez003,250906,19,sleep,1561.0,1.5128354584466603,-1.3923138960622543
ekez003,250906,19,sleep,1579.0,-2.8812352170014917,-0.49529524762126975
ekez003,250906,19,sleep,1597.0,-3.2966260066008077,0.8562862918680778
ekez003,250906,19,sleep,1617.0,-0.990980035972497,-1.57633779471375
ekez003,250906,19,sleep,1635.0,1.7221659253919375,-2.4325609057417483
ekez003,250906,19,sleep,1653.0,-1.8374589949896878,-2.387015290288369
ekez003,250906,19,sleep,1673.0,-1.943292204251362,2.2881938014088505
ekez003,250906,19,sleep,1691.0,-3.032453177640285,-1.170850395744445
ekez003,250906,19,immobile,2042.0,1.7604700247777392,-1.152433041815764
ekez003,250906,19,immobile,2044.0,-0.48137787729077863,0.03977446226037802
ekez003,250906,19,immobile,2046.0,2.4244736198179457,-1.2875761860570871
ekez003,250906,19,immobile,2048.0,2.0154297843186377,0.19058787501268526
ekez003,250906,19,immobile,2050.0,-2.8068074243195253,0.7176420956070847
ekez003,250906,19,immobile,2052.0,-2.6423574945983646,1.133103757403789
ekez003,250906,19,immobile,2054.0,-3.2049394137148943,-1.5759339604639406
ekez003,250906,19,immobile,2056.0,2.8946002899470717,0.5631979357111103
ekez003,250906,19,immobile,2058.0,-0.12704753044684752,-1.465582890643366
ekez003,250909,12,mobile,128.0,-1.8556618249917067,-3.1566086461302243
ekez003,250909,12,mobile,130.0,2.3210086641726027,-2.340559850113642
ekez003,250909,12,mobile,132.0,3.226342819682179,-0.33193107262811483
ekez003,250909,12,mobile,134.0,2.8734279575278197,0.8561921504891846
ekez003,250909,12,mobile,136.0,1.3145775677624514,-3.156451327957452
ekez003,250909,12,mobile,138.0,-2.9459058733427335,-2.859212527712403
ekez003,250909,12,mobile,140.0,2.821450702089414,-2.825718728590139
ekez003,250909,12,mobile,142.0,1.9450627498745345,1.4886479415208562
ekez003,250909,12,mobile,144.0,-2.6292694798333516,-2.504234434143721
ekez003,250909,12,mobile,146.0,2.0458029597303478,-1.7438252341104838
ekez003,250909,12,mobile,148.0,-2.4150181101036243,-1.3422456298371948
ekez003,250909,12,mobile,150.0,-0.09387213535953874,-1.89515982403588
ekez003,250909,12,mobile,152.0,2.7800589081851426,1.1219652633533328
ekez003,250909,12,mobile,154.0,-2.871216647468855,-2.8494873815192254
ekez003,250909,12,mobile,156.0,-2.4600053828725095,-2.028230627897063
ekez003,250909,12,mobile,158.0,-1.8816963295093043,-1.2491590743355125
ekez003,250909,12,mobile,160.0,-0.5993222772174843,-0.5157362267133774
ekez003,250909,12,mobile,162.0,2.6876561942108026,1.1995497569829732
ekez003,250909,12,mobile,164.0,-3.3826721226183456,-1.1240474697141298
ekez003,250909,12,mobile,166.0,3.18294880372169,-2.4489810809473473
ekez003,250909,12,immobile,782.0,-2.086337959256666,0.6575000174790606
ekez003,250909,12,immobile,784.0,-1.4177335604012105,3.8726737791318953
ekez003,250909,12,immobile,786.0,2.6363167047727196,0.16207827780787848
ekez003,250909,12,immobile,788.0,2.161926151088228,-1.3327660698102965
ekez003,250909,12,immobile,790.0,3.029042484075989,1.0325638056148236
ekez003,250909,12,immobile,792.0,2.93143183075993,1.634028017876783
ekez003,250909,12,immobile,794.0,-2.6914963141628077,1.7127850723027842
ekez003,250909,12,immobile,796.0,-2.3700362711739458,-0.48295793955896593
ekez003,250909,12,immobile,798.0,0.19704707983607542,-0.3388790773437299
ekez003,250909,12,immobile,800.0,2.122721134373145,1.5690791042920487
ekez003,250909,12,immobile,802.0,-0.14276385930389177,-0.81782872777482
ekez003,250909,12,immobile,804.0,0.06068464009807339,0.7827946876470093
ekez003,250909,12,immobile,806.0,-0.49336791919186085,4.6549094511611875
ekez003,250909,12,immobile,808.0,-2.31442547189042,1.8448090549345144
ekez003,250909,12,immobile,810.0,-0.5960412547437972,1.8013248538080975
ekez003,250909,12,immobile,812.0,1.9933429471501125,-1.4569654005151798
ekez003,250909,12,immobile,814.0,1.7572062666226063,-0.5045520378972417
ekez003,250909,12,sleep,2116.0,1.7761258927108345,-1.0629857613065843
ekez003,250909,12,sleep,2130.0,-2.90438912079174,0.7207958382350922
ekez003,250909,12,sleep,2142.0,-0.6353443735962424,-3.272626339900217
ekez003,250909,12,sleep,2156.0,2.692809883237203,-0.5254500702658681
ekez003,250909,12,sleep,2170.0,2.451573765545854,-1.3571315347814512
ekez003,250909,12,sleep,2182.0,-2.5133040234694755,0.39455698761285724
ekez003,250909,12,sleep,2196.0,-2.4328173970838356,1.134676400101366
ekez003,250909,12,sleep,2210.0,-2.779215677539525,-1.454231834299438
ekez003,250909,12,sleep,2224.0,-0.292789974382504,-2.483438643458321
ekez003,250909,12,sleep,2236.0,2.2013794959265023,-2.07660147352726
ekez003,250909,12,sleep,2250.0,-0.2135705831003691,-0.5937194643116541
ekez003,250909,12,sleep,2264.0,-3.041678961694646,0.16543727694827282
ekez003,250909,12,sleep,2276.0,-2.1342573356463403,0.3365607808560288
ekez003,250909,12,sleep,2290.0,-2.185592993883202,-0.1048536211440342
ekez003,250909,12,sleep,2304.0,-2.9171878348938547,0.955054056882383
ekez003,250909,12,sleep,2316.0,-2.490861906824487,0.5994644270877716
ekez003,250909,12,sleep,2330.0,-2.6267687849271715,-1.6725228766964548
ekez003,250909,12,sleep,2344.0,1.7279855014348122,3.8145904129359463
ekez003,250909,12,sleep,2358.0,-2.192827409443338,0.3585889022285399
ekez003,250909,12,sleep,2370.0,-2.768843309416944,1.4510595850540218
ekez003,250909,12,sleep,2384.0,-2.887742889046905,1.0776255907138352
ekez003,250909,12,sleep,2398.0,2.1164004090535258,-2.022783843506503
ekez003,250909,12,sleep,2410.0,2.331565079780351,-0.9234838601418837
ekez003,250909,12,sleep,2424.0,2.6727310226090952,0.5455218933462603
ekez003,250909,19,mobile,128.0,0.8839875679329023,0.6946667094422084
ekez003,250909,19,mobile,130.0,1.776380241826816,-0.6488259397822932
ekez003,250909,19,mobile,132.0,2.1934140581138704,3.891385923074172
ekez003,250909,19,mobile,134.0,2.3424053916645398,1.213041335509018
ekez003,250909,19,mobile,136.0,1.993895382506672,-1.5583626150798577
ekez003,250909,19,mobile,138.0,1.424209583143293,1.1333001466515549
ekez003,250909,19,mobile,140.0,2.477318967968757,1.1137049799253433
ekez003,250909,19,mobile,142.0,-0.7309092472534163,-1.6169014179471295
ekez003,250909,19,mobile,144.0,-1.9696998771649181,-1.6753393205486475
ekez003,250909,19,mobile,146.0,3.1568185981931207,-0.8131918377518744
ekez003,250909,19,mobile,148.0,1.7589284455790077,1.5114999554808726
ekez003,250909,19,mobile,150.0,2.1325628451122083,1.2465401552470121
ekez003,250909,19,mobile,152.0,2.492015705512667,1.3537617202617278
ekez003,250909,19,mobile,154.0,1.6514208230673422,1.0204066938085778
ekez003,250909,19,mobile,156.0,-2.375349695149805,0.21267654139206632
ekez003,250909,19,mobile,158.0,2.684497394803072,1.370663038065363
ekez003,250909,19,mobile,160.0,2.79119858866122,1.4012277101852684
ekez003,250909,19,mobile,162.0,-2.613897292385022,-3.436722944331286
ekez003,250909,19,mobile,164.0,-2.933582256825225,0.18406870056416696
ekez003,250909,19,mobile,166.0,2.6746134298368074,-2.315144079028217
ekez003,250909,19,immobile,782.0,0.10993025495166897,0.5978557839418136
ekez003,250909,19,immobile,784.0,-2.032621457957541,2.7904147007589226
ekez003,250909,19,immobile,786.0,-2.8639856677641107,-0.8192082972794711
ekez003,250909,19,immobile,788.0,1.8117545423288208,1.0300437951536954
ekez003,250909,19,immobile,790.0,2.0386870560526305,0.008128725606771477
ekez003,250909,19,immobile,792.0,2.67800273532015,-0.5104718139338127
ekez003,250909,19,immobile,794.0,-2.774287427894736,3.093065718785927
ekez003,250909,19,immobile,796.0,2.484799127612985,-1.363748728747221
ekez003,250909,19,immobile,798.0,0.3242453792536718,2.214762102017943
ekez003,250909,19,immobile,800.0,2.0828879670793583,-0.3189713856529564
ekez003,250909,19,immobile,802.0,-0.08180059449683608,-0.4855479487591782
ekez003,250909,19,immobile,804.0,2.9743762051223035,1.6379565841432373
ekez003,250909,19,immobile,806.0,-0.48876368289705857,4.045774362861146
ekez003,250909,19,immobile,808.0,-2.8479601249213995,-0.03605675667114134
ekez003,250909,19,immobile,810.0,1.5284711272419038,1.4897478831260085
ekez003,250909,19,immobile,812.0,1.2716044442030014,-0.3026110398911645
ekez003,250909,19,immobile,814.0,1.2211535705241943,0.9179938528943155
ekez003,250909,19,sleep,2116.0,2.038333882102155,-0.7128709311261835
ekez003,250909,19,sleep,2130.0,-2.4835555376994094,3.016332469652369
ekez003,250909,19,sleep,2142.0,0.6518414522310281,0.6837256960026445
ekez003,250909,19,sleep,2156.0,2.6668498833146765,-1.5371018141842
ekez003,250909,19,sleep,2170.0,-1.7693347022578465,0.7791268951700023
ekez003,250909,19,sleep,2182.0,-2.6113072332721794,1.0544836691012824
ekez003,250909,19,sleep,2196.0,2.6969448187694485,-0.1616357564190731
ekez003,250909,19,sleep,2210.0,-2.200038526900689,-0.23846536033500834
ekez003,250909,19,sleep,2224.0,0.3022917681183422,-0.2524367217790282
ekez003,250909,19,sleep,2236.0,2.4817897009221492,-1.116185062537221
ekez003,250909,19,sleep,2250.0,-2.259000666673239,0.09378592130466575
ekez003,250909,19,sleep,2264.0,-2.916226051815082,0.9799426778264672
ekez003,250909,19,sleep,2276.0,-2.014795158016465,1.8840561100546616
ekez003,250909,19,sleep,2290.0,-2.1118062632789503,-0.4565438487619318
ekez003,250909,19,sleep,2304.0,-2.6637783424467587,1.7153763125449852
ekez003,250909,19,sleep,2316.0,0.16363943420530508,0.2977054439601899
ekez003,250909,19,sleep,2330.0,-2.590324551080568,-1.7237380497382055
ekez003,250909,19,sleep,2344.0,1.3521163493789503,3.8003049849602233
ekez003,250909,19,sleep,2358.0,-2.2462731397691367,0.8933937774173577
ekez003,250909,19,sleep,2370.0,-2.4070649219745515,3.2286568972387912
ekez003,250909,19,sleep,2384.0,-2.8495670157983826,1.600262433613224
ekez003,250909,19,sleep,2398.0,2.9043496083722906,-0.23834449734929858
ekez003,250909,19,sleep,2410.0,3.093636818459986,1.3841766467728012
ekez003,250909,19,sleep,2424.0,2.5006418441359792,-0.3602167666471654
ekez004,250828,12,mobile,482.0,-2.754162307001744,0.9315628927115613
ekez004,250828,12,mobile,558.0,2.361637785615459,-0.47876724266195747
ekez004,250828,12,mobile,636.0,1.3435835818952786,0.9425119177813686
ekez004,250828,12,mobile,712.0,2.257737319166554,0.4381890672226299
ekez004,250828,12,immobile,773.0,2.8776938879479537,0.12095659618896455
ekez004,250828,12,immobile,775.0,3.224876938969456,1.0061935305345202
ekez004,250828,12,immobile,777.0,-2.2917123920747247,2.7502693229529696
ekez004,250828,12,immobile,779.0,2.1263888800262185,-2.336012936025243
ekez004,250828,12,immobile,781.0,2.879365773944532,-2.196907910030015
ekez004,250828,12,immobile,783.0,2.609003780937108,0.3295721759288311
ekez004,250828,12,immobile,785.0,0.029712772868601675,-0.9468428147071448
ekez004,250828,12,immobile,787.0,2.7422576945802017,-1.68266203858133
ekez004,250828,12,immobile,789.0,-2.727493144547091,-1.2296859599849763
ekez004,250828,12,immobile,791.0,-2.012618430310624,-0.02904522278939836
ekez004,250828,12,immobile,793.0,2.967764232726033,1.2810591238967592
ekez004,250828,12,mobile,820.0,-0.6489784462563722,-0.8143432405503683
ekez004,250828,12,mobile,898.0,0.38709550863285036,-0.2129452005747255
ekez004,250828,12,mobile,974.0,1.657245496766441,-1.331052631078307
ekez004,250828,12,mobile,1050.0,-2.787735212528066,0.6479692713968092
ekez004,250828,12,mobile,1126.0,-2.942139145201227,0.4617920209610452
ekez004,250828,12,mobile,1204.0,2.051014568012048,-2.025949842655198
ekez004,250828,12,mobile,1280.0,-1.3613442976926096,-1.1940279671566874
ekez004,250828,12,mobile,1356.0,0.5028367730231036,0.2865493764186271
ekez004,250828,12,mobile,1434.0,1.1020760420285303,-3.4426040538327194
ekez004,250828,12,mobile,1510.0,-0.9207465231726304,-0.4248538873203582
ekez004,250828,12,mobile,1586.0,2.6340246732885726,1.0055391615651168
ekez004,250828,12,mobile,1664.0,1.0787130034033499,2.1952852830031873
ekez004,250828,12,mobile,1740.0,2.339543677615864,3.361067777938567
ekez004,250828,12,mobile,1816.0,-2.3114002371042837,0.4475046413409792
ekez004,250828,12,mobile,1892.0,-0.7326753923768872,0.1900493224835632
ekez004,250828,12,mobile,1970.0,-2.934050595467055,-0.6680650341322077
ekez004,250828,12,mobile,2046.0,2.357260605955057,1.0527260335575686
ekez004,250828,12,mobile,2122.0,-2.2280353944986215,0.6693603540013133
ekez004,250828,12,mobile,2200.0,0.16993813935950733,0.17705747978865802
ekez004,250828,12,mobile,2276.0,1.5753189369214455,-0.3566750043653005
ekez004,250828,12,sleep,2282.0,1.5109396515741302,-0.41107075398606346
ekez004,250828,12,sleep,2294.0,0.30322059818584346,-0.20783520785045465
ekez004,250828,12,sleep,2306.0,-2.977945146089586,-0.9209639495220758
ekez004,250828,12,sleep,2318.0,0.14417042520134893,-0.21411555870242013
ekez004,250828,12,sleep,2332.0,-2.790055458062177,-0.035649483856147864
ekez004,250828,12,sleep,2344.0,2.6321764919392825,-1.2836549255523462
ekez004,250828,12,sleep,2356.0,-0.6045750963035975,-1.2196788985139797
ekez004,250828,12,sleep,2368.0,2.9992290966544717,-0.2493240859381816
ekez004,250828,12,sleep,2380.0,-2.321263449553301,0.838196668940885
ekez004,250828,12,sleep,2392.0,2.9271594195421877,1.5713817201119025
ekez004,250828,12,sleep,2404.0,1.6736700225211119,-1.3352661912798602
ekez004,250828,12,sleep,2416.0,3.097172486023039,0.5615446907487511
ekez004,250828,12,sleep,2430.0,1.6933549339516616,-0.2834426039419029
ekez004,250828,12,sleep,2442.0,-0.9732828883957647,0.2669764340529419
ekez004,250828,12,sleep,2454.0,3.204046373963769,1.8406358080136844
ekez004,250828,12,sleep,2466.0,-0.7849282705856238,0.10784317612616404
ekez004,250828,12,sleep,2478.0,2.6498930828360705,-0.26480789166141827
ekez004,250828,12,sleep,2490.0,0.5367723379965111,0.04588873107531632
ekez004,250828,12,sleep,2502.0,-0.45053611408870087,-0.26617692762848794
ekez004,250828,12,sleep,2514.0,-1.2018388619761622,0.15883656909072977
ekez004,250828,12,sleep,2528.0,2.6665355835071556,1.2091643983459708
ekez004,250828,12,sleep,2540.0,2.6631894720754135,0.34114330979575874
ekez004,250828,12,sleep,2552.0,2.774635866486332,-1.5760220538399345
ekez004,250828,12,sleep,2564.0,-3.008528044336581,0.20429007869019244
ekez004,250828,18,mobile,482.0,-3.22269865685007,0.011454349773581386
ekez004,250828,18,mobile,558.0,1.6838099832983584,-1.0117680720118711
ekez004,250828,18,mobile,636.0,1.3064951755590322,0.7325330260484049
ekez004,250828,18,mobile,712.0,1.8031944343377726,-0.16309487030387704
ekez004,250828,18,immobile,773.0,2.197888424779936,-1.8199853930227259
ekez004,250828,18,immobile,775.0,2.480720682865356,0.20228729574121923
ekez004,250828,18,immobile,777.0,-0.3652579170382472,1.7491366739686902
ekez004,250828,18,immobile,779.0,1.8272005635816044,-1.9302508092401263
ekez004,250828,18,immobile,781.0,2.5078213342716205,-1.9116190330045415
ekez004,250828,18,immobile,783.0,1.8347703025809416,0.2378285179420151
ekez004,250828,18,immobile,785.0,-0.18751727572773427,0.6087455921974796
ekez004,250828,18,immobile,787.0,2.070836295758529,-1.101503797866128
ekez004,250828,18,immobile,789.0,-3.092446919310161,-0.7768871955725527
ekez004,250828,18,immobile,791.0,-2.637205637667686,-0.5676311343478562
ekez004,250828,18,immobile,793.0,-2.662716163082976,0.464166378715895
ekez004,250828,18,mobile,820.0,-0.15938598334434853,-0.4659907185693064
ekez004,250828,18,mobile,898.0,1.0290808992652045,0.028966851949689308
ekez004,250828,18,mobile,974.0,-0.49157265010024026,-0.8979703629582658
ekez004,250828,18,mobile,1050.0,-3.026282517450147,-1.2214407103978957
ekez004,250828,18,mobile,1126.0,-3.912261608869266,-0.8726933791201906
ekez004,250828,18,mobile,1204.0,2.1133296899880243,-1.4906748981615752
ekez004,250828,18,mobile,1280.0,-3.3588110448808832,-1.2884148886110647
ekez004,250828,18,mobile,1356.0,1.0066306481729774,-1.2752386253310606
ekez004,250828,18,mobile,1434.0,-0.950544105440297,-2.5836673875987994
ekez004,250828,18,mobile,1510.0,-1.3374308912480335,-0.7553090893016441
ekez004,250828,18,mobile,1586.0,2.361023442445549,0.6549373604113545
ekez004,250828,18,mobile,1664.0,-0.5979653222644458,3.3935611797819507
ekez004,250828,18,mobile,1740.0,-1.751697211871465,2.2924602048553497
ekez004,250828,18,mobile,1816.0,-2.614090977867269,0.6076869357933755
ekez004,250828,18,mobile,1892.0,1.6874601468691477,0.09649501546795658
ekez004,250828,18,mobile,1970.0,-3.273821843722624,-1.136531138304361
ekez004,250828,18,mobile,2046.0,-2.579227212131569,2.1909631458055525
ekez004,250828,18,mobile,2122.0,-3.107486336176835,-0.8092644697186365
ekez004,250828,18,mobile,2200.0,-2.4068278298471903,0.6041511076464471
ekez004,250828,18,mobile,2276.0,0.8196036869955794,-0.9918564248052371
ekez004,250828,18,sleep,2282.0,1.5981820822326216,-1.1223207480461495
ekez004,250828,18,sleep,2294.0,-2.6296717251595947,0.04716729378369539
ekez004,250828,18,sleep,2306.0,-2.8726431381462136,-1.1621674108210263
ekez004,250828,18,sleep,2318.0,-2.576439444542985,0.22312441642946043
ekez004,250828,18,sleep,2332.0,-3.4013757347273987,-0.5942933614848107
ekez004,250828,18,sleep,2344.0,1.8488386603433553,-2.5081442501320694
ekez004,250828,18,sleep,2356.0,-3.051543525137503,-0.622211371509935
ekez004,250828,18,sleep,2368.0,2.5162124964881762,-2.125628285501866
ekez004,250828,18,sleep,2380.0,-0.8359782477983905,-1.6251197737611043
ekez004,250828,18,sleep,2392.0,2.1048529777306753,0.3039151575705086
ekez004,250828,18,sleep,2404.0,0.8224437300304159,-2.403785957429183
ekez004,250828,18,sleep,2416.0,2.4126250493387826,-0.6853653146773642
ekez004,250828,18,sleep,2430.0,1.1126721484852353,-1.894677052958794
ekez004,250828,18,sleep,2442.0,1.3924202709338132,-1.324687630407296
ekez004,250828,18,sleep,2454.0,1.9998656442776848,-1.180931433712399
ekez004,250828,18,sleep,2466.0,-1.020373596290058,-0.1108700253169722
ekez004,250828,18,sleep,2478.0,-0.3232472389003954,-1.411883469430865
ekez004,250828,18,sleep,2490.0,2.541285907395719,0.005417767269326978
ekez004,250828,18,sleep,2502.0,-3.0371465740880543,0.7190646671194338
ekez004,250828,18,sleep,2514.0,-1.4972359170499958,-0.9756390206095336
ekez004,250828,18,sleep,2528.0,1.864843744428103,-0.8154267936897129
ekez004,250828,18,sleep,2540.0,-0.5395286842570481,-1.5331952418865953
ekez004,250828,18,sleep,2552.0,-2.799297707108043,-1.3566334272011995
ekez004,250828,18,sleep,2564.0,-4.437885164157373,-2.0593554952463524
ekez004,250828,19,mobile,482.0,-3.513851965400023,0.12045495183516841
ekez004,250828,19,mobile,558.0,1.0704764325342162,-1.0036781818016778
ekez004,250828,19,mobile,636.0,-3.9695019565945566,-0.5410900412904803
ekez004,250828,19,mobile,712.0,1.6219949306215322,-0.890416941358235
ekez004,250828,19,immobile,773.0,1.969726610231416,-1.636564325601725
ekez004,250828,19,immobile,775.0,2.5629456681827127,1.2970943292047261
ekez004,250828,19,immobile,777.0,-0.5855938215536304,1.054640831521506
ekez004,250828,19,immobile,779.0,1.5766517821195702,-2.2238712816260873
ekez004,250828,19,immobile,781.0,2.566652989686024,-2.0622318259261494
ekez004,250828,19,immobile,783.0,1.6083989386866226,-0.19212279692033987
ekez004,250828,19,immobile,785.0,0.06464461352308644,0.1413488112201183
ekez004,250828,19,immobile,787.0,2.4993813791546255,-1.627623718254478
ekez004,250828,19,immobile,789.0,-3.118054525044067,-1.6655549188597838
ekez004,250828,19,immobile,791.0,-2.476858268443621,-0.3597945292861854
ekez004,250828,19,immobile,793.0,-2.2232096899641345,0.6426155188663509
ekez004,250828,19,mobile,820.0,-0.27392427089584304,-0.626111997529462
ekez004,250828,19,mobile,898.0,0.9633295797751474,0.96144503629113
ekez004,250828,19,mobile,974.0,-1.3660046545109923,-1.2873339134818198
ekez004,250828,19,mobile,1050.0,-3.066889812605004,-0.14556980781407705
ekez004,250828,19,mobile,1126.0,-4.4752482606462305,-2.7343744554513076
ekez004,250828,19,mobile,1204.0,2.4431626479242476,-0.7525182636809458
ekez004,250828,19,mobile,1280.0,-4.026482953788738,-1.7450382676445275
ekez004,250828,19,mobile,1356.0,0.35386111539146553,0.4155401491189675
ekez004,250828,19,mobile,1434.0,1.7249840421594433,0.8370089929331982
ekez004,250828,19,mobile,1510.0,-1.1076013404388318,-0.576756808475445
ekez004,250828,19,mobile,1586.0,2.3323906047447265,-1.1797563232357389
ekez004,250828,19,mobile,1664.0,-0.7749158204927009,1.0943819218465685
ekez004,250828,19,mobile,1740.0,-2.1108714066204115,0.5762854018494311
ekez004,250828,19,mobile,1816.0,-2.456376153463763,0.39437748624175717
ekez004,250828,19,mobile,1892.0,-0.8112496597367196,-0.8017388299469372
ekez004,250828,19,mobile,1970.0,-2.910993306119077,-0.7901738980871745
ekez004,250828,19,mobile,2046.0,2.594566924724631,2.3292663061219137
ekez004,250828,19,mobile,2122.0,-2.8436659317694835,-0.9575996394011324
ekez004,250828,19,mobile,2200.0,-2.3615760118296767,0.017261581903349185
ekez004,250828,19,mobile,2276.0,-0.13266785228050815,-1.235625871574481
ekez004,250828,19,sleep,2282.0,1.6778752555528735,-1.161989020861268
ekez004,250828,19,sleep,2294.0,-2.4250541835986406,-0.11848155522571996
ekez004,250828,19,sleep,2306.0,-2.7206456130060594,-0.7609755037798037
ekez004,250828,19,sleep,2318.0,0.06645381517617407,0.0706098882484223
ekez004,250828,19,sleep,2332.0,-3.0586671990208627,-0.522727413768936
ekez004,250828,19,sleep,2344.0,2.2746710715298604,-2.247306473225612
ekez004,250828,19,sleep,2356.0,-0.7039887821185253,-1.1209393968690344
ekez004,250828,19,sleep,2368.0,2.7452351678852853,-1.7427156689341439
ekez004,250828,19,sleep,2380.0,-0.3933599877034259,-0.49861136012653906
ekez004,250828,19,sleep,2392.0,2.4702508214966743,0.6597011029347422
ekez004,250828,19,sleep,2404.0,-1.3953270624268703,-1.7058027111319078
ekez004,250828,19,sleep,2416.0,2.530262761165784,-0.4899344144132438
ekez004,250828,19,sleep,2430.0,1.400433672657035,-1.4090917077840088
ekez004,250828,19,sleep,2442.0,1.518577483052613,-0.9971890950237727
ekez004,250828,19,sleep,2454.0,2.3960763265327523,-0.8866364710815324
ekez004,250828,19,sleep,2466.0,-0.7788879186084551,0.34788352413926615
ekez004,250828,19,sleep,2478.0,2.4985409911307674,-1.0761481179592272
ekez004,250828,19,sleep,2490.0,2.6494450311123994,-0.17081368588119522
ekez004,250828,19,sleep,2502.0,-2.88258139808312,0.4056958579093837
ekez004,250828,19,sleep,2514.0,-3.4652839916144083,0.053797597110676415
ekez004,250828,19,sleep,2528.0,1.9840686106900212,-0.5776392460089692
ekez004,250828,19,sleep,2540.0,-0.3003695006889266,-1.2674929199344342
ekez004,250828,19,sleep,2552.0,-2.6019552454523773,-1.4663475466407478
ekez004,250828,19,sleep,2564.0,-3.8526123225180116,-0.7544749915034688
ekez004,250829,12,mobile,262.0,-0.06523317030471314,0.7524444070662222
ekez004,250829,12,mobile,264.0,-2.79522089574032,0.9789624646957618
ekez004,250829,12,mobile,266.0,0.7492160402548439,0.9485086880368674
ekez004,250829,12,mobile,270.0,1.7505813880374492,0.9541517960958456
ekez004,250829,12,mobile,272.0,1.7980850100210144,-2.6884257704675965
ekez004,250829,12,mobile,274.0,-0.1953045729929917,0.5134898751560614
ekez004,250829,12,mobile,276.0,0.9345562018859981,0.39180573648331407
ekez004,250829,12,mobile,280.0,-3.937466797323304,-2.540398670700016
ekez004,250829,12,mobile,282.0,0.4533472656565737,0.5706550975625228
ekez004,250829,12,mobile,284.0,-1.9040237263908193,-0.4057124860959236
ekez004,250829,12,mobile,286.0,1.5648920455836617,-2.176871722564417
ekez004,250829,12,mobile,288.0,1.2332213660155702,-0.10518312146390077
ekez004,250829,12,mobile,292.0,0.704982634972631,0.6059123705680506
ekez004,250829,12,mobile,294.0,1.246717142588749,0.946199441863582
ekez004,250829,12,mobile,296.0,-0.0747848965141762,0.7892556841553753
ekez004,250829,12,mobile,298.0,1.3744635699525696,-2.4192411763869184
ekez004,250829,12,mobile,300.0,0.6371481686331679,0.6921239182892115
ekez004,250829,12,mobile,304.0,-1.0338555346342466,-0.47404617998991605
ekez004,250829,12,mobile,306.0,0.9022486135234917,-1.6873010756657676
ekez004,250829,12,mobile,308.0,1.030750198505927,0.6040181636205473
ekez004,250829,12,mobile,310.0,-0.362076686188225,0.26014957914294357
ekez004,250829,12,mobile,314.0,0.4243651833722796,0.4016525224760706
ekez004,250829,12,mobile,316.0,0.6297994410558213,0.9940007225880843
ekez004,250829,12,mobile,318.0,0.716413253959975,0.8013205665650096
ekez004,250829,12,immobile,462.0,2.514605416695269,-1.6157364758836807
ekez004,250829,12,immobile,464.0,-0.8963583484296187,-0.3811184744012966
ekez004,250829,12,immobile,466.0,2.242903236372673,-1.4567758307765495
ekez004,250829,12,immobile,468.0,1.630008582724295,-1.025210719576982
ekez004,250829,12,immobile,470.0,1.7324820712117497,-0.7504424235097626
ekez004,250829,12,immobile,472.0,-3.5566892702161095,-1.4901540754539093
ekez004,250829,12,immobile,474.0,-0.9577982308814394,0.12169747419880696
ekez004,250829,12,immobile,476.0,-0.3706512624764832,0.999137807531526
ekez004,250829,12,immobile,478.0,2.847488478830639,-0.45062213199944834
ekez004,250829,12,immobile,480.0,-2.257116216909651,-0.27078799163093503
ekez004,250829,12,immobile,482.0,2.4844027664523085,-0.2998863152386225
ekez004,250829,12,immobile,484.0,2.608892632015909,-1.7928009010755537
ekez004,250829,12,immobile,486.0,-2.6830632669787238,0.08330548136374279
ekez004,250829,12,immobile,488.0,-0.03366368843881718,-1.046764526300733
ekez004,250829,12,immobile,490.0,2.7883409110466535,0.6364925805502132
ekez004,250829,12,immobile,492.0,-2.8271032881847042,1.5029775442202855
ekez004,250829,12,immobile,494.0,2.75026800410926,0.8119956554350422
ekez004,250829,12,immobile,496.0,3.140493053217937,2.2060279621425933
ekez004,250829,12,immobile,498.0,-2.3405683172608214,-0.06148637345874527
ekez004,250829,12,immobile,500.0,-2.360435123339636,-0.2009519330900523
ekez004,250829,12,sleep,2316.0,-2.7938625735730622,-1.2095162341932626
ekez004,250829,12,sleep,2318.0,2.8245712207119484,2.2388032888488234
ekez004,250829,12,sleep,2320.0,-2.4009950396319937,1.1337576480956595
ekez004,250829,12,sleep,2322.0,-2.861411778933494,-0.9375283614378881
ekez004,250829,12,sleep,2324.0,2.1580534966259233,-1.4253149642989713
ekez004,250829,12,sleep,2326.0,-1.908747558878171,2.092109886439074
ekez004,250829,12,sleep,2328.0,-2.211681476849763,0.720605937213627
ekez004,250829,12,sleep,2330.0,-1.1262905964242267,-0.5494559175466988
ekez004,250829,12,sleep,2332.0,-2.527238872519106,1.4602518665778974
ekez004,250829,12,sleep,2334.0,-0.09975439914188589,0.3158194874400556
ekez004,250829,12,sleep,2336.0,2.5743537430387016,-0.20402780428977338
ekez004,250829,12,sleep,2338.0,-0.34279610541423355,-1.4901396661967117
ekez004,250829,18,mobile,262.0,0.5085945992065208,1.1062696657972588
ekez004,250829,18,mobile,264.0,-2.763442276240607,-2.8344877675402724
ekez004,250829,18,mobile,266.0,2.1028278269587704,0.2403824988506777
ekez004,250829,18,mobile,270.0,1.1736068452377522,-2.145938125629956
ekez004,250829,18,mobile,272.0,2.453924296830071,-1.7240919571277487
ekez004,250829,18,mobile,274.0,-1.1757667262232525,-0.938686948367319
ekez004,250829,18,mobile,276.0,-2.5886524526324823,-1.5783827454395543
ekez004,250829,18,mobile,280.0,-2.5005164546395653,-0.9022194211356345
ekez004,250829,18,mobile,282.0,2.167876629813087,0.7812944829056232
ekez004,250829,18,mobile,284.0,2.459325166450773,0.264891213282026
ekez004,250829,18,mobile,286.0,-1.9912346965620853,1.9873978394577203
ekez004,250829,18,mobile,288.0,2.228483384574212,-0.6668841905355352
ekez004,250829,18,mobile,292.0,1.8301746086420807,-1.998883966078824
ekez004,250829,18,mobile,294.0,1.7986581419184462,-1.5744000349985936
ekez004,250829,18,mobile,296.0,1.203199000693934,-3.0865742207977327
ekez004,250829,18,mobile,298.0,-2.042746753714777,0.38878228278880417
ekez004,250829,18,mobile,300.0,2.3687777011016085,-2.6286372911463576
ekez004,250829,18,mobile,304.0,-0.12802119476172744,-0.5531261324416159
ekez004,250829,18,mobile,306.0,0.4121537913739026,-1.5810476233839574
ekez004,250829,18,mobile,308.0,1.5561373744156184,1.0924487432126222
ekez004,250829,18,mobile,310.0,-4.334334953761748,-0.8625075776872919
ekez004,250829,18,mobile,314.0,2.234861261778889,-2.376986064236918
ekez004,250829,18,mobile,316.0,0.9363030609283294,0.9045435609925543
ekez004,250829,18,mobile,318.0,-0.03763385498310465,0.6469227074831837
ekez004,250829,18,immobile,462.0,2.363264175388546,-1.1837389363184847
ekez004,250829,18,immobile,464.0,2.6378875190430797,-1.4772505306608132
ekez004,250829,18,immobile,466.0,1.335151193058825,-4.112384604229405
ekez004,250829,18,immobile,468.0,2.7381486346220427,0.8140400045486532
ekez004,250829,18,immobile,470.0,2.9428564434471776,-0.1314821880233171
ekez004,250829,18,immobile,472.0,-2.3942482995536,-2.4115095005191804
ekez004,250829,18,immobile,474.0,-0.16617981239547724,-0.8982332466346898
ekez004,250829,18,immobile,476.0,2.916920841825144,2.996736677962414
ekez004,250829,18,immobile,478.0,2.262035992612567,-0.4990611985039074
ekez004,250829,18,immobile,480.0,0.23042151651394294,0.5583652816520843
ekez004,250829,18,immobile,482.0,3.051974424264989,2.817284093233163
ekez004,250829,18,immobile,484.0,2.7890000997233755,-1.0896199794555352
ekez004,250829,18,immobile,486.0,0.020279104600241224,-0.30314768279748805
ekez004,250829,18,immobile,488.0,3.0477603548440593,-0.22676108287238164
ekez004,250829,18,immobile,490.0,0.09860237745451104,0.5217575733565952
ekez004,250829,18,immobile,492.0,2.500008684352342,0.7708982884028717
ekez004,250829,18,immobile,494.0,1.283729315125636,6.81817598111028
ekez004,250829,18,immobile,496.0,3.093108796056688,4.348521330700783
ekez004,250829,18,immobile,498.0,-3.4701369604915677,-0.5588535869452848
ekez004,250829,18,immobile,500.0,-0.32145286937946765,3.0869822863838037
ekez004,250829,18,sleep,2316.0,-1.9772830359287128,0.9039276395398185
ekez004,250829,18,sleep,2318.0,3.610695922760903,3.554447985072268
ekez004,250829,18,sleep,2320.0,-1.4387889948136507,1.8467904690674588
ekez004,250829,18,sleep,2322.0,3.5811660839125503,5.274603500035301
ekez004,250829,18,sleep,2324.0,3.2280752713306557,0.6511375224224892
ekez004,250829,18,sleep,2326.0,-1.6792850279518439,3.113651118453481
ekez004,250829,18,sleep,2328.0,0.9386250277010256,2.1574939505801063
ekez004,250829,18,sleep,2330.0,-0.04828650324318844,1.0215464955661078
ekez004,250829,18,sleep,2332.0,-1.3729396186348213,4.601713100556619
ekez004,250829,18,sleep,2334.0,-1.2069720781595383,3.4287239869959913
ekez004,250829,18,sleep,2336.0,3.682806737354248,5.544190484067178
ekez004,250829,18,sleep,2338.0,3.245043450880725,3.0400671541166435
ekez004,250829,19,mobile,262.0,0.004860914093852476,0.978392604047388
ekez004,250829,19,mobile,264.0,1.056651842858181,1.1858361120562597
ekez004,250829,19,mobile,266.0,0.14171297620669754,-3.137615773109849
ekez004,250829,19,mobile,270.0,1.4272354308591746,0.8730537259709463
ekez004,250829,19,mobile,272.0,2.011859493021754,-1.8827125187504437
ekez004,250829,19,mobile,274.0,0.48206627625232573,0.7293692637958419
ekez004,250829,19,mobile,276.0,1.3439105026114253,0.6262892894889913
ekez004,250829,19,mobile,280.0,-1.5465625810868644,-2.4017555308718097
ekez004,250829,19,mobile,282.0,0.6026923139351464,0.5224182529944851
ekez004,250829,19,mobile,284.0,1.0694446164953808,0.6644767680371765
ekez004,250829,19,mobile,286.0,-4.1464732129736355,-1.2530184378047098
ekez004,250829,19,mobile,288.0,0.6951442158096727,-1.8290691674523496
ekez004,250829,19,mobile,292.0,1.0387110019614485,1.1854962045956532
ekez004,250829,19,mobile,294.0,1.0509406590650952,1.3620932116085716
ekez004,250829,19,mobile,296.0,0.542762429951821,0.8822152051913172
ekez004,250829,19,mobile,298.0,-0.0799379371597199,1.2301522516133443
ekez004,250829,19,mobile,300.0,1.0823386520454084,0.5504861121726073
ekez004,250829,19,mobile,304.0,-1.721321249781214,-2.61307007631322
ekez004,250829,19,mobile,306.0,0.5375569550627565,0.669365165303245
ekez004,250829,19,mobile,308.0,0.8582236206003195,0.5616030783240363
ekez004,250829,19,mobile,310.0,0.24468198491024298,0.4559583449478983
ekez004,250829,19,mobile,314.0,0.33852022204254906,0.3820063383326291
ekez004,250829,19,mobile,316.0,0.7798194182328304,0.8282003139655228
ekez004,250829,19,mobile,318.0,-0.29553473237098593,0.46450234318900113
ekez004,250829,19,immobile,462.0,2.5367925767167816,-1.8570104627216153
ekez004,250829,19,immobile,464.0,2.436902193524065,-1.5168305751990565
ekez004,250829,19,immobile,466.0,2.3654756537068096,-1.2038388803994449
ekez004,250829,19,immobile,468.0,2.4655850123503105,-0.4309235935560476
ekez004,250829,19,immobile,470.0,2.6917670328536007,0.9227391431924934
ekez004,250829,19,immobile,472.0,-2.8759478867169093,-1.5261927042767893
ekez004,250829,19,immobile,474.0,-0.49695955970199873,0.22952669671238252
ekez004,250829,19,immobile,476.0,2.795833253028451,2.2549620338652354
ekez004,250829,19,immobile,478.0,2.6582266865672146,-0.2362457692301746
ekez004,250829,19,immobile,480.0,-2.299076605958159,0.8626183764261419
ekez004,250829,19,immobile,482.0,2.67607622607396,0.04135607549436143
ekez004,250829,19,immobile,484.0,2.2027579417523624,-1.7168655556944885
ekez004,250829,19,immobile,486.0,-0.360660697475242,-1.5159544505488394
ekez004,250829,19,immobile,488.0,-1.8871224718128992,1.7245959953285408
ekez004,250829,19,immobile,490.0,0.28807006044473654,-0.01976089834697872
ekez004,250829,19,immobile,492.0,2.655794337347668,1.4011921214540417
ekez004,250829,19,immobile,494.0,3.038058617669498,1.5538720528897387
ekez004,250829,19,immobile,496.0,3.318202480346381,2.5101358170935417
ekez004,250829,19,immobile,498.0,-3.1184450785134192,-1.463317970762195
ekez004,250829,19,immobile,500.0,-2.6443132615288127,-0.3527542655283435
ekez004,250829,19,sleep,2316.0,-2.4802855510472006,-2.012839534911181
ekez004,250829,19,sleep,2318.0,3.2919061998673427,3.904384816814365
ekez004,250829,19,sleep,2320.0,-1.919030221005093,1.5830962310544068
ekez004,250829,19,sleep,2322.0,2.5006233323680194,-0.6959947359161545
ekez004,250829,19,sleep,2324.0,2.848757978952075,-0.9636087658760889
ekez004,250829,19,sleep,2326.0,-1.6090282761729044,3.677944641772841
ekez004,250829,19,sleep,2328.0,-1.9294360727411044,0.8448381853238819
ekez004,250829,19,sleep,2330.0,2.834414892611926,2.3668089873453373
ekez004,250829,19,sleep,2332.0,-1.9879438875059567,1.783297411707363
ekez004,250829,19,sleep,2334.0,-1.7533723707270257,1.5746641063266396
ekez004,250829,19,sleep,2336.0,2.860606834083426,1.4618294169921737
ekez004,250829,19,sleep,2338.0,2.787950826812896,-1.240673180820515
ekez004,250911,12,mobile,84.0,1.7372467722167277,-2.906827829795372
ekez004,250911,12,mobile,86.0,0.7469287056504499,0.46267008732873594
ekez004,250911,12,mobile,88.0,-2.824752063479973,-1.2491350581815748
ekez004,250911,12,mobile,90.0,-4.327122987961305,-1.9847013410140417
ekez004,250911,12,mobile,92.0,0.239364593823495,-2.2784603600866378
ekez004,250911,12,mobile,94.0,-1.0574398362181117,-0.6269138818761493
ekez004,250911,12,immobile,102.0,-2.658440840023747,-0.365172315341934
ekez004,250911,12,immobile,104.0,-0.40236596954365217,-1.5955473067779218
ekez004,250911,12,immobile,106.0,2.46920461400177,-0.8540002031134191
ekez004,250911,12,immobile,108.0,1.4729935297202985,-3.0508934756423853
ekez004,250911,12,immobile,110.0,-2.9383989384010114,-0.2684069320272453
ekez004,250911,12,immobile,112.0,-2.357632545691901,1.1466107226757052
ekez004,250911,12,immobile,114.0,2.3573633172732382,1.5654639575101899
ekez004,250911,12,immobile,116.0,-3.6486197940081415,-1.240227438790864
ekez004,250911,12,immobile,118.0,1.718830588155065,0.5355075446598917
ekez004,250911,12,immobile,120.0,-2.8986105424501076,1.651461304366679
ekez004,250911,12,immobile,122.0,-2.7810530046966537,0.2088801403654551
ekez004,250911,12,immobile,124.0,-2.543130421275218,1.8269203151792852
ekez004,250911,12,immobile,126.0,-3.218752150171903,0.5006696431718481
ekez004,250911,12,immobile,128.0,-0.0864461994069213,2.537317210843022
ekez004,250911,12,immobile,130.0,2.1874004466110084,0.21548870127740175
ekez004,250911,12,immobile,132.0,2.601621809391941,2.538722439342419
ekez004,250911,12,immobile,134.0,-0.8574276347660894,-1.6443841144202094
ekez004,250911,12,immobile,136.0,-2.8866873742214305,-0.19250869845434124
ekez004,250911,12,immobile,138.0,1.7568407459861046,0.21748874276956742
ekez004,250911,12,immobile,140.0,-1.6109228790281926,-0.30233872931677536
ekez004,250911,12,immobile,142.0,-0.4448252354726672,-0.333175719958967
ekez004,250911,12,immobile,144.0,-0.9125961637382002,-0.44972505148404074
ekez004,250911,12,immobile,146.0,-3.3942983083468765,-0.20883118749350454
ekez004,250911,12,sleep,755.0,-2.629432672903821,1.460769710625743
ekez004,250911,12,sleep,781.0,0.3221518437471554,2.557149723170053
ekez004,250911,12,sleep,807.0,-2.4156216539560007,3.168346385300183
ekez004,250911,12,sleep,833.0,-2.5983203360368665,1.717029219945063
ekez004,250911,12,sleep,861.0,2.6900245442715165,0.5639650972334601
ekez004,250911,12,sleep,887.0,2.577189299095235,1.43631709565742
ekez004,250911,12,sleep,913.0,-2.7695280993032347,-0.4016257569280738
ekez004,250911,12,sleep,939.0,-2.862732506322617,0.05440061239158351
ekez004,250911,12,sleep,965.0,0.13520467315208198,0.8195178544899799
ekez004,250911,12,sleep,991.0,-1.8985295138862772,2.3808413251009894
ekez004,250911,12,sleep,1017.0,2.929254772953785,0.41835238336872693
ekez004,250911,12,sleep,1043.0,-2.3891818686695654,0.9642144466873367
ekez004,250911,12,sleep,1071.0,-2.7314812881745376,-0.45437645774452473
ekez004,250911,12,sleep,1097.0,-2.7606461798053097,0.3115892505572364
ekez004,250911,12,sleep,1123.0,2.687309100939212,0.5038720269826606
ekez004,250911,12,sleep,1149.0,2.676414603819929,-0.08522598821986509
ekez004,250911,12,sleep,1175.0,-2.7384895397009266,-0.7470414661847147
ekez004,250911,12,sleep,1201.0,2.4678155591304156,2.5964337492798615
ekez004,250911,12,sleep,1227.0,2.490199505929103,1.0730190860800504
ekez004,250911,12,sleep,1253.0,-2.5121972693675314,-0.3982050864049329
ekez004,250911,12,sleep,1281.0,-0.4880916061476999,1.0126458679254031
ekez004,250911,12,sleep,1307.0,-2.9368776986956684,2.2581474047536645
ekez004,250911,12,sleep,1333.0,-1.967785092547636,0.8642383828748611
ekez004,250911,12,sleep,1359.0,-2.7736617003856225,0.881487264535643
ekez004,250911,18,mobile,84.0,0.9918117118170829,-1.8062689868172854
ekez004,250911,18,mobile,86.0,1.2938058352175696,-3.3640096714097285
ekez004,250911,18,mobile,88.0,1.9817553426901802,-0.6609021846083992
ekez004,250911,18,mobile,90.0,0.6297733817879801,0.10241920572416606
ekez004,250911,18,mobile,92.0,0.2425497027266017,-0.46143058461923714
ekez004,250911,18,mobile,94.0,-0.34458541183225777,-0.43977133248763334
ekez004,250911,18,immobile,102.0,-2.745394554258152,-1.608130336433259
ekez004,250911,18,immobile,104.0,-0.6024938771461773,-1.3623713644235216
ekez004,250911,18,immobile,106.0,2.664128482325323,0.48200066520546236
ekez004,250911,18,immobile,108.0,2.2781246803029354,-1.2777365513528742
ekez004,250911,18,immobile,110.0,2.7344620122699292,-0.6672399837667355
ekez004,250911,18,immobile,112.0,-2.1096185966184975,0.24998705384233108
ekez004,250911,18,immobile,114.0,2.822071799368591,-0.4559045039644304
ekez004,250911,18,immobile,116.0,-2.1024777983591796,0.14172378244992773
ekez004,250911,18,immobile,118.0,2.4491701049587595,-0.35205431710076146
ekez004,250911,18,immobile,120.0,-0.004545523219204503,0.15690067899797286
ekez004,250911,18,immobile,122.0,2.8634038519011504,0.3242530468993539
ekez004,250911,18,immobile,124.0,0.07628058620068295,-0.13540590191870866
ekez004,250911,18,immobile,126.0,-0.304964058343335,0.39256906247448276
ekez004,250911,18,immobile,128.0,2.792532634375285,0.013792731744220047
ekez004,250911,18,immobile,130.0,2.6976764443819787,-0.4768878813704938
ekez004,250911,18,immobile,132.0,-0.09496688354745123,1.3634251707105391
ekez004,250911,18,immobile,134.0,-0.5015805079088838,-0.011559442509133664
ekez004,250911,18,immobile,136.0,-2.5359364042666765,0.7437774430579966
ekez004,250911,18,immobile,138.0,2.7260843274584152,-0.9415888273518552
ekez004,250911,18,immobile,140.0,-0.6781114501517512,-0.9314539917585111
ekez004,250911,18,immobile,142.0,2.986102371749944,0.0698034271957067
ekez004,250911,18,immobile,144.0,2.572569472958258,-0.9049244404063927
ekez004,250911,18,immobile,146.0,2.6165839367942954,-1.6000821337157578
ekez004,250911,18,sleep,755.0,-2.91770971741593,1.0339448910391085
ekez004,250911,18,sleep,781.0,-2.614331269318682,1.3882092767080483
ekez004,250911,18,sleep,807.0,-0.6811469902221193,0.11503245609242031
ekez004,250911,18,sleep,833.0,-2.5646310183909358,3.1704919093190074
ekez004,250911,18,sleep,861.0,1.8620400353999116,-0.25473621808440794
ekez004,250911,18,sleep,887.0,0.06486172638294363,2.165999947865474
ekez004,250911,18,sleep,913.0,-3.1701832344956293,-0.7349304924664481
ekez004,250911,18,sleep,939.0,-3.0711345291326966,-0.8596758024056811
ekez004,250911,18,sleep,965.0,2.7824023622249143,1.3241288045819437
ekez004,250911,18,sleep,991.0,-2.3339556281062315,-1.0074335030183583
ekez004,250911,18,sleep,1017.0,2.907406480082748,0.16831581941027313
ekez004,250911,18,sleep,1043.0,-2.7271302301104994,0.4186507464000318
ekez004,250911,18,sleep,1071.0,-2.972912668345318,-0.4314995474948948
ekez004,250911,18,sleep,1097.0,-0.5256629448690201,0.23766637266718035
ekez004,250911,18,sleep,1123.0,2.0161169734613815,-1.681075221452067
ekez004,250911,18,sleep,1149.0,1.9326869240172877,-1.6897734825585145
ekez004,250911,18,sleep,1175.0,-0.6093360282584247,-0.5592187517349541
ekez004,250911,18,sleep,1201.0,2.2438246201195273,0.48681573201528083
ekez004,250911,18,sleep,1227.0,2.5208511570908265,0.524622434066088
ekez004,250911,18,sleep,1253.0,-2.5736554915261776,0.11762970364158368
ekez004,250911,18,sleep,1281.0,-2.8248688805018642,-0.16664681137873777
ekez004,250911,18,sleep,1307.0,-2.5930051968006333,1.521981906156843
ekez004,250911,18,sleep,1333.0,-2.3791721020218404,-0.3429121790427195
ekez004,250911,18,sleep,1359.0,-2.750496235757929,1.6528938028436484
ekez004,250911,19,mobile,84.0,-0.12176537531906857,-0.12935292194763615
ekez004,250911,19,mobile,86.0,0.3916501780881248,0.18095534944665762
ekez004,250911,19,mobile,88.0,1.0214535708499457,-3.91788096815318
ekez004,250911,19,mobile,90.0,-0.20907949113275762,-0.3600128426692613
ekez004,250911,19,mobile,92.0,-0.6447269485054709,-0.5113475133249891
ekez004,250911,19,mobile,94.0,-0.8755758123067374,-0.62433221182623
ekez004,250911,19,immobile,102.0,-2.6780686081832377,0.24638433146608885
ekez004,250911,19,immobile,104.0,-2.746982846220146,-0.7280498819056926
ekez004,250911,19,immobile,106.0,2.5015525743327007,-0.12140766235946737
ekez004,250911,19,immobile,108.0,1.7099728337671398,-1.0844694504568932
ekez004,250911,19,immobile,110.0,-0.589244711229089,-0.25268789215988596
ekez004,250911,19,immobile,112.0,-2.3969066707633666,1.4495120165635362
ekez004,250911,19,immobile,114.0,-0.3502637363038017,0.9013741505608884
ekez004,250911,19,immobile,116.0,-2.839558684415578,0.29125951071214834
ekez004,250911,19,immobile,118.0,2.0659735746366175,0.21104296125095295
ekez004,250911,19,immobile,120.0,-2.7012586476581375,1.6175175253664518
ekez004,250911,19,immobile,122.0,2.462748642189877,1.6710029406867069
ekez004,250911,19,immobile,124.0,-3.287917468271004,0.9855552373911666
ekez004,250911,19,immobile,126.0,1.4725248110952787,-0.28562674060729665
ekez004,250911,19,immobile,128.0,2.5283359700478814,0.22055142403749528
ekez004,250911,19,immobile,130.0,1.9447558083543965,-0.5171868415906588
ekez004,250911,19,immobile,132.0,-0.5550631238119087,1.1721439581529238
ekez004,250911,19,immobile,134.0,-1.2518040713945953,-1.461237053148762
ekez004,250911,19,immobile,136.0,-3.3125950044571963,0.8454223996441809
ekez004,250911,19,immobile,138.0,2.388172522591578,0.07166660277276934
ekez004,250911,19,immobile,140.0,-4.216392830448364,0.29906417367355337
ekez004,250911,19,immobile,142.0,2.34612243709109,0.08206579792770824
ekez004,250911,19,immobile,144.0,1.4530658528572848,-1.2298999506328931
ekez004,250911,19,immobile,146.0,-1.0484557180832872,-1.3661675799310102
ekez004,250911,19,sleep,755.0,2.024000683277261,1.45423325290807
ekez004,250911,19,sleep,781.0,0.12355406691286204,2.1259737127767204
ekez004,250911,19,sleep,807.0,-2.8759007866791837,0.9359343573583572
ekez004,250911,19,sleep,833.0,-2.8917597712538035,1.396508642931229
ekez004,250911,19,sleep,861.0,2.300312371312313,0.009023461500823338
ekez004,250911,19,sleep,887.0,2.5945769584566203,2.5865231642582165
ekez004,250911,19,sleep,913.0,-3.2979959292865755,0.06986959719802927
ekez004,250911,19,sleep,939.0,-3.2626105643893624,-1.3746756140781826
ekez004,250911,19,sleep,965.0,2.570696815333075,1.210175609218655
ekez004,250911,19,sleep,991.0,-2.0306214110697307,3.056257519820026
ekez004,250911,19,sleep,1017.0,3.056436043694999,1.5498921756599915
ekez004,250911,19,sleep,1043.0,-2.718616016940514,0.44926750923168146
ekez004,250911,19,sleep,1071.0,-2.7889773229213715,0.11116586346836808
ekez004,250911,19,sleep,1097.0,-2.788189083856901,1.027147276078352
ekez004,250911,19,sleep,1123.0,1.895996975759423,-1.6568679444818473
ekez004,250911,19,sleep,1149.0,2.1923512221406805,-0.925336946307143
ekez004,250911,19,sleep,1175.0,2.5721651604318594,2.5665361780386897
ekez004,250911,19,sleep,1201.0,-0.47678026049550604,-1.6663523988872848
ekez004,250911,19,sleep,1227.0,2.454882030023623,-0.8861342693322465
ekez004,250911,19,sleep,1253.0,-2.3920266582133833,-0.26314682414844004
ekez004,250911,19,sleep,1281.0,-2.798445812556802,-0.20377851283747592
ekez004,250911,19,sleep,1307.0,-2.8277920769026266,0.49925907697486127
ekez004,250911,19,sleep,1333.0,-2.3897094366103055,-0.09984163621609202
ekez004,250911,19,sleep,1359.0,-2.6419250463467914,1.3903057139005632
