session_id,recording_hour,feature_role,feature_label,feature_set,relevant_band,relevant_band_label,f1
session_m0120_0180,Hour 3,torus_features,Torus features,all_torus_15,delta,Delta (0.5-4 Hz),0.6391040106822209
session_m0120_0180,Hour 3,average_psd,Average PSD,average_psd,delta,Delta (0.5-4 Hz),0.34801507487711586
session_m0120_0180,Hour 3,relevant_band,Relevant band,delta,delta,Delta (0.5-4 Hz),0.5479055258467023
session_m0180_0240,Hour 4,torus_features,Torus features,all_torus_15,delta,Delta (0.5-4 Hz),0.7281687124057518
session_m0180_0240,Hour 4,average_psd,Average PSD,average_psd,delta,Delta (0.5-4 Hz),0.49773150860927723
session_m0180_0240,Hour 4,relevant_band,Relevant band,delta,delta,Delta (0.5-4 Hz),0.5079843670793975
session_m0240_0300,Hour 5,torus_features,Torus features,all_torus_15,delta,Delta (0.5-4 Hz),0.6676173507825411
session_m0240_0300,Hour 5,average_psd,Average PSD,average_psd,delta,Delta (0.5-4 Hz),0.4887624452841844
session_m0240_0300,Hour 5,relevant_band,Relevant band,delta,delta,Delta (0.5-4 Hz),0.5167653061392184
session_m0300_0360,Hour 6,torus_features,Torus features,all_torus_15,delta,Delta (0.5-4 Hz),0.7224242424242425
session_m0300_0360,Hour 6,average_psd,Average PSD,average_psd,delta,Delta (0.5-4 Hz),0.5366184203393506
session_m0300_0360,Hour 6,relevant_band,Relevant band,delta,delta,Delta (0.5-4 Hz),0.40052910052910046
session_m0360_0420,Hour 7,torus_features,Torus features,all_torus_15,delta,Delta (0.5-4 Hz),0.7119479486527541
session_m0360_0420,Hour 7,average_psd,Average PSD,average_psd,delta,Delta (0.5-4 Hz),0.48919533625415984
session_m0360_0420,Hour 7,relevant_band,Relevant band,delta,delta,Delta (0.5-4 Hz),0.46512789058583953
session_m0420_0480,Hour 8,torus_features,Torus features,all_torus_15,delta,Delta (0.5-4 Hz),0.7176627022344994
session_m0420_0480,Hour 8,average_psd,Average PSD,average_psd,delta,Delta (0.5-4 Hz),0.45223109847630627
session_m0420_0480,Hour 8,relevant_band,Relevant band,delta,delta,Delta (0.5-4 Hz),0.42499557596783416
session_m0480_0540,Hour 9,torus_features,Torus features,all_torus_15,delta,Delta (0.5-4 Hz),0.7442179433241689
session_m0480_0540,Hour 9,average_psd,Average PSD,average_psd,delta,Delta (0.5-4 Hz),0.5591925589798533
session_m0480_0540,Hour 9,relevant_band,Relevant band,delta,delta,Delta (0.5-4 Hz),0.48021657057801637
session_m0540_0600,Hour 10,torus_features,Torus features,all_torus_15,delta,Delta (0.5-4 Hz),0.690890711703274
session_m0540_0600,Hour 10,average_psd,Average PSD,average_psd,delta,Delta (0.5-4 Hz),0.48512368102404424
session_m0540_0600,Hour 10,relevant_band,Relevant band,delta,delta,Delta (0.5-4 Hz),0.5055898196041034
session_m0600_0660,Hour 11,torus_features,Torus features,all_torus_15,delta,Delta (0.5-4 Hz),0.6727738453434927
session_m0600_0660,Hour 11,average_psd,Average PSD,average_psd,delta,Delta (0.5-4 Hz),0.46384127320281393
session_m0600_0660,Hour 11,relevant_band,Relevant band,delta,delta,Delta (0.5-4 Hz),0.44044612234433295
session_m0660_0720,Hour 12,torus_features,Torus features,all_torus_15,delta,Delta (0.5-4 Hz),0.597207367795603
session_m0660_0720,Hour 12,average_psd,Average PSD,average_psd,delta,Delta (0.5-4 Hz),0.4241960953201263
session_m0660_0720,Hour 12,relevant_band,Relevant band,delta,delta,Delta (0.5-4 Hz),0.4084175084175084
session_m0720_0780,Hour 13,torus_features,Torus features,all_torus_15,delta,Delta (0.5-4 Hz),0.6362351715242434
session_m0720_0780,Hour 13,average_psd,Average PSD,average_psd,delta,Delta (0.5-4 Hz),0.4264808728112473
session_m0720_0780,Hour 13,relevant_band,Relevant band,delta,delta,Delta (0.5-4 Hz),0.46662317869649456
session_m0840_0900,Hour 15,torus_features,Torus features,all_torus_15,delta,Delta (0.5-4 Hz),0.7416673336001067
session_m0840_0900,Hour 15,average_psd,Average PSD,average_psd,delta,Delta (0.5-4 Hz),0.5348701685910988
session_m0840_0900,Hour 15,relevant_band,Relevant band,delta,delta,Delta (0.5-4 Hz),0.47601305562470614
session_m0900_0960,Hour 16,torus_features,Torus features,all_torus_15,delta,Delta (0.5-4 Hz),0.7482185109303753
session_m0900_0960,Hour 16,average_psd,Average PSD,average_psd,delta,Delta (0.5-4 Hz),0.5632435225869997
session_m0900_0960,Hour 16,relevant_band,Relevant band,delta,delta,Delta (0.5-4 Hz),0.4359564108107275
session_m0960_1020,Hour 17,torus_features,Torus features,all_torus_15,delta,Delta (0.5-4 Hz),0.6778128640197606
session_m0960_1020,Hour 17,average_psd,Average PSD,average_psd,delta,Delta (0.5-4 Hz),0.5703455964325529
session_m0960_1020,Hour 17,relevant_band,Relevant band,delta,delta,Delta (0.5-4 Hz),0.4330101271277742
session_m1020_1080,Hour 18,torus_features,Torus features,all_torus_15,delta,Delta (0.5-4 Hz),0.7219101932659351
session_m1020_1080,Hour 18,average_psd,Average PSD,average_psd,delta,Delta (0.5-4 Hz),0.47220214117220105
session_m1020_1080,Hour 18,relevant_band,Relevant band,delta,delta,Delta (0.5-4 Hz),0.42150837988826817
session_m1080_1140,Hour 19,torus_features,Torus features,all_torus_15,delta,Delta (0.5-4 Hz),0.5687984936977183
session_m1080_1140,Hour 19,average_psd,Average PSD,average_psd,delta,Delta (0.5-4 Hz),0.4002742669409336
session_m1080_1140,Hour 19,relevant_band,Relevant band,delta,delta,Delta (0.5-4 Hz),0.413819855599531
session_m1140_1200,Hour 20,torus_features,Torus features,all_torus_15,delta,Delta (0.5-4 Hz),0.5779552790933296
session_m1140_1200,Hour 20,average_psd,Average PSD,average_psd,delta,Delta (0.5-4 Hz),0.6062798527914807
session_m1140_1200,Hour 20,relevant_band,Relevant band,delta,delta,Delta (0.5-4 Hz),0.5811204574193193
session_m1200_1260,Hour 21,torus_features,Torus features,all_torus_15,delta,Delta (0.5-4 Hz),0.6825526562135401
session_m1200_1260,Hour 21,average_psd,Average PSD,average_psd,delta,Delta (0.5-4 Hz),0.4555442761437472
session_m1200_1260,Hour 21,relevant_band,Relevant band,delta,delta,Delta (0.5-4 Hz),0.506598378040889
session_m1260_1320,Hour 22,torus_features,Torus features,all_torus_15,delta,Delta (0.5-4 Hz),0.5699358500564339
session_m1260_1320,Hour 22,average_psd,Average PSD,average_psd,delta,Delta (0.5-4 Hz),0.44524082716646096
session_m1260_1320,Hour 22,relevant_band,Relevant band,delta,delta,Delta (0.5-4 Hz),0.45111512214646304
session_m1320_1380,Hour 23,torus_features,Torus features,all_torus_15,delta,Delta (0.5-4 Hz),0.612319358151088
session_m1320_1380,Hour 23,average_psd,Average PSD,average_psd,delta,Delta (0.5-4 Hz),0.4666184022293587
session_m1320_1380,Hour 23,relevant_band,Relevant band,delta,delta,Delta (0.5-4 Hz),0.4466342137394769
session_m1380_1440,Hour 24,torus_features,Torus features,all_torus_15,delta,Delta (0.5-4 Hz),0.6354619603501869
session_m1380_1440,Hour 24,average_psd,Average PSD,average_psd,delta,Delta (0.5-4 Hz),0.5032085242458954
session_m1380_1440,Hour 24,relevant_band,Relevant band,delta,delta,Delta (0.5-4 Hz),0.5348325160121017
