session_id,recording_hour,feature_set,accuracy,f1,f1_wake,f1_nrem,f1_rem
session_m0120_0180,Hour 3,delta,0.5634920634920635,0.5479055258467023,0.38235294117647056,0.625,0.6363636363636364
session_m0120_0180,Hour 3,theta,0.5,0.4748960028938325,0.5473684210526316,0.3,0.5773195876288659
session_m0120_0180,Hour 3,alpha,0.36507936507936506,0.3422986254669423,0.4752475247524752,0.2,0.3516483516483517
session_m0120_0180,Hour 3,sigma,0.3492063492063492,0.32762152476735446,0.1643835616438356,0.27848101265822783,0.54
session_m0120_0180,Hour 3,beta,0.5396825396825397,0.5341365461847389,0.6153846153846154,0.6024096385542169,0.38461538461538464
session_m0120_0180,Hour 3,low_gamma,0.5555555555555556,0.5529468109082714,0.4367816091954023,0.8470588235294118,0.375
session_m0120_0180,Hour 3,average_psd,0.36507936507936506,0.34801507487711586,0.33707865168539325,0.4948453608247423,0.21212121212121213
session_m0120_0180,Hour 3,all_band_power,0.753968253968254,0.7534194165471066,0.6823529411764706,0.8705882352941177,0.7073170731707317
session_m0120_0180,Hour 3,all_torus_15,0.6428571428571429,0.6391040106822209,0.5679012345679012,0.7640449438202247,0.5853658536585366
session_m0180_0240,Hour 4,delta,0.5252525252525253,0.5079843670793975,0.3522012578616352,0.6403508771929824,0.5314009661835749
session_m0180_0240,Hour 4,theta,0.3872053872053872,0.371598122815114,0.5267857142857143,0.22085889570552147,0.3671497584541063
session_m0180_0240,Hour 4,alpha,0.3569023569023569,0.3351126611428275,0.4067796610169492,0.41284403669724773,0.18571428571428572
session_m0180_0240,Hour 4,sigma,0.2895622895622896,0.287486988560806,0.22950819672131148,0.3062200956937799,0.32673267326732675
session_m0180_0240,Hour 4,beta,0.5892255892255892,0.5784843629507844,0.6422018348623854,0.6862745098039216,0.4069767441860465
session_m0180_0240,Hour 4,low_gamma,0.6531986531986532,0.6508676350328532,0.6883720930232559,0.774869109947644,0.48936170212765956
session_m0180_0240,Hour 4,average_psd,0.5084175084175084,0.49773150860927723,0.5566037735849056,0.6280193236714976,0.30857142857142855
session_m0180_0240,Hour 4,all_band_power,0.6801346801346801,0.6789367700362465,0.6923076923076923,0.8,0.5445026178010471
session_m0180_0240,Hour 4,all_torus_15,0.7272727272727273,0.7281687124057518,0.7156862745098039,0.8393782383419689,0.6294416243654822
session_m0240_0300,Hour 5,delta,0.5358974358974359,0.5167653061392184,0.3490566037735849,0.6843853820598007,0.5168539325842697
session_m0240_0300,Hour 5,theta,0.4358974358974359,0.4130431451860023,0.5416666666666666,0.22448979591836735,0.47297297297297297
session_m0240_0300,Hour 5,alpha,0.35384615384615387,0.3453771135893047,0.4459016393442623,0.3056768558951965,0.2845528455284553
session_m0240_0300,Hour 5,sigma,0.3,0.3000410852802591,0.2766798418972332,0.302158273381295,0.321285140562249
session_m0240_0300,Hour 5,beta,0.5743589743589743,0.564536921304806,0.6214285714285714,0.7014925373134329,0.3706896551724138
session_m0240_0300,Hour 5,low_gamma,0.6717948717948717,0.6685290893371504,0.6394052044609665,0.8560606060606061,0.5101214574898786
session_m0240_0300,Hour 5,average_psd,0.49743589743589745,0.4887624452841844,0.5072463768115942,0.63003663003663,0.329004329004329
session_m0240_0300,Hour 5,all_band_power,0.7076923076923077,0.7072837805386686,0.6741573033707865,0.8571428571428571,0.5905511811023622
session_m0240_0300,Hour 5,all_torus_15,0.6717948717948717,0.6676173507825411,0.5859375,0.8814814814814815,0.5354330708661418
session_m0300_0360,Hour 6,delta,0.4266666666666667,0.40052910052910046,0.4444444444444444,0.6071428571428571,0.15
session_m0300_0360,Hour 6,theta,0.37333333333333335,0.3529130451706899,0.5517241379310345,0.3018867924528302,0.20512820512820512
session_m0300_0360,Hour 6,alpha,0.26666666666666666,0.2547282478883026,0.42857142857142855,0.19607843137254902,0.13953488372093023
session_m0300_0360,Hour 6,sigma,0.49333333333333335,0.4745420304742338,0.5084745762711864,0.3333333333333333,0.5818181818181818
session_m0300_0360,Hour 6,beta,0.5733333333333334,0.5677734794756072,0.6909090909090909,0.5957446808510638,0.4166666666666667
session_m0300_0360,Hour 6,low_gamma,0.7066666666666667,0.701226309921962,0.6923076923076923,0.8461538461538461,0.5652173913043478
session_m0300_0360,Hour 6,average_psd,0.5466666666666666,0.5366184203393506,0.5454545454545454,0.6923076923076923,0.37209302325581395
session_m0300_0360,Hour 6,all_band_power,0.6933333333333334,0.6916528628788,0.7037037037037037,0.7755102040816326,0.5957446808510638
session_m0300_0360,Hour 6,all_torus_15,0.72,0.7224242424242425,0.7272727272727273,0.8,0.64
session_m0360_0420,Hour 7,delta,0.4928774928774929,0.46512789058583953,0.48559670781893005,0.6570397111913358,0.25274725274725274
session_m0360_0420,Hour 7,theta,0.452991452991453,0.431561266451791,0.5217391304347826,0.2430939226519337,0.5298507462686567
session_m0360_0420,Hour 7,alpha,0.31339031339031337,0.28780906852044075,0.2938775510204082,0.4232081911262799,0.14634146341463414
session_m0360_0420,Hour 7,sigma,0.38746438746438744,0.3666171628014396,0.45161290322580644,0.2360248447204969,0.4122137404580153
session_m0360_0420,Hour 7,beta,0.5783475783475783,0.5716318447963734,0.6294820717131474,0.6835443037974683,0.40186915887850466
session_m0360_0420,Hour 7,low_gamma,0.6809116809116809,0.6761789575708962,0.6639344262295082,0.8416666666666667,0.5229357798165137
session_m0360_0420,Hour 7,average_psd,0.5071225071225072,0.48919533625415984,0.5396825396825397,0.6509803921568628,0.27692307692307694
session_m0360_0420,Hour 7,all_band_power,0.7150997150997151,0.7138293741874304,0.6837606837606838,0.8403361344537815,0.6173913043478261
session_m0360_0420,Hour 7,all_torus_15,0.7150997150997151,0.7119479486527541,0.6844444444444444,0.8340080971659919,0.6173913043478261
session_m0420_0480,Hour 8,delta,0.44537815126050423,0.42499557596783416,0.38596491228070173,0.593103448275862,0.29591836734693877
session_m0420_0480,Hour 8,theta,0.4677871148459384,0.4361201377579402,0.546875,0.192090395480226,0.5693950177935944
session_m0420_0480,Hour 8,alpha,0.41456582633053224,0.38317886275698426,0.47191011235955055,0.49469964664310956,0.18292682926829268
session_m0420_0480,Hour 8,sigma,0.39775910364145656,0.3739373521365941,0.4411764705882353,0.21686746987951808,0.463768115942029
session_m0420_0480,Hour 8,beta,0.5742296918767507,0.5597356605640829,0.6840148698884758,0.6090534979423868,0.38613861386138615
session_m0420_0480,Hour 8,low_gamma,0.6498599439775911,0.6467619726529684,0.7054263565891473,0.7304347826086957,0.504424778761062
session_m0420_0480,Hour 8,average_psd,0.4677871148459384,0.45223109847630627,0.5660377358490566,0.5179282868525896,0.2727272727272727
session_m0420_0480,Hour 8,all_band_power,0.7058823529411765,0.706910759922808,0.7428571428571429,0.7272727272727273,0.6506024096385542
session_m0420_0480,Hour 8,all_torus_15,0.7170868347338936,0.7176627022344994,0.7160493827160493,0.7982832618025751,0.6386554621848739
session_m0480_0540,Hour 9,delta,0.49583333333333335,0.48021657057801637,0.3181818181818182,0.6043956043956044,0.5180722891566265
session_m0480_0540,Hour 9,theta,0.5208333333333334,0.515722747669098,0.6463414634146342,0.38620689655172413,0.5146198830409356
session_m0480_0540,Hour 9,alpha,0.4041666666666667,0.355271432582357,0.4717948717948718,0.4919786096256685,0.10204081632653061
session_m0480_0540,Hour 9,sigma,0.3541666666666667,0.2972402371651433,0.045454545454545456,0.43137254901960786,0.4148936170212766
session_m0480_0540,Hour 9,beta,0.5541666666666667,0.5477711324586666,0.6127167630057804,0.6792452830188679,0.35135135135135137
session_m0480_0540,Hour 9,low_gamma,0.7375,0.7391821440208536,0.703030303030303,0.864516129032258,0.65
session_m0480_0540,Hour 9,average_psd,0.5666666666666667,0.5591925589798533,0.5609756097560976,0.686046511627907,0.4305555555555556
session_m0480_0540,Hour 9,all_band_power,0.7708333333333334,0.7723109523867965,0.7466666666666667,0.8535031847133758,0.7167630057803468
session_m0480_0540,Hour 9,all_torus_15,0.7416666666666667,0.7442179433241689,0.7133757961783439,0.864516129032258,0.6547619047619048
session_m0540_0600,Hour 10,delta,0.5148148148148148,0.5055898196041034,0.35365853658536583,0.676923076923077,0.4861878453038674
session_m0540_0600,Hour 10,theta,0.4740740740740741,0.4539516985466636,0.5492227979274611,0.2482758620689655,0.5643564356435643
session_m0540_0600,Hour 10,alpha,0.4111111111111111,0.3652032314004145,0.12612612612612611,0.4694835680751174,0.5
session_m0540_0600,Hour 10,sigma,0.3592592592592593,0.3072444143534191,0.42857142857142855,0.05714285714285714,0.43601895734597157
session_m0540_0600,Hour 10,beta,0.5555555555555556,0.53993281075028,0.61,0.6808510638297872,0.32894736842105265
session_m0540_0600,Hour 10,low_gamma,0.6777777777777778,0.6766738087992406,0.6494845360824743,0.8361581920903954,0.5443786982248521
session_m0540_0600,Hour 10,average_psd,0.4925925925925926,0.48512368102404424,0.5106382978723404,0.6276595744680851,0.3170731707317073
session_m0540_0600,Hour 10,all_band_power,0.7296296296296296,0.7315963562261348,0.6989247311827957,0.8439306358381503,0.6519337016574586
session_m0540_0600,Hour 10,all_torus_15,0.6888888888888889,0.690890711703274,0.6214689265536724,0.8522727272727273,0.5989304812834224
session_m0600_0660,Hour 11,delta,0.4671201814058957,0.44044612234433295,0.25112107623318386,0.6171428571428571,0.45307443365695793
session_m0600_0660,Hour 11,theta,0.5102040816326531,0.49140398098219956,0.5759493670886076,0.32599118942731276,0.5722713864306784
session_m0600_0660,Hour 11,alpha,0.40589569160997735,0.3680506285677188,0.4233128834355828,0.5277777777777778,0.15306122448979592
session_m0600_0660,Hour 11,sigma,0.34467120181405897,0.3306621593901924,0.226890756302521,0.30976430976430974,0.4553314121037464
session_m0600_0660,Hour 11,beta,0.5600907029478458,0.5549371212775673,0.6153846153846154,0.6287625418060201,0.42066420664206644
session_m0600_0660,Hour 11,low_gamma,0.6009070294784581,0.5967589039775927,0.5852090032154341,0.7744107744107744,0.4306569343065693
session_m0600_0660,Hour 11,average_psd,0.4852607709750567,0.46384127320281393,0.5078369905956113,0.6029850746268657,0.2807017543859649
session_m0600_0660,Hour 11,all_band_power,0.6984126984126984,0.6986731651406891,0.6501766784452296,0.7835051546391752,0.6623376623376623
session_m0600_0660,Hour 11,all_torus_15,0.673469387755102,0.6727738453434927,0.6068965517241379,0.8148148148148148,0.5966101694915255
session_m0660_0720,Hour 12,delta,0.4215686274509804,0.4084175084175084,0.2909090909090909,0.5454545454545454,0.3888888888888889
session_m0660_0720,Hour 12,theta,0.5588235294117647,0.5420706054508871,0.6197183098591549,0.35714285714285715,0.6493506493506493
session_m0660_0720,Hour 12,alpha,0.29411764705882354,0.2872640684888872,0.2647058823529412,0.15873015873015872,0.4383561643835616
session_m0660_0720,Hour 12,sigma,0.3431372549019608,0.3282677149954038,0.34782608695652173,0.17543859649122806,0.46153846153846156
session_m0660_0720,Hour 12,beta,0.47058823529411764,0.44915166980034016,0.525,0.547945205479452,0.27450980392156865
session_m0660_0720,Hour 12,low_gamma,0.5980392156862745,0.5884851016429965,0.5789473684210527,0.7222222222222222,0.4642857142857143
session_m0660_0720,Hour 12,average_psd,0.45098039215686275,0.4241960953201263,0.5185185185185185,0.475,0.27906976744186046
session_m0660_0720,Hour 12,all_band_power,0.6078431372549019,0.6047658246300013,0.5757575757575758,0.5806451612903226,0.6578947368421053
session_m0660_0720,Hour 12,all_torus_15,0.5980392156862745,0.597207367795603,0.5151515151515151,0.6764705882352942,0.6
session_m0720_0780,Hour 13,delta,0.4855072463768116,0.46662317869649456,0.27312775330396477,0.6037735849056604,0.5229681978798587
session_m0720_0780,Hour 13,theta,0.4251207729468599,0.38801948233062783,0.5375,0.16216216216216217,0.46439628482972134
session_m0720_0780,Hour 13,alpha,0.3647342995169082,0.34430776688733694,0.3058823529411765,0.48158640226628896,0.24545454545454545
session_m0720_0780,Hour 13,sigma,0.37681159420289856,0.33064896053435583,0.4268292682926829,0.09523809523809523,0.46987951807228917
session_m0720_0780,Hour 13,beta,0.5507246376811594,0.5385399027588006,0.5686274509803921,0.6643835616438356,0.3826086956521739
session_m0720_0780,Hour 13,low_gamma,0.5990338164251208,0.5908808521332983,0.5578231292517006,0.7602739726027398,0.45454545454545453
session_m0720_0780,Hour 13,average_psd,0.4444444444444444,0.4264808728112473,0.47651006711409394,0.5483870967741935,0.2545454545454545
session_m0720_0780,Hour 13,all_band_power,0.6256038647342995,0.6247844005476489,0.5461254612546126,0.7526881720430108,0.5755395683453237
session_m0720_0780,Hour 13,all_torus_15,0.6400966183574879,0.6362351715242434,0.5373134328358209,0.7862068965517242,0.5851851851851851
session_m0840_0900,Hour 15,delta,0.5,0.47601305562470614,0.42718446601941745,0.7008547008547008,0.3
session_m0840_0900,Hour 15,theta,0.4666666666666667,0.4582618639222413,0.5849056603773585,0.3181818181818182,0.4716981132075472
session_m0840_0900,Hour 15,alpha,0.3466666666666667,0.3378787878787879,0.43636363636363634,0.25,0.32727272727272727
session_m0840_0900,Hour 15,sigma,0.5,0.486024486024486,0.5765765765765766,0.358974358974359,0.5225225225225225
session_m0840_0900,Hour 15,beta,0.6733333333333333,0.6739774526162666,0.6792452830188679,0.7916666666666666,0.5510204081632653
session_m0840_0900,Hour 15,low_gamma,0.68,0.6795022412220749,0.6796116504854369,0.8282828282828283,0.5306122448979592
session_m0840_0900,Hour 15,average_psd,0.5466666666666666,0.5348701685910988,0.5961538461538461,0.6363636363636364,0.37209302325581395
session_m0840_0900,Hour 15,all_band_power,0.7733333333333333,0.7740749633186609,0.76,0.8367346938775511,0.7254901960784313
session_m0840_0900,Hour 15,all_torus_15,0.74,0.7416673336001067,0.72,0.8775510204081632,0.6274509803921569
session_m0900_0960,Hour 16,delta,0.4661016949152542,0.4359564108107275,0.4878048780487805,0.607773851590106,0.2122905027932961
session_m0900_0960,Hour 16,theta,0.4322033898305085,0.3988001009475302,0.5287356321839081,0.16766467065868262,0.5
session_m0900_0960,Hour 16,alpha,0.3305084745762712,0.2799686705191362,0.3916083916083916,0.4199288256227758,0.028368794326241134
session_m0900_0960,Hour 16,sigma,0.3700564971751412,0.3468012490015249,0.49146757679180886,0.2,0.34893617021276596
session_m0900_0960,Hour 16,beta,0.5677966101694916,0.5582734511287181,0.6614785992217899,0.6359832635983264,0.37735849056603776
session_m0900_0960,Hour 16,low_gamma,0.6864406779661016,0.6827282010334211,0.6846153846153846,0.8240343347639485,0.5395348837209303
session_m0900_0960,Hour 16,average_psd,0.5706214689265536,0.5632435225869997,0.5991902834008097,0.664,0.4265402843601896
session_m0900_0960,Hour 16,all_band_power,0.7344632768361582,0.733306331650608,0.7419354838709677,0.811965811965812,0.6460176991150443
session_m0900_0960,Hour 16,all_torus_15,0.748587570621469,0.7482185109303753,0.7264957264957265,0.8571428571428571,0.6610169491525424
session_m0960_1020,Hour 17,delta,0.45161290322580644,0.4330101271277742,0.49230769230769234,0.5714285714285714,0.23529411764705882
session_m0960_1020,Hour 17,theta,0.3655913978494624,0.3208720330237358,0.10526315789473684,0.38235294117647056,0.475
session_m0960_1020,Hour 17,alpha,0.3548387096774194,0.32103654743154375,0.2807017543859649,0.5121951219512195,0.1702127659574468
session_m0960_1020,Hour 17,sigma,0.3763440860215054,0.3364734299516908,0.4722222222222222,0.044444444444444446,0.4927536231884058
session_m0960_1020,Hour 17,beta,0.5806451612903226,0.5744370290998372,0.6865671641791045,0.6229508196721312,0.41379310344827586
session_m0960_1020,Hour 17,low_gamma,0.6559139784946236,0.6543793028927788,0.6666666666666666,0.7540983606557377,0.5423728813559322
session_m0960_1020,Hour 17,average_psd,0.5806451612903226,0.5703455964325529,0.5538461538461539,0.6956521739130435,0.46153846153846156
session_m0960_1020,Hour 17,all_band_power,0.6881720430107527,0.6817460317460317,0.7428571428571429,0.7666666666666667,0.5357142857142857
session_m0960_1020,Hour 17,all_torus_15,0.6774193548387096,0.6778128640197606,0.6551724137931034,0.7936507936507936,0.5846153846153846
session_m1020_1080,Hour 18,delta,0.4358974358974359,0.42150837988826817,0.4,0.6145251396648045,0.25
session_m1020_1080,Hour 18,theta,0.3974358974358974,0.38289082039634065,0.47398843930635837,0.24193548387096775,0.4327485380116959
session_m1020_1080,Hour 18,alpha,0.4188034188034188,0.38757097591961015,0.48554913294797686,0.4919786096256685,0.18518518518518517
session_m1020_1080,Hour 18,sigma,0.37606837606837606,0.33133632240775096,0.46938775510204084,0.42045454545454547,0.10416666666666667
session_m1020_1080,Hour 18,beta,0.6153846153846154,0.6094674556213019,0.6745562130177515,0.6923076923076923,0.46153846153846156
session_m1020_1080,Hour 18,low_gamma,0.6837606837606838,0.678396194554364,0.6785714285714286,0.8176100628930818,0.5390070921985816
session_m1020_1080,Hour 18,average_psd,0.49145299145299143,0.47220214117220105,0.5149700598802395,0.6136363636363636,0.288
session_m1020_1080,Hour 18,all_band_power,0.7008547008547008,0.6967563430962934,0.7337278106508875,0.7870967741935484,0.5694444444444444
session_m1020_1080,Hour 18,all_torus_15,0.7264957264957265,0.7219101932659351,0.6993865030674846,0.8466257668711656,0.6197183098591549
session_m1080_1140,Hour 19,delta,0.4406392694063927,0.413819855599531,0.2100456621004566,0.5459770114942529,0.4854368932038835
session_m1080_1140,Hour 19,theta,0.3881278538812785,0.34692141632066537,0.46200607902735563,0.46111111111111114,0.11764705882352941
session_m1080_1140,Hour 19,alpha,0.3835616438356164,0.3323362571917485,0.45454545454545453,0.46153846153846156,0.08092485549132948
session_m1080_1140,Hour 19,sigma,0.3972602739726027,0.3505177032640477,0.1286549707602339,0.4797843665768194,0.4431137724550898
session_m1080_1140,Hour 19,beta,0.4703196347031963,0.46101501453147503,0.30943396226415093,0.670926517571885,0.40268456375838924
session_m1080_1140,Hour 19,low_gamma,0.5525114155251142,0.5392904503182073,0.3178294573643411,0.7935483870967742,0.5064935064935064
session_m1080_1140,Hour 19,average_psd,0.410958904109589,0.4002742669409336,0.32234432234432236,0.5525525525525525,0.32592592592592595
session_m1080_1140,Hour 19,all_band_power,0.6027397260273972,0.5990188238992724,0.4631578947368421,0.8079470198675497,0.5259515570934256
session_m1080_1140,Hour 19,all_torus_15,0.5821917808219178,0.5687984936977183,0.4059040590405904,0.8286604361370716,0.47183098591549294
session_m1140_1200,Hour 20,delta,0.5757575757575758,0.5811204574193193,0.425531914893617,0.6511627906976745,0.6666666666666666
session_m1140_1200,Hour 20,theta,0.4090909090909091,0.38507692932245363,0.43478260869565216,0.17142857142857143,0.5490196078431373
session_m1140_1200,Hour 20,alpha,0.42424242424242425,0.4062308849542892,0.5531914893617021,0.4230769230769231,0.24242424242424243
session_m1140_1200,Hour 20,sigma,0.36363636363636365,0.35250942431793497,0.3829787234042553,0.4583333333333333,0.21621621621621623
session_m1140_1200,Hour 20,beta,0.5606060606060606,0.552065527065527,0.5416666666666666,0.7555555555555555,0.358974358974359
session_m1140_1200,Hour 20,low_gamma,0.6363636363636364,0.6355101401613029,0.5777777777777777,0.8636363636363636,0.46511627906976744
session_m1140_1200,Hour 20,average_psd,0.6060606060606061,0.6062798527914807,0.6511627906976745,0.6222222222222222,0.5454545454545454
session_m1140_1200,Hour 20,all_band_power,0.7424242424242424,0.7455925716795283,0.6363636363636364,0.9047619047619048,0.6956521739130435
session_m1140_1200,Hour 20,all_torus_15,0.5757575757575758,0.5779552790933296,0.42857142857142855,0.8372093023255814,0.46808510638297873
session_m1200_1260,Hour 21,delta,0.5324675324675324,0.506598378040889,0.2644628099173554,0.6390532544378699,0.6162790697674418
session_m1200_1260,Hour 21,theta,0.45454545454545453,0.44099130313032653,0.5365853658536586,0.28346456692913385,0.5029239766081871
session_m1200_1260,Hour 21,alpha,0.39826839826839827,0.35638970348647775,0.45454545454545453,0.4946236559139785,0.12
session_m1200_1260,Hour 21,sigma,0.2857142857142857,0.28544807499933605,0.33783783783783783,0.27906976744186046,0.23943661971830985
session_m1200_1260,Hour 21,beta,0.5541125541125541,0.5439800186572779,0.5964912280701754,0.6415094339622641,0.3939393939393939
session_m1200_1260,Hour 21,low_gamma,0.6363636363636364,0.641451321206924,0.573170731707317,0.8413793103448276,0.5098039215686274
session_m1200_1260,Hour 21,average_psd,0.4675324675324675,0.4555442761437472,0.5421686746987951,0.5365853658536586,0.2878787878787879
session_m1200_1260,Hour 21,all_band_power,0.7229437229437229,0.726080626724813,0.6792452830188679,0.8493150684931506,0.6496815286624203
session_m1200_1260,Hour 21,all_torus_15,0.6796536796536796,0.6825526562135401,0.5974025974025974,0.8590604026845637,0.5911949685534591
session_m1260_1320,Hour 22,delta,0.48043818466353677,0.45111512214646304,0.2445141065830721,0.6076923076923076,0.5011389521640092
session_m1260_1320,Hour 22,theta,0.38028169014084506,0.35123391447618135,0.4893203883495146,0.16611295681063123,0.39826839826839827
session_m1260_1320,Hour 22,alpha,0.3317683881064163,0.31386968267069987,0.4046242774566474,0.3452914798206278,0.19169329073482427
session_m1260_1320,Hour 22,sigma,0.30203442879499215,0.2968555190301498,0.3207126948775056,0.24,0.3298538622129436
session_m1260_1320,Hour 22,beta,0.48982785602503914,0.47437140330974126,0.5010615711252654,0.6387665198237885,0.28328611898017
session_m1260_1320,Hour 22,low_gamma,0.5758998435054773,0.5624505032293463,0.5531914893617021,0.7740492170022372,0.3601108033240997
session_m1260_1320,Hour 22,average_psd,0.4647887323943662,0.44524082716646096,0.47558386411889597,0.5882352941176471,0.2719033232628399
session_m1260_1320,Hour 22,all_band_power,0.6306729264475743,0.6277961623633427,0.5929203539823009,0.7777777777777778,0.5126903553299492
session_m1260_1320,Hour 22,all_torus_15,0.5790297339593115,0.5699358500564339,0.4942263279445728,0.787746170678337,0.42783505154639173
session_m1320_1380,Hour 23,delta,0.46855345911949686,0.4466342137394769,0.26666666666666666,0.5910931174089069,0.48214285714285715
session_m1320_1380,Hour 23,theta,0.39937106918238996,0.35077737940940484,0.4878048780487805,0.07246376811594203,0.49206349206349204
session_m1320_1380,Hour 23,alpha,0.3805031446540881,0.3304454701630291,0.4534412955465587,0.45977011494252873,0.078125
session_m1320_1380,Hour 23,sigma,0.3742138364779874,0.3211700546540292,0.44776119402985076,0.08547008547008547,0.4302788844621514
session_m1320_1380,Hour 23,beta,0.559748427672956,0.5491227057231022,0.5836909871244635,0.6636771300448431,0.4
session_m1320_1380,Hour 23,low_gamma,0.660377358490566,0.6582757361082939,0.6609442060085837,0.7961165048543689,0.5177664974619289
session_m1320_1380,Hour 23,average_psd,0.4779874213836478,0.4666184022293587,0.4649122807017544,0.6255506607929515,0.30939226519337015
session_m1320_1380,Hour 23,all_band_power,0.6635220125786163,0.6638882346709746,0.6132075471698113,0.8056872037914692,0.5727699530516432
session_m1320_1380,Hour 23,all_torus_15,0.6132075471698113,0.612319358151088,0.5504587155963303,0.8301886792452831,0.4563106796116505
session_m1380_1440,Hour 24,delta,0.55,0.5348325160121017,0.34951456310679613,0.6764705882352942,0.5785123966942148
session_m1380_1440,Hour 24,theta,0.4888888888888889,0.4606986682568078,0.5846153846153846,0.2558139534883721,0.5416666666666666
session_m1380_1440,Hour 24,alpha,0.34444444444444444,0.32430571410968684,0.43478260869565216,0.3875968992248062,0.15053763440860216
session_m1380_1440,Hour 24,sigma,0.35555555555555557,0.33539152041731457,0.3464566929133858,0.20454545454545456,0.45517241379310347
session_m1380_1440,Hour 24,beta,0.55,0.5380350269097683,0.6222222222222222,0.6229508196721312,0.36893203883495146
session_m1380_1440,Hour 24,low_gamma,0.5666666666666667,0.5563012256560643,0.5454545454545454,0.7580645161290323,0.36538461538461536
session_m1380_1440,Hour 24,average_psd,0.5222222222222223,0.5032085242458954,0.578125,0.6222222222222222,0.30927835051546393
session_m1380_1440,Hour 24,all_band_power,0.6777777777777778,0.6776484934983292,0.6016260162601627,0.7933884297520661,0.6379310344827587
session_m1380_1440,Hour 24,all_torus_15,0.6333333333333333,0.6354619603501869,0.5619834710743802,0.8034188034188035,0.5409836065573771
