session_id,feature_set,status,accuracy,macro_f1,f1_wake,f1_nrem,f1_rem,wake_count,nrem_count,rem_count
session_m0000_0060,delta,insufficient_classes,,,,,,1800,0,0
session_m0000_0060,theta,insufficient_classes,,,,,,1800,0,0
session_m0000_0060,alpha,insufficient_classes,,,,,,1800,0,0
session_m0000_0060,sigma,insufficient_classes,,,,,,1800,0,0
session_m0000_0060,beta,insufficient_classes,,,,,,1800,0,0
session_m0000_0060,low_gamma,insufficient_classes,,,,,,1800,0,0
session_m0000_0060,all_torus_15,insufficient_classes,,,,,,1800,0,0
session_m0060_0120,delta,insufficient_classes,,,,,,697,1103,0
session_m0060_0120,theta,insufficient_classes,,,,,,697,1103,0
session_m0060_0120,alpha,insufficient_classes,,,,,,697,1103,0
session_m0060_0120,sigma,insufficient_classes,,,,,,697,1103,0
session_m0060_0120,beta,insufficient_classes,,,,,,697,1103,0
session_m0060_0120,low_gamma,insufficient_classes,,,,,,697,1103,0
session_m0060_0120,all_torus_15,insufficient_classes,,,,,,697,1103,0
session_m0120_0180,delta,ok,0.5634920634920635,0.5479055258467023,0.3823529411764705,0.625,0.6363636363636364,620,1138,42
session_m0120_0180,theta,ok,0.5,0.4748960028938325,0.5473684210526316,0.3,0.5773195876288659,620,1138,42
session_m0120_0180,alpha,ok,0.365079365079365,0.3422986254669423,0.4752475247524752,0.2,0.3516483516483517,620,1138,42
session_m0120_0180,sigma,ok,0.3492063492063492,0.3276215247673544,0.1643835616438356,0.2784810126582278,0.54,620,1138,42
session_m0120_0180,beta,ok,0.5396825396825397,0.5341365461847389,0.6153846153846154,0.6024096385542169,0.3846153846153846,620,1138,42
session_m0120_0180,low_gamma,ok,0.5555555555555556,0.5529468109082714,0.4367816091954023,0.8470588235294118,0.375,620,1138,42
session_m0120_0180,all_torus_15,ok,0.6428571428571429,0.6391040106822209,0.5679012345679012,0.7640449438202247,0.5853658536585366,620,1138,42
session_m0180_0240,delta,ok,0.5252525252525253,0.5079843670793975,0.3522012578616352,0.6403508771929824,0.5314009661835749,817,884,99
session_m0180_0240,theta,ok,0.3872053872053872,0.371598122815114,0.5267857142857143,0.2208588957055214,0.3671497584541063,817,884,99
session_m0180_0240,alpha,ok,0.3569023569023569,0.3351126611428275,0.4067796610169492,0.4128440366972477,0.1857142857142857,817,884,99
session_m0180_0240,sigma,ok,0.2895622895622896,0.287486988560806,0.2295081967213114,0.3062200956937799,0.3267326732673267,817,884,99
session_m0180_0240,beta,ok,0.5892255892255892,0.5784843629507844,0.6422018348623854,0.6862745098039216,0.4069767441860465,817,884,99
session_m0180_0240,low_gamma,ok,0.6531986531986532,0.6508676350328532,0.6883720930232559,0.774869109947644,0.4893617021276595,817,884,99
session_m0180_0240,all_torus_15,ok,0.7272727272727273,0.7281687124057518,0.7156862745098039,0.8393782383419689,0.6294416243654822,817,884,99
session_m0240_0300,delta,ok,0.5358974358974359,0.5167653061392184,0.3490566037735849,0.6843853820598007,0.5168539325842697,724,946,130
session_m0240_0300,theta,ok,0.4358974358974359,0.4130431451860023,0.5416666666666666,0.2244897959183673,0.4729729729729729,724,946,130
session_m0240_0300,alpha,ok,0.3538461538461538,0.3453771135893047,0.4459016393442623,0.3056768558951965,0.2845528455284553,724,946,130
session_m0240_0300,sigma,ok,0.3,0.3000410852802591,0.2766798418972332,0.302158273381295,0.321285140562249,724,946,130
session_m0240_0300,beta,ok,0.5743589743589743,0.564536921304806,0.6214285714285714,0.7014925373134329,0.3706896551724138,724,946,130
session_m0240_0300,low_gamma,ok,0.6717948717948717,0.6685290893371504,0.6394052044609665,0.8560606060606061,0.5101214574898786,724,946,130
session_m0240_0300,all_torus_15,ok,0.6717948717948717,0.6676173507825411,0.5859375,0.8814814814814815,0.5354330708661418,724,946,130
session_m0300_0360,delta,ok,0.4266666666666667,0.4005291005291004,0.4444444444444444,0.6071428571428571,0.15,1005,770,25
session_m0300_0360,theta,ok,0.3733333333333333,0.3529130451706899,0.5517241379310345,0.3018867924528302,0.2051282051282051,1005,770,25
session_m0300_0360,alpha,ok,0.2666666666666666,0.2547282478883026,0.4285714285714285,0.196078431372549,0.1395348837209302,1005,770,25
session_m0300_0360,sigma,ok,0.4933333333333333,0.4745420304742338,0.5084745762711864,0.3333333333333333,0.5818181818181818,1005,770,25
session_m0300_0360,beta,ok,0.5733333333333334,0.5677734794756072,0.6909090909090909,0.5957446808510638,0.4166666666666667,1005,770,25
session_m0300_0360,low_gamma,ok,0.7066666666666667,0.701226309921962,0.6923076923076923,0.8461538461538461,0.5652173913043478,1005,770,25
session_m0300_0360,all_torus_15,ok,0.72,0.7224242424242425,0.7272727272727273,0.8,0.64,1005,770,25
session_m0360_0420,delta,ok,0.4928774928774929,0.4651278905858395,0.48559670781893,0.6570397111913358,0.2527472527472527,619,1064,117
session_m0360_0420,theta,ok,0.452991452991453,0.431561266451791,0.5217391304347826,0.2430939226519337,0.5298507462686567,619,1064,117
session_m0360_0420,alpha,ok,0.3133903133903133,0.2878090685204407,0.2938775510204082,0.4232081911262799,0.1463414634146341,619,1064,117
session_m0360_0420,sigma,ok,0.3874643874643874,0.3666171628014396,0.4516129032258064,0.2360248447204969,0.4122137404580153,619,1064,117
session_m0360_0420,beta,ok,0.5783475783475783,0.5716318447963734,0.6294820717131474,0.6835443037974683,0.4018691588785046,619,1064,117
session_m0360_0420,low_gamma,ok,0.6809116809116809,0.6761789575708962,0.6639344262295082,0.8416666666666667,0.5229357798165137,619,1064,117
session_m0360_0420,all_torus_15,ok,0.7150997150997151,0.7119479486527541,0.6844444444444444,0.8340080971659919,0.6173913043478261,619,1064,117
session_m0420_0480,delta,ok,0.4453781512605042,0.4249955759678341,0.3859649122807017,0.593103448275862,0.2959183673469387,792,889,119
session_m0420_0480,theta,ok,0.4677871148459384,0.4361201377579402,0.546875,0.192090395480226,0.5693950177935944,792,889,119
session_m0420_0480,alpha,ok,0.4145658263305322,0.3831788627569842,0.4719101123595505,0.4946996466431095,0.1829268292682926,792,889,119
session_m0420_0480,sigma,ok,0.3977591036414565,0.3739373521365941,0.4411764705882353,0.216867469879518,0.463768115942029,792,889,119
session_m0420_0480,beta,ok,0.5742296918767507,0.5597356605640829,0.6840148698884758,0.6090534979423868,0.3861386138613861,792,889,119
session_m0420_0480,low_gamma,ok,0.6498599439775911,0.6467619726529684,0.7054263565891473,0.7304347826086957,0.504424778761062,792,889,119
session_m0420_0480,all_torus_15,ok,0.7170868347338936,0.7176627022344994,0.7160493827160493,0.7982832618025751,0.6386554621848739,792,889,119
session_m0480_0540,delta,ok,0.4958333333333333,0.4802165705780163,0.3181818181818182,0.6043956043956044,0.5180722891566265,895,825,80
session_m0480_0540,theta,ok,0.5208333333333334,0.515722747669098,0.6463414634146342,0.3862068965517241,0.5146198830409356,895,825,80
session_m0480_0540,alpha,ok,0.4041666666666667,0.355271432582357,0.4717948717948718,0.4919786096256685,0.1020408163265306,895,825,80
session_m0480_0540,sigma,ok,0.3541666666666667,0.2972402371651433,0.0454545454545454,0.4313725490196078,0.4148936170212766,895,825,80
session_m0480_0540,beta,ok,0.5541666666666667,0.5477711324586666,0.6127167630057804,0.6792452830188679,0.3513513513513513,895,825,80
session_m0480_0540,low_gamma,ok,0.7375,0.7391821440208536,0.703030303030303,0.864516129032258,0.65,895,825,80
session_m0480_0540,all_torus_15,ok,0.7416666666666667,0.7442179433241689,0.7133757961783439,0.864516129032258,0.6547619047619048,895,825,80
session_m0540_0600,delta,ok,0.5148148148148148,0.5055898196041034,0.3536585365853658,0.676923076923077,0.4861878453038674,955,755,90
session_m0540_0600,theta,ok,0.4740740740740741,0.4539516985466636,0.5492227979274611,0.2482758620689655,0.5643564356435643,955,755,90
session_m0540_0600,alpha,ok,0.4111111111111111,0.3652032314004145,0.1261261261261261,0.4694835680751174,0.5,955,755,90
session_m0540_0600,sigma,ok,0.3592592592592593,0.3072444143534191,0.4285714285714285,0.0571428571428571,0.4360189573459715,955,755,90
session_m0540_0600,beta,ok,0.5555555555555556,0.53993281075028,0.61,0.6808510638297872,0.3289473684210526,955,755,90
session_m0540_0600,low_gamma,ok,0.6777777777777778,0.6766738087992406,0.6494845360824743,0.8361581920903954,0.5443786982248521,955,755,90
session_m0540_0600,all_torus_15,ok,0.6888888888888889,0.690890711703274,0.6214689265536724,0.8522727272727273,0.5989304812834224,955,755,90
session_m0600_0660,delta,ok,0.4671201814058957,0.4404461223443329,0.2511210762331838,0.6171428571428571,0.4530744336569579,866,787,147
session_m0600_0660,theta,ok,0.5102040816326531,0.4914039809821995,0.5759493670886076,0.3259911894273127,0.5722713864306784,866,787,147
session_m0600_0660,alpha,ok,0.4058956916099773,0.3680506285677188,0.4233128834355828,0.5277777777777778,0.1530612244897959,866,787,147
session_m0600_0660,sigma,ok,0.3446712018140589,0.3306621593901924,0.226890756302521,0.3097643097643097,0.4553314121037464,866,787,147
session_m0600_0660,beta,ok,0.5600907029478458,0.5549371212775673,0.6153846153846154,0.6287625418060201,0.4206642066420664,866,787,147
session_m0600_0660,low_gamma,ok,0.6009070294784581,0.5967589039775927,0.5852090032154341,0.7744107744107744,0.4306569343065693,866,787,147
session_m0600_0660,all_torus_15,ok,0.673469387755102,0.6727738453434927,0.6068965517241379,0.8148148148148148,0.5966101694915255,866,787,147
session_m0660_0720,delta,ok,0.4215686274509804,0.4084175084175084,0.2909090909090909,0.5454545454545454,0.3888888888888889,1109,657,34
session_m0660_0720,theta,ok,0.5588235294117647,0.5420706054508871,0.6197183098591549,0.3571428571428571,0.6493506493506493,1109,657,34
session_m0660_0720,alpha,ok,0.2941176470588235,0.2872640684888872,0.2647058823529412,0.1587301587301587,0.4383561643835616,1109,657,34
session_m0660_0720,sigma,ok,0.3431372549019608,0.3282677149954038,0.3478260869565217,0.175438596491228,0.4615384615384615,1109,657,34
session_m0660_0720,beta,ok,0.4705882352941176,0.4491516698003401,0.525,0.547945205479452,0.2745098039215686,1109,657,34
session_m0660_0720,low_gamma,ok,0.5980392156862745,0.5884851016429965,0.5789473684210527,0.7222222222222222,0.4642857142857143,1109,657,34
session_m0660_0720,all_torus_15,ok,0.5980392156862745,0.597207367795603,0.5151515151515151,0.6764705882352942,0.6,1109,657,34
session_m0720_0780,delta,ok,0.4855072463768116,0.4666231786964945,0.2731277533039647,0.6037735849056604,0.5229681978798587,601,1061,138
session_m0720_0780,theta,ok,0.4251207729468599,0.3880194823306278,0.5375,0.1621621621621621,0.4643962848297213,601,1061,138
session_m0720_0780,alpha,ok,0.3647342995169082,0.3443077668873369,0.3058823529411765,0.4815864022662889,0.2454545454545454,601,1061,138
session_m0720_0780,sigma,ok,0.3768115942028985,0.3306489605343558,0.4268292682926829,0.0952380952380952,0.4698795180722891,601,1061,138
session_m0720_0780,beta,ok,0.5507246376811594,0.5385399027588006,0.5686274509803921,0.6643835616438356,0.3826086956521739,601,1061,138
session_m0720_0780,low_gamma,ok,0.5990338164251208,0.5908808521332983,0.5578231292517006,0.7602739726027398,0.4545454545454545,601,1061,138
session_m0720_0780,all_torus_15,ok,0.6400966183574879,0.6362351715242434,0.5373134328358209,0.7862068965517242,0.5851851851851851,601,1061,138
session_m0780_0840,delta,insufficient_classes,,,,,,1667,133,0
session_m0780_0840,theta,insufficient_classes,,,,,,1667,133,0
session_m0780_0840,alpha,insufficient_classes,,,,,,1667,133,0
session_m0780_0840,sigma,insufficient_classes,,,,,,1667,133,0
session_m0780_0840,beta,insufficient_classes,,,,,,1667,133,0
session_m0780_0840,low_gamma,insufficient_classes,,,,,,1667,133,0
session_m0780_0840,all_torus_15,insufficient_classes,,,,,,1667,133,0
session_m0840_0900,delta,ok,0.5,0.4760130556247061,0.4271844660194174,0.7008547008547008,0.3,1045,705,50
session_m0840_0900,theta,ok,0.4666666666666667,0.4582618639222413,0.5849056603773585,0.3181818181818182,0.4716981132075472,1045,705,50
session_m0840_0900,alpha,ok,0.3466666666666667,0.3378787878787879,0.4363636363636363,0.25,0.3272727272727272,1045,705,50
session_m0840_0900,sigma,ok,0.5,0.486024486024486,0.5765765765765766,0.358974358974359,0.5225225225225225,1045,705,50
session_m0840_0900,beta,ok,0.6733333333333333,0.6739774526162666,0.6792452830188679,0.7916666666666666,0.5510204081632653,1045,705,50
session_m0840_0900,low_gamma,ok,0.68,0.6795022412220749,0.6796116504854369,0.8282828282828283,0.5306122448979592,1045,705,50
session_m0840_0900,all_torus_15,ok,0.74,0.7416673336001067,0.72,0.8775510204081632,0.6274509803921569,1045,705,50
session_m0900_0960,delta,ok,0.4661016949152542,0.4359564108107275,0.4878048780487805,0.607773851590106,0.2122905027932961,711,971,118
session_m0900_0960,theta,ok,0.4322033898305085,0.3988001009475302,0.5287356321839081,0.1676646706586826,0.5,711,971,118
session_m0900_0960,alpha,ok,0.3305084745762712,0.2799686705191362,0.3916083916083916,0.4199288256227758,0.0283687943262411,711,971,118
session_m0900_0960,sigma,ok,0.3700564971751412,0.3468012490015249,0.4914675767918088,0.2,0.3489361702127659,711,971,118
session_m0900_0960,beta,ok,0.5677966101694916,0.5582734511287181,0.6614785992217899,0.6359832635983264,0.3773584905660377,711,971,118
session_m0900_0960,low_gamma,ok,0.6864406779661016,0.6827282010334211,0.6846153846153846,0.8240343347639485,0.5395348837209303,711,971,118
session_m0900_0960,all_torus_15,ok,0.748587570621469,0.7482185109303753,0.7264957264957265,0.8571428571428571,0.6610169491525424,711,971,118
session_m0960_1020,delta,ok,0.4516129032258064,0.4330101271277742,0.4923076923076923,0.5714285714285714,0.2352941176470588,1144,625,31
session_m0960_1020,theta,ok,0.3655913978494624,0.3208720330237358,0.1052631578947368,0.3823529411764705,0.475,1144,625,31
session_m0960_1020,alpha,ok,0.3548387096774194,0.3210365474315437,0.2807017543859649,0.5121951219512195,0.1702127659574468,1144,625,31
session_m0960_1020,sigma,ok,0.3763440860215054,0.3364734299516908,0.4722222222222222,0.0444444444444444,0.4927536231884058,1144,625,31
session_m0960_1020,beta,ok,0.5806451612903226,0.5744370290998372,0.6865671641791045,0.6229508196721312,0.4137931034482758,1144,625,31
session_m0960_1020,low_gamma,ok,0.6559139784946236,0.6543793028927788,0.6666666666666666,0.7540983606557377,0.5423728813559322,1144,625,31
session_m0960_1020,all_torus_15,ok,0.6774193548387096,0.6778128640197606,0.6551724137931034,0.7936507936507936,0.5846153846153846,1144,625,31
session_m1020_1080,delta,ok,0.4358974358974359,0.4215083798882681,0.4,0.6145251396648045,0.25,1047,675,78
session_m1020_1080,theta,ok,0.3974358974358974,0.3828908203963406,0.4739884393063583,0.2419354838709677,0.4327485380116959,1047,675,78
session_m1020_1080,alpha,ok,0.4188034188034188,0.3875709759196101,0.4855491329479768,0.4919786096256685,0.1851851851851851,1047,675,78
session_m1020_1080,sigma,ok,0.376068376068376,0.3313363224077509,0.4693877551020408,0.4204545454545454,0.1041666666666666,1047,675,78
session_m1020_1080,beta,ok,0.6153846153846154,0.6094674556213019,0.6745562130177515,0.6923076923076923,0.4615384615384615,1047,675,78
session_m1020_1080,low_gamma,ok,0.6837606837606838,0.678396194554364,0.6785714285714286,0.8176100628930818,0.5390070921985816,1047,675,78
session_m1020_1080,all_torus_15,ok,0.7264957264957265,0.7219101932659351,0.6993865030674846,0.8466257668711656,0.6197183098591549,1047,675,78
session_m1080_1140,delta,ok,0.4406392694063927,0.413819855599531,0.2100456621004566,0.5459770114942529,0.4854368932038835,548,1106,146
session_m1080_1140,theta,ok,0.3881278538812785,0.3469214163206653,0.4620060790273556,0.4611111111111111,0.1176470588235294,548,1106,146
session_m1080_1140,alpha,ok,0.3835616438356164,0.3323362571917485,0.4545454545454545,0.4615384615384615,0.0809248554913294,548,1106,146
session_m1080_1140,sigma,ok,0.3972602739726027,0.3505177032640477,0.1286549707602339,0.4797843665768194,0.4431137724550898,548,1106,146
session_m1080_1140,beta,ok,0.4703196347031963,0.461015014531475,0.3094339622641509,0.670926517571885,0.4026845637583892,548,1106,146
session_m1080_1140,low_gamma,ok,0.5525114155251142,0.5392904503182073,0.3178294573643411,0.7935483870967742,0.5064935064935064,548,1106,146
session_m1080_1140,all_torus_15,ok,0.5821917808219178,0.5687984936977183,0.4059040590405904,0.8286604361370716,0.4718309859154929,548,1106,146
session_m1140_1200,delta,ok,0.5757575757575758,0.5811204574193193,0.425531914893617,0.6511627906976745,0.6666666666666666,998,780,22
session_m1140_1200,theta,ok,0.4090909090909091,0.3850769293224536,0.4347826086956521,0.1714285714285714,0.5490196078431373,998,780,22
session_m1140_1200,alpha,ok,0.4242424242424242,0.4062308849542892,0.5531914893617021,0.4230769230769231,0.2424242424242424,998,780,22
session_m1140_1200,sigma,ok,0.3636363636363636,0.3525094243179349,0.3829787234042553,0.4583333333333333,0.2162162162162162,998,780,22
session_m1140_1200,beta,ok,0.5606060606060606,0.552065527065527,0.5416666666666666,0.7555555555555555,0.358974358974359,998,780,22
session_m1140_1200,low_gamma,ok,0.6363636363636364,0.6355101401613029,0.5777777777777777,0.8636363636363636,0.4651162790697674,998,780,22
session_m1140_1200,all_torus_15,ok,0.5757575757575758,0.5779552790933296,0.4285714285714285,0.8372093023255814,0.4680851063829787,998,780,22
session_m1200_1260,delta,ok,0.5324675324675324,0.506598378040889,0.2644628099173554,0.6390532544378699,0.6162790697674418,712,1011,77
session_m1200_1260,theta,ok,0.4545454545454545,0.4409913031303265,0.5365853658536586,0.2834645669291338,0.5029239766081871,712,1011,77
session_m1200_1260,alpha,ok,0.3982683982683982,0.3563897034864777,0.4545454545454545,0.4946236559139785,0.12,712,1011,77
session_m1200_1260,sigma,ok,0.2857142857142857,0.285448074999336,0.3378378378378378,0.2790697674418604,0.2394366197183098,712,1011,77
session_m1200_1260,beta,ok,0.5541125541125541,0.5439800186572779,0.5964912280701754,0.6415094339622641,0.3939393939393939,712,1011,77
session_m1200_1260,low_gamma,ok,0.6363636363636364,0.641451321206924,0.573170731707317,0.8413793103448276,0.5098039215686274,712,1011,77
session_m1200_1260,all_torus_15,ok,0.6796536796536796,0.6825526562135401,0.5974025974025974,0.8590604026845637,0.5911949685534591,712,1011,77
session_m1260_1320,delta,ok,0.4804381846635367,0.451115122146463,0.2445141065830721,0.6076923076923076,0.5011389521640092,412,1175,213
session_m1260_1320,theta,ok,0.380281690140845,0.3512339144761813,0.4893203883495146,0.1661129568106312,0.3982683982683982,412,1175,213
session_m1260_1320,alpha,ok,0.3317683881064163,0.3138696826706998,0.4046242774566474,0.3452914798206278,0.1916932907348242,412,1175,213
session_m1260_1320,sigma,ok,0.3020344287949921,0.2968555190301498,0.3207126948775056,0.24,0.3298538622129436,412,1175,213
session_m1260_1320,beta,ok,0.4898278560250391,0.4743714033097412,0.5010615711252654,0.6387665198237885,0.28328611898017,412,1175,213
session_m1260_1320,low_gamma,ok,0.5758998435054773,0.5624505032293463,0.5531914893617021,0.7740492170022372,0.3601108033240997,412,1175,213
session_m1260_1320,all_torus_15,ok,0.5790297339593115,0.5699358500564339,0.4942263279445728,0.787746170678337,0.4278350515463917,412,1175,213
session_m1320_1380,delta,ok,0.4685534591194968,0.4466342137394769,0.2666666666666666,0.5910931174089069,0.4821428571428571,916,778,106
session_m1320_1380,theta,ok,0.3993710691823899,0.3507773794094048,0.4878048780487805,0.072463768115942,0.492063492063492,916,778,106
session_m1320_1380,alpha,ok,0.3805031446540881,0.3304454701630291,0.4534412955465587,0.4597701149425287,0.078125,916,778,106
session_m1320_1380,sigma,ok,0.3742138364779874,0.3211700546540292,0.4477611940298507,0.0854700854700854,0.4302788844621514,916,778,106
session_m1320_1380,beta,ok,0.559748427672956,0.5491227057231022,0.5836909871244635,0.6636771300448431,0.4,916,778,106
session_m1320_1380,low_gamma,ok,0.660377358490566,0.6582757361082939,0.6609442060085837,0.7961165048543689,0.5177664974619289,916,778,106
session_m1320_1380,all_torus_15,ok,0.6132075471698113,0.612319358151088,0.5504587155963303,0.8301886792452831,0.4563106796116505,916,778,106
session_m1380_1440,delta,ok,0.55,0.5348325160121017,0.3495145631067961,0.6764705882352942,0.5785123966942148,626,1114,60
session_m1380_1440,theta,ok,0.4888888888888889,0.4606986682568078,0.5846153846153846,0.2558139534883721,0.5416666666666666,626,1114,60
session_m1380_1440,alpha,ok,0.3444444444444444,0.3243057141096868,0.4347826086956521,0.3875968992248062,0.1505376344086021,626,1114,60
session_m1380_1440,sigma,ok,0.3555555555555555,0.3353915204173145,0.3464566929133858,0.2045454545454545,0.4551724137931034,626,1114,60
session_m1380_1440,beta,ok,0.55,0.5380350269097683,0.6222222222222222,0.6229508196721312,0.3689320388349514,626,1114,60
session_m1380_1440,low_gamma,ok,0.5666666666666667,0.5563012256560643,0.5454545454545454,0.7580645161290323,0.3653846153846153,626,1114,60
session_m1380_1440,all_torus_15,ok,0.6333333333333333,0.6354619603501869,0.5619834710743802,0.8034188034188035,0.5409836065573771,626,1114,60
